2026-07-28 08:40:30,551 | INFO | SELECT DATABASE()
2026-07-28 08:40:30,552 | INFO | [raw sql] {}
2026-07-28 08:40:30,553 | INFO | SELECT @@sql_mode
2026-07-28 08:40:30,553 | INFO | [raw sql] {}
2026-07-28 08:40:30,554 | INFO | SELECT @@lower_case_table_names
2026-07-28 08:40:30,555 | INFO | [raw sql] {}
2026-07-28 08:40:30,556 | INFO | BEGIN (implicit)
2026-07-28 08:40:30,557 | INFO | DESCRIBE `zomato_notes`.`users`
2026-07-28 08:40:30,558 | INFO | [raw sql] {}
2026-07-28 08:40:30,565 | INFO | DESCRIBE `zomato_notes`.`notes`
2026-07-28 08:40:30,565 | INFO | [raw sql] {}
2026-07-28 08:40:30,569 | INFO | COMMIT
2026-07-28 08:41:40,451 | INFO | SELECT DATABASE()
2026-07-28 08:41:40,452 | INFO | [raw sql] {}
2026-07-28 08:41:40,454 | INFO | SELECT @@sql_mode
2026-07-28 08:41:40,456 | INFO | [raw sql] {}
2026-07-28 08:41:40,457 | INFO | SELECT @@lower_case_table_names
2026-07-28 08:41:40,457 | INFO | [raw sql] {}
2026-07-28 08:41:40,459 | INFO | BEGIN (implicit)
2026-07-28 08:41:40,460 | INFO | DESCRIBE `zomato_notes`.`users`
2026-07-28 08:41:40,460 | INFO | [raw sql] {}
2026-07-28 08:41:40,470 | INFO | DESCRIBE `zomato_notes`.`notes`
2026-07-28 08:41:40,470 | INFO | [raw sql] {}
2026-07-28 08:41:40,473 | INFO | COMMIT
2026-07-28 08:43:34,486 | INFO | SELECT DATABASE()
2026-07-28 08:43:34,487 | INFO | [raw sql] {}
2026-07-28 08:43:34,488 | INFO | SELECT @@sql_mode
2026-07-28 08:43:34,489 | INFO | [raw sql] {}
2026-07-28 08:43:34,490 | INFO | SELECT @@lower_case_table_names
2026-07-28 08:43:34,490 | INFO | [raw sql] {}
2026-07-28 08:43:34,491 | INFO | BEGIN (implicit)
2026-07-28 08:43:34,492 | INFO | DESCRIBE `zomato_notes`.`users`
2026-07-28 08:43:34,492 | INFO | [raw sql] {}
2026-07-28 08:43:34,506 | INFO | DESCRIBE `zomato_notes`.`notes`
2026-07-28 08:43:34,507 | INFO | [raw sql] {}
2026-07-28 08:43:34,511 | INFO | COMMIT
2026-07-28 08:43:58,744 | INFO | SELECT DATABASE()
2026-07-28 08:43:58,744 | INFO | [raw sql] {}
2026-07-28 08:43:58,746 | INFO | SELECT @@sql_mode
2026-07-28 08:43:58,746 | INFO | [raw sql] {}
2026-07-28 08:43:58,747 | INFO | SELECT @@lower_case_table_names
2026-07-28 08:43:58,747 | INFO | [raw sql] {}
2026-07-28 08:43:58,749 | INFO | BEGIN (implicit)
2026-07-28 08:43:58,749 | INFO | DESCRIBE `zomato_notes`.`users`
2026-07-28 08:43:58,750 | INFO | [raw sql] {}
2026-07-28 08:43:58,755 | INFO | DESCRIBE `zomato_notes`.`notes`
2026-07-28 08:43:58,756 | INFO | [raw sql] {}
2026-07-28 08:43:58,759 | INFO | COMMIT
2026-07-28 08:44:08,681 | INFO | BEGIN (implicit)
2026-07-28 08:44:08,686 | INFO | SELECT users.id AS users_id, users.name AS users_name, users.email AS users_email, users.password AS users_password, users.created_at AS users_created_at 
FROM users 
WHERE users.email = %(email_1)s 
 LIMIT %(param_1)s
2026-07-28 08:44:08,687 | INFO | [generated in 0.00071s] {'email_1': 'manish5@example.com', 'param_1': 1}
2026-07-28 08:44:09,040 | INFO | ROLLBACK
2026-07-28 08:46:01,991 | INFO | SELECT DATABASE()
2026-07-28 08:46:01,992 | INFO | [raw sql] {}
2026-07-28 08:46:01,994 | INFO | SELECT @@sql_mode
2026-07-28 08:46:01,994 | INFO | [raw sql] {}
2026-07-28 08:46:01,995 | INFO | SELECT @@lower_case_table_names
2026-07-28 08:46:01,995 | INFO | [raw sql] {}
2026-07-28 08:46:01,997 | INFO | BEGIN (implicit)
2026-07-28 08:46:01,998 | INFO | DESCRIBE `zomato_notes`.`users`
2026-07-28 08:46:02,000 | INFO | [raw sql] {}
2026-07-28 08:46:02,009 | INFO | DESCRIBE `zomato_notes`.`notes`
2026-07-28 08:46:02,009 | INFO | [raw sql] {}
2026-07-28 08:46:02,012 | INFO | COMMIT
2026-07-28 08:47:55,173 | INFO | SELECT DATABASE()
2026-07-28 08:47:55,173 | INFO | [raw sql] {}
2026-07-28 08:47:55,175 | INFO | SELECT @@sql_mode
2026-07-28 08:47:55,175 | INFO | [raw sql] {}
2026-07-28 08:47:55,176 | INFO | SELECT @@lower_case_table_names
2026-07-28 08:47:55,176 | INFO | [raw sql] {}
2026-07-28 08:47:55,177 | INFO | BEGIN (implicit)
2026-07-28 08:47:55,178 | INFO | DESCRIBE `zomato_notes`.`users`
2026-07-28 08:47:55,178 | INFO | [raw sql] {}
2026-07-28 08:47:55,186 | INFO | DESCRIBE `zomato_notes`.`notes`
2026-07-28 08:47:55,186 | INFO | [raw sql] {}
2026-07-28 08:47:55,190 | INFO | COMMIT
2026-07-28 08:48:23,666 | INFO | SELECT DATABASE()
2026-07-28 08:48:23,667 | INFO | [raw sql] {}
2026-07-28 08:48:23,668 | INFO | SELECT @@sql_mode
2026-07-28 08:48:23,669 | INFO | [raw sql] {}
2026-07-28 08:48:23,669 | INFO | SELECT @@lower_case_table_names
2026-07-28 08:48:23,670 | INFO | [raw sql] {}
2026-07-28 08:48:23,671 | INFO | BEGIN (implicit)
2026-07-28 08:48:23,672 | INFO | DESCRIBE `zomato_notes`.`users`
2026-07-28 08:48:23,672 | INFO | [raw sql] {}
2026-07-28 08:48:23,677 | INFO | DESCRIBE `zomato_notes`.`notes`
2026-07-28 08:48:23,677 | INFO | [raw sql] {}
2026-07-28 08:48:23,680 | INFO | COMMIT
2026-07-28 08:48:57,544 | INFO | GET /docs Status=200 Time=1.04ms
2026-07-28 08:48:57,963 | INFO | GET /openapi.json Status=200 Time=200.64ms
2026-07-28 08:49:06,756 | INFO | BEGIN (implicit)
2026-07-28 08:49:06,761 | INFO | SELECT users.id AS users_id, users.name AS users_name, users.email AS users_email, users.password AS users_password, users.created_at AS users_created_at 
FROM users 
WHERE users.email = %(email_1)s 
 LIMIT %(param_1)s
2026-07-28 08:49:06,762 | INFO | [generated in 0.00064s] {'email_1': 'manish5@example.com', 'param_1': 1}
2026-07-28 08:49:07,556 | INFO | POST /login Status=200 Time=814.95ms
2026-07-28 08:49:07,558 | INFO | ROLLBACK
2026-07-28 08:49:49,492 | INFO | BEGIN (implicit)
2026-07-28 08:49:49,513 | INFO | SELECT users.id AS users_id, users.name AS users_name, users.email AS users_email, users.password AS users_password, users.created_at AS users_created_at 
FROM users 
WHERE users.email = %(email_1)s 
 LIMIT %(param_1)s
2026-07-28 08:49:49,514 | INFO | [cached since 42.75s ago] {'email_1': 'manish5@example.com', 'param_1': 1}
2026-07-28 08:49:49,519 | INFO | SELECT notes.id AS notes_id, notes.title AS notes_title, notes.content AS notes_content, notes.tag AS notes_tag, notes.owner_id AS notes_owner_id, notes.created_at AS notes_created_at 
FROM notes 
WHERE notes.owner_id = %(owner_id_1)s
2026-07-28 08:49:49,521 | INFO | [generated in 0.00248s] {'owner_id_1': 3}
2026-07-28 08:49:49,633 | INFO | POST /notes/semantic-search Status=200 Time=144.98ms
2026-07-28 08:49:49,634 | INFO | ROLLBACK
2026-07-28 08:50:22,261 | INFO | BEGIN (implicit)
2026-07-28 08:50:22,262 | INFO | SELECT users.id AS users_id, users.name AS users_name, users.email AS users_email, users.password AS users_password, users.created_at AS users_created_at 
FROM users 
WHERE users.email = %(email_1)s 
 LIMIT %(param_1)s
2026-07-28 08:50:22,262 | INFO | [cached since 75.5s ago] {'email_1': 'manish5@example.com', 'param_1': 1}
2026-07-28 08:50:22,265 | INFO | SELECT notes.id AS notes_id, notes.title AS notes_title, notes.content AS notes_content, notes.tag AS notes_tag, notes.owner_id AS notes_owner_id, notes.created_at AS notes_created_at 
FROM notes 
WHERE notes.owner_id = %(owner_id_1)s
2026-07-28 08:50:22,265 | INFO | [cached since 32.75s ago] {'owner_id_1': 3}
2026-07-28 08:50:22,329 | INFO | POST /notes/semantic-search Status=200 Time=70.43ms
2026-07-28 08:50:22,330 | INFO | ROLLBACK
2026-07-28 09:13:48,894 | INFO | SELECT DATABASE()
2026-07-28 09:13:48,894 | INFO | [raw sql] {}
2026-07-28 09:13:48,896 | INFO | SELECT @@sql_mode
2026-07-28 09:13:48,896 | INFO | [raw sql] {}
2026-07-28 09:13:48,897 | INFO | SELECT @@lower_case_table_names
2026-07-28 09:13:48,897 | INFO | [raw sql] {}
2026-07-28 09:13:48,899 | INFO | BEGIN (implicit)
2026-07-28 09:13:48,900 | INFO | DESCRIBE `zomato_notes`.`users`
2026-07-28 09:13:48,900 | INFO | [raw sql] {}
2026-07-28 09:13:48,907 | INFO | DESCRIBE `zomato_notes`.`notes`
2026-07-28 09:13:48,907 | INFO | [raw sql] {}
2026-07-28 09:13:48,909 | INFO | COMMIT
2026-07-28 09:14:12,283 | INFO | SELECT DATABASE()
2026-07-28 09:14:12,283 | INFO | [raw sql] {}
2026-07-28 09:14:12,285 | INFO | SELECT @@sql_mode
2026-07-28 09:14:12,285 | INFO | [raw sql] {}
2026-07-28 09:14:12,286 | INFO | SELECT @@lower_case_table_names
2026-07-28 09:14:12,287 | INFO | [raw sql] {}
2026-07-28 09:14:12,290 | INFO | BEGIN (implicit)
2026-07-28 09:14:12,291 | INFO | DESCRIBE `zomato_notes`.`users`
2026-07-28 09:14:12,292 | INFO | [raw sql] {}
2026-07-28 09:14:12,299 | INFO | DESCRIBE `zomato_notes`.`notes`
2026-07-28 09:14:12,300 | INFO | [raw sql] {}
2026-07-28 09:14:12,302 | INFO | COMMIT
2026-07-28 09:14:12,386 | INFO | GET /docs Status=200 Time=0.44ms
2026-07-28 09:14:13,073 | INFO | GET /openapi.json Status=200 Time=180.34ms
2026-07-28 09:14:16,625 | INFO | BEGIN (implicit)
2026-07-28 09:14:16,629 | INFO | SELECT users.id AS users_id, users.name AS users_name, users.email AS users_email, users.password AS users_password, users.created_at AS users_created_at 
FROM users 
WHERE users.email = %(email_1)s 
 LIMIT %(param_1)s
2026-07-28 09:14:16,629 | INFO | [generated in 0.00052s] {'email_1': 'manish5@example.com', 'param_1': 1}
2026-07-28 09:14:16,987 | INFO | POST /login Status=200 Time=373.55ms
2026-07-28 09:14:16,988 | INFO | ROLLBACK
2026-07-28 09:14:23,294 | INFO | GET /health Status=200 Time=1.59ms
2026-07-28 09:15:31,914 | INFO | SELECT DATABASE()
2026-07-28 09:15:31,915 | INFO | [raw sql] {}
2026-07-28 09:15:31,916 | INFO | SELECT @@sql_mode
2026-07-28 09:15:31,917 | INFO | [raw sql] {}
2026-07-28 09:15:31,917 | INFO | SELECT @@lower_case_table_names
2026-07-28 09:15:31,918 | INFO | [raw sql] {}
2026-07-28 09:15:31,919 | INFO | BEGIN (implicit)
2026-07-28 09:15:31,920 | INFO | DESCRIBE `zomato_notes`.`users`
2026-07-28 09:15:31,920 | INFO | [raw sql] {}
2026-07-28 09:15:31,926 | INFO | DESCRIBE `zomato_notes`.`notes`
2026-07-28 09:15:31,926 | INFO | [raw sql] {}
2026-07-28 09:15:31,929 | INFO | COMMIT
2026-07-28 09:16:48,320 | INFO | SELECT DATABASE()
2026-07-28 09:16:48,322 | INFO | [raw sql] {}
2026-07-28 09:16:48,347 | INFO | SELECT @@sql_mode
2026-07-28 09:16:48,348 | INFO | [raw sql] {}
2026-07-28 09:16:48,349 | INFO | SELECT @@lower_case_table_names
2026-07-28 09:16:48,353 | INFO | [raw sql] {}
2026-07-28 09:16:48,355 | INFO | BEGIN (implicit)
2026-07-28 09:16:48,356 | INFO | DESCRIBE `zomato_notes`.`users`
2026-07-28 09:16:48,356 | INFO | [raw sql] {}
2026-07-28 09:16:48,362 | INFO | DESCRIBE `zomato_notes`.`notes`
2026-07-28 09:16:48,364 | INFO | [raw sql] {}
2026-07-28 09:16:48,388 | INFO | COMMIT
2026-07-28 09:17:13,564 | INFO | SELECT DATABASE()
2026-07-28 09:17:13,564 | INFO | [raw sql] {}
2026-07-28 09:17:13,566 | INFO | SELECT @@sql_mode
2026-07-28 09:17:13,566 | INFO | [raw sql] {}
2026-07-28 09:17:13,567 | INFO | SELECT @@lower_case_table_names
2026-07-28 09:17:13,568 | INFO | [raw sql] {}
2026-07-28 09:17:13,570 | INFO | BEGIN (implicit)
2026-07-28 09:17:13,571 | INFO | DESCRIBE `zomato_notes`.`users`
2026-07-28 09:17:13,572 | INFO | [raw sql] {}
2026-07-28 09:17:13,584 | INFO | DESCRIBE `zomato_notes`.`notes`
2026-07-28 09:17:13,584 | INFO | [raw sql] {}
2026-07-28 09:17:13,587 | INFO | COMMIT
2026-07-28 09:17:51,121 | INFO | SELECT DATABASE()
2026-07-28 09:17:51,122 | INFO | [raw sql] {}
2026-07-28 09:17:51,124 | INFO | SELECT @@sql_mode
2026-07-28 09:17:51,124 | INFO | [raw sql] {}
2026-07-28 09:17:51,125 | INFO | SELECT @@lower_case_table_names
2026-07-28 09:17:51,126 | INFO | [raw sql] {}
2026-07-28 09:17:51,127 | INFO | BEGIN (implicit)
2026-07-28 09:17:51,128 | INFO | DESCRIBE `zomato_notes`.`users`
2026-07-28 09:17:51,128 | INFO | [raw sql] {}
2026-07-28 09:17:51,135 | INFO | DESCRIBE `zomato_notes`.`notes`
2026-07-28 09:17:51,135 | INFO | [raw sql] {}
2026-07-28 09:17:51,139 | INFO | COMMIT
2026-07-28 09:19:25,165 | INFO | SELECT DATABASE()
2026-07-28 09:19:25,166 | INFO | [raw sql] {}
2026-07-28 09:19:25,168 | INFO | SELECT @@sql_mode
2026-07-28 09:19:25,169 | INFO | [raw sql] {}
2026-07-28 09:19:25,170 | INFO | SELECT @@lower_case_table_names
2026-07-28 09:19:25,171 | INFO | [raw sql] {}
2026-07-28 09:19:25,174 | INFO | BEGIN (implicit)
2026-07-28 09:19:25,174 | INFO | DESCRIBE `zomato_notes`.`users`
2026-07-28 09:19:25,175 | INFO | [raw sql] {}
2026-07-28 09:19:25,180 | INFO | DESCRIBE `zomato_notes`.`notes`
2026-07-28 09:19:25,181 | INFO | [raw sql] {}
2026-07-28 09:19:25,188 | INFO | COMMIT
2026-07-28 09:19:49,553 | INFO | SELECT DATABASE()
2026-07-28 09:19:49,553 | INFO | [raw sql] {}
2026-07-28 09:19:49,555 | INFO | SELECT @@sql_mode
2026-07-28 09:19:49,555 | INFO | [raw sql] {}
2026-07-28 09:19:49,556 | INFO | SELECT @@lower_case_table_names
2026-07-28 09:19:49,557 | INFO | [raw sql] {}
2026-07-28 09:19:49,558 | INFO | BEGIN (implicit)
2026-07-28 09:19:49,559 | INFO | DESCRIBE `zomato_notes`.`users`
2026-07-28 09:19:49,559 | INFO | [raw sql] {}
2026-07-28 09:19:49,563 | INFO | DESCRIBE `zomato_notes`.`notes`
2026-07-28 09:19:49,563 | INFO | [raw sql] {}
2026-07-28 09:19:49,567 | INFO | COMMIT
2026-07-28 09:22:27,071 | INFO | SELECT DATABASE()
2026-07-28 09:22:27,071 | INFO | [raw sql] {}
2026-07-28 09:22:27,072 | INFO | SELECT @@sql_mode
2026-07-28 09:22:27,073 | INFO | [raw sql] {}
2026-07-28 09:22:27,074 | INFO | SELECT @@lower_case_table_names
2026-07-28 09:22:27,074 | INFO | [raw sql] {}
2026-07-28 09:22:27,076 | INFO | BEGIN (implicit)
2026-07-28 09:22:27,076 | INFO | DESCRIBE `zomato_notes`.`users`
2026-07-28 09:22:27,076 | INFO | [raw sql] {}
2026-07-28 09:22:27,080 | INFO | DESCRIBE `zomato_notes`.`notes`
2026-07-28 09:22:27,080 | INFO | [raw sql] {}
2026-07-28 09:22:27,082 | INFO | COMMIT
2026-07-28 12:53:19,117 | INFO | SELECT DATABASE()
2026-07-28 12:53:19,118 | INFO | [raw sql] {}
2026-07-28 12:53:19,121 | INFO | SELECT @@sql_mode
2026-07-28 12:53:19,122 | INFO | [raw sql] {}
2026-07-28 12:53:19,123 | INFO | SELECT @@lower_case_table_names
2026-07-28 12:53:19,124 | INFO | [raw sql] {}
2026-07-28 12:53:19,126 | INFO | BEGIN (implicit)
2026-07-28 12:53:19,127 | INFO | DESCRIBE `zomato_notes`.`users`
2026-07-28 12:53:19,127 | INFO | [raw sql] {}
2026-07-28 12:53:19,143 | INFO | DESCRIBE `zomato_notes`.`notes`
2026-07-28 12:53:19,144 | INFO | [raw sql] {}
2026-07-28 12:53:19,148 | INFO | COMMIT
2026-07-28 12:53:19,369 | INFO | GET /docs Status=200 Time=1.88ms
2026-07-28 12:53:19,838 | INFO | GET /openapi.json Status=200 Time=141.32ms
2026-07-28 12:53:29,770 | INFO | BEGIN (implicit)
2026-07-28 12:53:29,774 | INFO | SELECT users.id AS users_id, users.name AS users_name, users.email AS users_email, users.password AS users_password, users.created_at AS users_created_at 
FROM users 
WHERE users.email = %(email_1)s 
 LIMIT %(param_1)s
2026-07-28 12:53:29,774 | INFO | [generated in 0.00057s] {'email_1': 'manish5@example.com', 'param_1': 1}
2026-07-28 12:53:30,161 | INFO | POST /login Status=200 Time=408.91ms
2026-07-28 12:53:30,162 | INFO | ROLLBACK
2026-07-28 12:54:04,687 | INFO | OPTIONS /users Status=400 Time=0.31ms
2026-07-28 12:54:38,807 | INFO | OPTIONS /users Status=400 Time=0.26ms
2026-07-28 12:57:01,939 | INFO | SELECT DATABASE()
2026-07-28 12:57:01,940 | INFO | [raw sql] {}
2026-07-28 12:57:01,941 | INFO | SELECT @@sql_mode
2026-07-28 12:57:01,941 | INFO | [raw sql] {}
2026-07-28 12:57:01,942 | INFO | SELECT @@lower_case_table_names
2026-07-28 12:57:01,943 | INFO | [raw sql] {}
2026-07-28 12:57:01,944 | INFO | BEGIN (implicit)
2026-07-28 12:57:01,945 | INFO | DESCRIBE `zomato_notes`.`users`
2026-07-28 12:57:01,945 | INFO | [raw sql] {}
2026-07-28 12:57:01,956 | INFO | DESCRIBE `zomato_notes`.`notes`
2026-07-28 12:57:01,956 | INFO | [raw sql] {}
2026-07-28 12:57:01,958 | INFO | COMMIT
2026-07-28 12:57:24,620 | INFO | SELECT DATABASE()
2026-07-28 12:57:24,621 | INFO | [raw sql] {}
2026-07-28 12:57:24,622 | INFO | SELECT @@sql_mode
2026-07-28 12:57:24,623 | INFO | [raw sql] {}
2026-07-28 12:57:24,624 | INFO | SELECT @@lower_case_table_names
2026-07-28 12:57:24,624 | INFO | [raw sql] {}
2026-07-28 12:57:24,626 | INFO | BEGIN (implicit)
2026-07-28 12:57:24,626 | INFO | DESCRIBE `zomato_notes`.`users`
2026-07-28 12:57:24,627 | INFO | [raw sql] {}
2026-07-28 12:57:24,638 | INFO | DESCRIBE `zomato_notes`.`notes`
2026-07-28 12:57:24,638 | INFO | [raw sql] {}
2026-07-28 12:57:24,642 | INFO | COMMIT
2026-07-28 12:57:24,731 | INFO | GET /docs Status=200 Time=0.42ms
2026-07-28 12:57:24,976 | INFO | GET /openapi.json Status=200 Time=120.41ms
2026-07-28 12:58:27,839 | INFO | OPTIONS /users Status=200 Time=0.32ms
2026-07-28 12:58:27,861 | INFO | BEGIN (implicit)
2026-07-28 12:58:27,864 | INFO | SELECT users.id AS users_id, users.name AS users_name, users.email AS users_email, users.password AS users_password, users.created_at AS users_created_at 
FROM users 
WHERE users.email = %(email_1)s 
 LIMIT %(param_1)s
2026-07-28 12:58:27,865 | INFO | [generated in 0.00078s] {'email_1': 'mkevatraj@gmail.com', 'param_1': 1}
2026-07-28 12:58:28,193 | INFO | INSERT INTO users (name, email, password) VALUES (%(name)s, %(email)s, %(password)s)
2026-07-28 12:58:28,193 | INFO | [generated in 0.00042s] {'name': 'Manish Kevat', 'email': 'mkevatraj@gmail.com', 'password': '$2b$12$BpDkbl/DwAl46zPiO.jAVuOXtrX0G.LwGKT4c.Uei7fQaPt4V9QJC'}
2026-07-28 12:58:28,236 | INFO | COMMIT
2026-07-28 12:58:28,247 | INFO | BEGIN (implicit)
2026-07-28 12:58:28,250 | INFO | SELECT users.id, users.name, users.email, users.password, users.created_at 
FROM users 
WHERE users.id = %(pk_1)s
2026-07-28 12:58:28,250 | INFO | [generated in 0.00046s] {'pk_1': 4}
2026-07-28 12:58:28,259 | INFO | POST /users Status=200 Time=417.54ms
2026-07-28 12:58:28,261 | INFO | ROLLBACK
2026-07-28 12:58:38,836 | INFO | BEGIN (implicit)
2026-07-28 12:58:38,837 | INFO | SELECT users.id AS users_id, users.name AS users_name, users.email AS users_email, users.password AS users_password, users.created_at AS users_created_at 
FROM users 
WHERE users.email = %(email_1)s 
 LIMIT %(param_1)s
2026-07-28 12:58:38,837 | INFO | [cached since 10.97s ago] {'email_1': 'mkevatraj@gmail.com', 'param_1': 1}
2026-07-28 12:58:39,181 | INFO | POST /login Status=200 Time=350.01ms
2026-07-28 12:58:39,183 | INFO | ROLLBACK
2026-07-28 12:59:24,009 | INFO | OPTIONS /notes Status=200 Time=0.4ms
2026-07-28 12:59:24,016 | INFO | BEGIN (implicit)
2026-07-28 12:59:24,017 | INFO | SELECT users.id AS users_id, users.name AS users_name, users.email AS users_email, users.password AS users_password, users.created_at AS users_created_at 
FROM users 
WHERE users.email = %(email_1)s 
 LIMIT %(param_1)s
2026-07-28 12:59:24,017 | INFO | [cached since 56.15s ago] {'email_1': 'mkevatraj@gmail.com', 'param_1': 1}
2026-07-28 12:59:24,023 | INFO | INSERT INTO notes (title, content, tag, owner_id) VALUES (%(title)s, %(content)s, %(tag)s, %(owner_id)s)
2026-07-28 12:59:24,023 | INFO | [generated in 0.00051s] {'title': 'Python', 'content': 'Welcome to python ', 'tag': 'Programing', 'owner_id': 4}
2026-07-28 12:59:24,037 | INFO | COMMIT
2026-07-28 12:59:24,043 | INFO | BEGIN (implicit)
2026-07-28 12:59:24,045 | INFO | SELECT notes.id, notes.title, notes.content, notes.tag, notes.owner_id, notes.created_at 
FROM notes 
WHERE notes.id = %(pk_1)s
2026-07-28 12:59:24,045 | INFO | [generated in 0.00043s] {'pk_1': 8}
2026-07-28 12:59:24,051 | INFO | POST /notes Status=200 Time=39.27ms
2026-07-28 12:59:26,055 | INFO | Background indexing completed for Note ID 8
2026-07-28 12:59:26,056 | INFO | ROLLBACK
2026-07-28 13:04:20,736 | INFO | BEGIN (implicit)
2026-07-28 13:04:21,281 | INFO | SELECT users.id AS users_id, users.name AS users_name, users.email AS users_email, users.password AS users_password, users.created_at AS users_created_at 
FROM users 
WHERE users.email = %(email_1)s 
 LIMIT %(param_1)s
2026-07-28 13:04:21,497 | INFO | [cached since 353.6s ago] {'email_1': 'mkevatraj@gmail.com', 'param_1': 1}
2026-07-28 13:04:21,909 | INFO | SELECT notes.id AS notes_id, notes.title AS notes_title, notes.content AS notes_content, notes.tag AS notes_tag, notes.owner_id AS notes_owner_id, notes.created_at AS notes_created_at 
FROM notes 
WHERE notes.owner_id = %(owner_id_1)s 
 LIMIT %(param_1)s, %(param_2)s
2026-07-28 13:04:22,064 | INFO | [generated in 0.15727s] {'owner_id_1': 4, 'param_1': 0, 'param_2': 10}
2026-07-28 13:04:22,099 | INFO | GET /notes Status=200 Time=1443.17ms
2026-07-28 13:04:22,132 | INFO | ROLLBACK
2026-07-28 13:04:59,393 | INFO | BEGIN (implicit)
2026-07-28 13:04:59,394 | INFO | SELECT users.id AS users_id, users.name AS users_name, users.email AS users_email, users.password AS users_password, users.created_at AS users_created_at 
FROM users 
WHERE users.email = %(email_1)s 
 LIMIT %(param_1)s
2026-07-28 13:04:59,394 | INFO | [cached since 391.5s ago] {'email_1': 'mkevatraj@gmail.com', 'param_1': 1}
2026-07-28 13:04:59,399 | INFO | SELECT notes.id AS notes_id, notes.title AS notes_title, notes.content AS notes_content, notes.tag AS notes_tag, notes.owner_id AS notes_owner_id, notes.created_at AS notes_created_at 
FROM notes 
WHERE notes.owner_id = %(owner_id_1)s 
 LIMIT %(param_1)s, %(param_2)s
2026-07-28 13:04:59,401 | INFO | [cached since 37.49s ago] {'owner_id_1': 4, 'param_1': 0, 'param_2': 10}
2026-07-28 13:04:59,405 | INFO | GET /notes Status=200 Time=14.22ms
2026-07-28 13:04:59,406 | INFO | ROLLBACK
2026-07-28 13:07:01,447 | INFO | BEGIN (implicit)
2026-07-28 13:07:01,447 | INFO | SELECT users.id AS users_id, users.name AS users_name, users.email AS users_email, users.password AS users_password, users.created_at AS users_created_at 
FROM users 
WHERE users.email = %(email_1)s 
 LIMIT %(param_1)s
2026-07-28 13:07:01,448 | INFO | [cached since 513.6s ago] {'email_1': 'mkevatraj@gmail.com', 'param_1': 1}
2026-07-28 13:07:01,451 | INFO | SELECT notes.id AS notes_id, notes.title AS notes_title, notes.content AS notes_content, notes.tag AS notes_tag, notes.owner_id AS notes_owner_id, notes.created_at AS notes_created_at 
FROM notes 
WHERE notes.owner_id = %(owner_id_1)s 
 LIMIT %(param_1)s, %(param_2)s
2026-07-28 13:07:01,452 | INFO | [cached since 159.5s ago] {'owner_id_1': 4, 'param_1': 0, 'param_2': 10}
2026-07-28 13:07:01,455 | INFO | GET /notes Status=200 Time=11.27ms
2026-07-28 13:07:01,460 | INFO | ROLLBACK
2026-07-28 13:07:39,898 | INFO | BEGIN (implicit)
2026-07-28 13:07:39,898 | INFO | SELECT users.id AS users_id, users.name AS users_name, users.email AS users_email, users.password AS users_password, users.created_at AS users_created_at 
FROM users 
WHERE users.email = %(email_1)s 
 LIMIT %(param_1)s
2026-07-28 13:07:39,899 | INFO | [cached since 552s ago] {'email_1': 'mkevatraj@gmail.com', 'param_1': 1}
2026-07-28 13:07:39,901 | INFO | INSERT INTO notes (title, content, tag, owner_id) VALUES (%(title)s, %(content)s, %(tag)s, %(owner_id)s)
2026-07-28 13:07:39,902 | INFO | [cached since 495.9s ago] {'title': 'Java', 'content': 'This is Java', 'tag': 'Coding', 'owner_id': 4}
2026-07-28 13:07:39,908 | INFO | COMMIT
2026-07-28 13:07:39,934 | INFO | BEGIN (implicit)
2026-07-28 13:07:39,934 | INFO | SELECT notes.id, notes.title, notes.content, notes.tag, notes.owner_id, notes.created_at 
FROM notes 
WHERE notes.id = %(pk_1)s
2026-07-28 13:07:39,935 | INFO | [cached since 495.9s ago] {'pk_1': 9}
2026-07-28 13:07:39,937 | INFO | POST /notes Status=200 Time=41.55ms
2026-07-28 13:07:41,939 | INFO | Background indexing completed for Note ID 9
2026-07-28 13:07:41,940 | INFO | ROLLBACK
2026-07-28 13:07:42,478 | INFO | BEGIN (implicit)
2026-07-28 13:07:42,479 | INFO | SELECT users.id AS users_id, users.name AS users_name, users.email AS users_email, users.password AS users_password, users.created_at AS users_created_at 
FROM users 
WHERE users.email = %(email_1)s 
 LIMIT %(param_1)s
2026-07-28 13:07:42,479 | INFO | [cached since 554.6s ago] {'email_1': 'mkevatraj@gmail.com', 'param_1': 1}
2026-07-28 13:07:42,482 | INFO | SELECT notes.id AS notes_id, notes.title AS notes_title, notes.content AS notes_content, notes.tag AS notes_tag, notes.owner_id AS notes_owner_id, notes.created_at AS notes_created_at 
FROM notes 
WHERE notes.owner_id = %(owner_id_1)s 
 LIMIT %(param_1)s, %(param_2)s
2026-07-28 13:07:42,482 | INFO | [cached since 200.6s ago] {'owner_id_1': 4, 'param_1': 0, 'param_2': 10}
2026-07-28 13:07:42,490 | INFO | GET /notes Status=200 Time=14.21ms
2026-07-28 13:07:42,491 | INFO | ROLLBACK
2026-07-28 13:08:01,169 | INFO | BEGIN (implicit)
2026-07-28 13:08:01,170 | INFO | SELECT users.id AS users_id, users.name AS users_name, users.email AS users_email, users.password AS users_password, users.created_at AS users_created_at 
FROM users 
WHERE users.email = %(email_1)s 
 LIMIT %(param_1)s
2026-07-28 13:08:01,170 | INFO | [cached since 573.3s ago] {'email_1': 'mkevatraj@gmail.com', 'param_1': 1}
2026-07-28 13:08:01,173 | INFO | INSERT INTO notes (title, content, tag, owner_id) VALUES (%(title)s, %(content)s, %(tag)s, %(owner_id)s)
2026-07-28 13:08:01,173 | INFO | [cached since 517.2s ago] {'title': 'Html', 'content': 'This is html', 'tag': 'coding', 'owner_id': 4}
2026-07-28 13:08:01,178 | INFO | COMMIT
2026-07-28 13:08:01,195 | INFO | BEGIN (implicit)
2026-07-28 13:08:01,195 | INFO | SELECT notes.id, notes.title, notes.content, notes.tag, notes.owner_id, notes.created_at 
FROM notes 
WHERE notes.id = %(pk_1)s
2026-07-28 13:08:01,196 | INFO | [cached since 517.2s ago] {'pk_1': 10}
2026-07-28 13:08:01,199 | INFO | POST /notes Status=200 Time=31.25ms
2026-07-28 13:08:02,526 | INFO | BEGIN (implicit)
2026-07-28 13:08:02,527 | INFO | SELECT users.id AS users_id, users.name AS users_name, users.email AS users_email, users.password AS users_password, users.created_at AS users_created_at 
FROM users 
WHERE users.email = %(email_1)s 
 LIMIT %(param_1)s
2026-07-28 13:08:02,527 | INFO | [cached since 574.7s ago] {'email_1': 'mkevatraj@gmail.com', 'param_1': 1}
2026-07-28 13:08:02,538 | INFO | SELECT notes.id AS notes_id, notes.title AS notes_title, notes.content AS notes_content, notes.tag AS notes_tag, notes.owner_id AS notes_owner_id, notes.created_at AS notes_created_at 
FROM notes 
WHERE notes.owner_id = %(owner_id_1)s 
 LIMIT %(param_1)s, %(param_2)s
2026-07-28 13:08:02,538 | INFO | [cached since 220.6s ago] {'owner_id_1': 4, 'param_1': 0, 'param_2': 10}
2026-07-28 13:08:02,551 | INFO | GET /notes Status=200 Time=78.72ms
2026-07-28 13:08:02,553 | INFO | ROLLBACK
2026-07-28 13:08:03,204 | INFO | Background indexing completed for Note ID 10
2026-07-28 13:08:03,205 | INFO | ROLLBACK
2026-07-28 13:08:12,577 | INFO | BEGIN (implicit)
2026-07-28 13:08:12,603 | INFO | SELECT users.id AS users_id, users.name AS users_name, users.email AS users_email, users.password AS users_password, users.created_at AS users_created_at 
FROM users 
WHERE users.email = %(email_1)s 
 LIMIT %(param_1)s
2026-07-28 13:08:12,625 | INFO | [cached since 584.8s ago] {'email_1': 'mkevatraj@gmail.com', 'param_1': 1}
2026-07-28 13:08:12,635 | INFO | SELECT notes.id AS notes_id, notes.title AS notes_title, notes.content AS notes_content, notes.tag AS notes_tag, notes.owner_id AS notes_owner_id, notes.created_at AS notes_created_at 
FROM notes 
WHERE notes.owner_id = %(owner_id_1)s 
 LIMIT %(param_1)s, %(param_2)s
2026-07-28 13:08:12,639 | INFO | [cached since 230.7s ago] {'owner_id_1': 4, 'param_1': 0, 'param_2': 10}
2026-07-28 13:08:12,642 | INFO | GET /notes Status=200 Time=67.03ms
2026-07-28 13:08:12,659 | INFO | ROLLBACK
2026-07-28 13:09:42,696 | INFO | BEGIN (implicit)
2026-07-28 13:09:42,697 | INFO | SELECT users.id AS users_id, users.name AS users_name, users.email AS users_email, users.password AS users_password, users.created_at AS users_created_at 
FROM users 
WHERE users.email = %(email_1)s 
 LIMIT %(param_1)s
2026-07-28 13:09:42,698 | INFO | [cached since 674.8s ago] {'email_1': 'mkevatraj@gmail.com', 'param_1': 1}
2026-07-28 13:09:43,000 | INFO | POST /login Status=200 Time=306.04ms
2026-07-28 13:09:43,001 | INFO | ROLLBACK
2026-07-28 13:09:50,067 | INFO | OPTIONS /notes Status=200 Time=0.78ms
2026-07-28 13:09:50,080 | INFO | BEGIN (implicit)
2026-07-28 13:09:50,084 | INFO | SELECT users.id AS users_id, users.name AS users_name, users.email AS users_email, users.password AS users_password, users.created_at AS users_created_at 
FROM users 
WHERE users.email = %(email_1)s 
 LIMIT %(param_1)s
2026-07-28 13:09:50,085 | INFO | [cached since 682.2s ago] {'email_1': 'mkevatraj@gmail.com', 'param_1': 1}
2026-07-28 13:09:50,088 | INFO | SELECT notes.id AS notes_id, notes.title AS notes_title, notes.content AS notes_content, notes.tag AS notes_tag, notes.owner_id AS notes_owner_id, notes.created_at AS notes_created_at 
FROM notes 
WHERE notes.owner_id = %(owner_id_1)s 
 LIMIT %(param_1)s, %(param_2)s
2026-07-28 13:09:50,089 | INFO | [cached since 328.2s ago] {'owner_id_1': 4, 'param_1': 0, 'param_2': 10}
2026-07-28 13:09:50,096 | INFO | GET /notes Status=200 Time=18.73ms
2026-07-28 13:09:50,102 | INFO | ROLLBACK
2026-07-28 13:13:07,476 | INFO | BEGIN (implicit)
2026-07-28 13:13:07,479 | INFO | SELECT users.id AS users_id, users.name AS users_name, users.email AS users_email, users.password AS users_password, users.created_at AS users_created_at 
FROM users 
WHERE users.email = %(email_1)s 
 LIMIT %(param_1)s
2026-07-28 13:13:07,480 | INFO | [cached since 879.6s ago] {'email_1': 'mkevatraj@gmail.com', 'param_1': 1}
2026-07-28 13:13:07,485 | INFO | SELECT notes.id AS notes_id, notes.title AS notes_title, notes.content AS notes_content, notes.tag AS notes_tag, notes.owner_id AS notes_owner_id, notes.created_at AS notes_created_at 
FROM notes 
WHERE notes.owner_id = %(owner_id_1)s 
 LIMIT %(param_1)s, %(param_2)s
2026-07-28 13:13:07,486 | INFO | [cached since 525.6s ago] {'owner_id_1': 4, 'param_1': 0, 'param_2': 10}
2026-07-28 13:13:07,490 | INFO | GET /notes Status=200 Time=17.09ms
2026-07-28 13:13:07,492 | INFO | ROLLBACK
2026-07-28 13:16:40,335 | INFO | BEGIN (implicit)
2026-07-28 13:16:40,337 | INFO | SELECT users.id AS users_id, users.name AS users_name, users.email AS users_email, users.password AS users_password, users.created_at AS users_created_at 
FROM users 
WHERE users.email = %(email_1)s 
 LIMIT %(param_1)s
2026-07-28 13:16:40,337 | INFO | [cached since 1092s ago] {'email_1': 'mkevatraj@gmail.com', 'param_1': 1}
2026-07-28 13:16:40,341 | INFO | SELECT notes.id AS notes_id, notes.title AS notes_title, notes.content AS notes_content, notes.tag AS notes_tag, notes.owner_id AS notes_owner_id, notes.created_at AS notes_created_at 
FROM notes 
WHERE notes.owner_id = %(owner_id_1)s 
 LIMIT %(param_1)s, %(param_2)s
2026-07-28 13:16:40,355 | INFO | [cached since 738.4s ago] {'owner_id_1': 4, 'param_1': 0, 'param_2': 10}
2026-07-28 13:16:40,359 | INFO | GET /notes Status=200 Time=26.76ms
2026-07-28 13:16:40,368 | INFO | ROLLBACK
2026-07-28 13:16:40,781 | INFO | BEGIN (implicit)
2026-07-28 13:16:40,782 | INFO | SELECT users.id AS users_id, users.name AS users_name, users.email AS users_email, users.password AS users_password, users.created_at AS users_created_at 
FROM users 
WHERE users.email = %(email_1)s 
 LIMIT %(param_1)s
2026-07-28 13:16:40,783 | INFO | [cached since 1093s ago] {'email_1': 'mkevatraj@gmail.com', 'param_1': 1}
2026-07-28 13:16:40,786 | INFO | SELECT notes.id AS notes_id, notes.title AS notes_title, notes.content AS notes_content, notes.tag AS notes_tag, notes.owner_id AS notes_owner_id, notes.created_at AS notes_created_at 
FROM notes 
WHERE notes.owner_id = %(owner_id_1)s 
 LIMIT %(param_1)s, %(param_2)s
2026-07-28 13:16:40,787 | INFO | [cached since 738.9s ago] {'owner_id_1': 4, 'param_1': 0, 'param_2': 10}
2026-07-28 13:16:40,791 | INFO | GET /notes Status=200 Time=11.46ms
2026-07-28 13:16:40,796 | INFO | ROLLBACK
2026-07-28 13:16:52,867 | INFO | BEGIN (implicit)
2026-07-28 13:16:52,868 | INFO | SELECT users.id AS users_id, users.name AS users_name, users.email AS users_email, users.password AS users_password, users.created_at AS users_created_at 
FROM users 
WHERE users.email = %(email_1)s 
 LIMIT %(param_1)s
2026-07-28 13:16:52,868 | INFO | [cached since 1105s ago] {'email_1': 'mkevatraj@gmail.com', 'param_1': 1}
2026-07-28 13:16:52,872 | INFO | SELECT notes.id AS notes_id, notes.title AS notes_title, notes.content AS notes_content, notes.tag AS notes_tag, notes.owner_id AS notes_owner_id, notes.created_at AS notes_created_at 
FROM notes 
WHERE notes.owner_id = %(owner_id_1)s 
 LIMIT %(param_1)s, %(param_2)s
2026-07-28 13:16:52,872 | INFO | [cached since 751s ago] {'owner_id_1': 4, 'param_1': 0, 'param_2': 10}
2026-07-28 13:16:52,879 | INFO | GET /notes Status=200 Time=14.03ms
2026-07-28 13:16:52,881 | INFO | ROLLBACK
2026-07-28 13:16:55,455 | INFO | BEGIN (implicit)
2026-07-28 13:16:55,466 | INFO | SELECT users.id AS users_id, users.name AS users_name, users.email AS users_email, users.password AS users_password, users.created_at AS users_created_at 
FROM users 
WHERE users.email = %(email_1)s 
 LIMIT %(param_1)s
2026-07-28 13:16:55,467 | INFO | [cached since 1108s ago] {'email_1': 'mkevatraj@gmail.com', 'param_1': 1}
2026-07-28 13:16:55,470 | INFO | SELECT notes.id AS notes_id, notes.title AS notes_title, notes.content AS notes_content, notes.tag AS notes_tag, notes.owner_id AS notes_owner_id, notes.created_at AS notes_created_at 
FROM notes 
WHERE notes.owner_id = %(owner_id_1)s 
 LIMIT %(param_1)s, %(param_2)s
2026-07-28 13:16:55,471 | INFO | [cached since 753.6s ago] {'owner_id_1': 4, 'param_1': 0, 'param_2': 10}
2026-07-28 13:16:55,474 | INFO | GET /notes Status=200 Time=21.17ms
2026-07-28 13:16:55,477 | INFO | ROLLBACK
2026-07-28 13:16:55,959 | INFO | BEGIN (implicit)
2026-07-28 13:16:55,960 | INFO | SELECT users.id AS users_id, users.name AS users_name, users.email AS users_email, users.password AS users_password, users.created_at AS users_created_at 
FROM users 
WHERE users.email = %(email_1)s 
 LIMIT %(param_1)s
2026-07-28 13:16:55,960 | INFO | [cached since 1108s ago] {'email_1': 'mkevatraj@gmail.com', 'param_1': 1}
2026-07-28 13:16:55,965 | INFO | SELECT notes.id AS notes_id, notes.title AS notes_title, notes.content AS notes_content, notes.tag AS notes_tag, notes.owner_id AS notes_owner_id, notes.created_at AS notes_created_at 
FROM notes 
WHERE notes.owner_id = %(owner_id_1)s 
 LIMIT %(param_1)s, %(param_2)s
2026-07-28 13:16:55,965 | INFO | [cached since 754.1s ago] {'owner_id_1': 4, 'param_1': 0, 'param_2': 10}
2026-07-28 13:16:55,968 | INFO | GET /notes Status=200 Time=13.07ms
2026-07-28 13:16:55,970 | INFO | ROLLBACK
2026-07-28 13:16:56,226 | INFO | BEGIN (implicit)
2026-07-28 13:16:56,228 | INFO | SELECT users.id AS users_id, users.name AS users_name, users.email AS users_email, users.password AS users_password, users.created_at AS users_created_at 
FROM users 
WHERE users.email = %(email_1)s 
 LIMIT %(param_1)s
2026-07-28 13:16:56,228 | INFO | [cached since 1108s ago] {'email_1': 'mkevatraj@gmail.com', 'param_1': 1}
2026-07-28 13:16:56,234 | INFO | SELECT notes.id AS notes_id, notes.title AS notes_title, notes.content AS notes_content, notes.tag AS notes_tag, notes.owner_id AS notes_owner_id, notes.created_at AS notes_created_at 
FROM notes 
WHERE notes.owner_id = %(owner_id_1)s 
 LIMIT %(param_1)s, %(param_2)s
2026-07-28 13:16:56,236 | INFO | [cached since 754.3s ago] {'owner_id_1': 4, 'param_1': 0, 'param_2': 10}
2026-07-28 13:16:56,239 | INFO | GET /notes Status=200 Time=18.68ms
2026-07-28 13:16:56,249 | INFO | ROLLBACK
2026-07-28 13:16:56,641 | INFO | BEGIN (implicit)
2026-07-28 13:16:56,646 | INFO | SELECT users.id AS users_id, users.name AS users_name, users.email AS users_email, users.password AS users_password, users.created_at AS users_created_at 
FROM users 
WHERE users.email = %(email_1)s 
 LIMIT %(param_1)s
2026-07-28 13:16:56,664 | INFO | [cached since 1109s ago] {'email_1': 'mkevatraj@gmail.com', 'param_1': 1}
2026-07-28 13:16:56,670 | INFO | SELECT notes.id AS notes_id, notes.title AS notes_title, notes.content AS notes_content, notes.tag AS notes_tag, notes.owner_id AS notes_owner_id, notes.created_at AS notes_created_at 
FROM notes 
WHERE notes.owner_id = %(owner_id_1)s 
 LIMIT %(param_1)s, %(param_2)s
2026-07-28 13:16:56,701 | INFO | [cached since 754.8s ago] {'owner_id_1': 4, 'param_1': 0, 'param_2': 10}
2026-07-28 13:16:56,705 | INFO | GET /notes Status=200 Time=67.67ms
2026-07-28 13:16:56,706 | INFO | ROLLBACK
2026-07-28 13:16:56,753 | INFO | BEGIN (implicit)
2026-07-28 13:16:56,755 | INFO | SELECT users.id AS users_id, users.name AS users_name, users.email AS users_email, users.password AS users_password, users.created_at AS users_created_at 
FROM users 
WHERE users.email = %(email_1)s 
 LIMIT %(param_1)s
2026-07-28 13:16:56,758 | INFO | [cached since 1109s ago] {'email_1': 'mkevatraj@gmail.com', 'param_1': 1}
2026-07-28 13:16:56,764 | INFO | SELECT notes.id AS notes_id, notes.title AS notes_title, notes.content AS notes_content, notes.tag AS notes_tag, notes.owner_id AS notes_owner_id, notes.created_at AS notes_created_at 
FROM notes 
WHERE notes.owner_id = %(owner_id_1)s 
 LIMIT %(param_1)s, %(param_2)s
2026-07-28 13:16:56,764 | INFO | [cached since 754.9s ago] {'owner_id_1': 4, 'param_1': 0, 'param_2': 10}
2026-07-28 13:16:56,768 | INFO | GET /notes Status=200 Time=16.75ms
2026-07-28 13:16:56,769 | INFO | ROLLBACK
2026-07-28 13:16:57,255 | INFO | BEGIN (implicit)
2026-07-28 13:16:57,256 | INFO | SELECT users.id AS users_id, users.name AS users_name, users.email AS users_email, users.password AS users_password, users.created_at AS users_created_at 
FROM users 
WHERE users.email = %(email_1)s 
 LIMIT %(param_1)s
2026-07-28 13:16:57,258 | INFO | [cached since 1109s ago] {'email_1': 'mkevatraj@gmail.com', 'param_1': 1}
2026-07-28 13:16:57,262 | INFO | SELECT notes.id AS notes_id, notes.title AS notes_title, notes.content AS notes_content, notes.tag AS notes_tag, notes.owner_id AS notes_owner_id, notes.created_at AS notes_created_at 
FROM notes 
WHERE notes.owner_id = %(owner_id_1)s 
 LIMIT %(param_1)s, %(param_2)s
2026-07-28 13:16:57,262 | INFO | [cached since 755.4s ago] {'owner_id_1': 4, 'param_1': 0, 'param_2': 10}
2026-07-28 13:16:57,267 | INFO | GET /notes Status=200 Time=14.09ms
2026-07-28 13:16:57,269 | INFO | ROLLBACK
2026-07-28 13:16:57,890 | INFO | BEGIN (implicit)
2026-07-28 13:16:57,890 | INFO | SELECT users.id AS users_id, users.name AS users_name, users.email AS users_email, users.password AS users_password, users.created_at AS users_created_at 
FROM users 
WHERE users.email = %(email_1)s 
 LIMIT %(param_1)s
2026-07-28 13:16:57,892 | INFO | [cached since 1110s ago] {'email_1': 'mkevatraj@gmail.com', 'param_1': 1}
2026-07-28 13:16:57,895 | INFO | SELECT notes.id AS notes_id, notes.title AS notes_title, notes.content AS notes_content, notes.tag AS notes_tag, notes.owner_id AS notes_owner_id, notes.created_at AS notes_created_at 
FROM notes 
WHERE notes.owner_id = %(owner_id_1)s 
 LIMIT %(param_1)s, %(param_2)s
2026-07-28 13:16:57,896 | INFO | [cached since 756s ago] {'owner_id_1': 4, 'param_1': 0, 'param_2': 10}
2026-07-28 13:16:57,899 | INFO | GET /notes Status=200 Time=12.15ms
2026-07-28 13:16:57,900 | INFO | ROLLBACK
2026-07-28 13:17:03,472 | INFO | BEGIN (implicit)
2026-07-28 13:17:03,479 | INFO | SELECT users.id AS users_id, users.name AS users_name, users.email AS users_email, users.password AS users_password, users.created_at AS users_created_at 
FROM users 
WHERE users.email = %(email_1)s 
 LIMIT %(param_1)s
2026-07-28 13:17:03,481 | INFO | [cached since 1116s ago] {'email_1': 'mkevatraj@gmail.com', 'param_1': 1}
2026-07-28 13:17:03,498 | INFO | SELECT notes.id AS notes_id, notes.title AS notes_title, notes.content AS notes_content, notes.tag AS notes_tag, notes.owner_id AS notes_owner_id, notes.created_at AS notes_created_at 
FROM notes 
WHERE notes.owner_id = %(owner_id_1)s 
 LIMIT %(param_1)s, %(param_2)s
2026-07-28 13:17:03,498 | INFO | [cached since 761.6s ago] {'owner_id_1': 4, 'param_1': 0, 'param_2': 10}
2026-07-28 13:17:03,501 | INFO | GET /notes Status=200 Time=32.44ms
2026-07-28 13:17:03,503 | INFO | ROLLBACK
2026-07-28 13:17:04,291 | INFO | BEGIN (implicit)
2026-07-28 13:17:04,292 | INFO | SELECT users.id AS users_id, users.name AS users_name, users.email AS users_email, users.password AS users_password, users.created_at AS users_created_at 
FROM users 
WHERE users.email = %(email_1)s 
 LIMIT %(param_1)s
2026-07-28 13:17:04,292 | INFO | [cached since 1116s ago] {'email_1': 'mkevatraj@gmail.com', 'param_1': 1}
2026-07-28 13:17:04,296 | INFO | SELECT notes.id AS notes_id, notes.title AS notes_title, notes.content AS notes_content, notes.tag AS notes_tag, notes.owner_id AS notes_owner_id, notes.created_at AS notes_created_at 
FROM notes 
WHERE notes.owner_id = %(owner_id_1)s 
 LIMIT %(param_1)s, %(param_2)s
2026-07-28 13:17:04,296 | INFO | [cached since 762.4s ago] {'owner_id_1': 4, 'param_1': 0, 'param_2': 10}
2026-07-28 13:17:04,299 | INFO | GET /notes Status=200 Time=10.98ms
2026-07-28 13:17:04,301 | INFO | ROLLBACK
2026-07-28 13:17:04,495 | INFO | BEGIN (implicit)
2026-07-28 13:17:04,495 | INFO | SELECT users.id AS users_id, users.name AS users_name, users.email AS users_email, users.password AS users_password, users.created_at AS users_created_at 
FROM users 
WHERE users.email = %(email_1)s 
 LIMIT %(param_1)s
2026-07-28 13:17:04,495 | INFO | [cached since 1117s ago] {'email_1': 'mkevatraj@gmail.com', 'param_1': 1}
2026-07-28 13:17:04,499 | INFO | SELECT notes.id AS notes_id, notes.title AS notes_title, notes.content AS notes_content, notes.tag AS notes_tag, notes.owner_id AS notes_owner_id, notes.created_at AS notes_created_at 
FROM notes 
WHERE notes.owner_id = %(owner_id_1)s 
 LIMIT %(param_1)s, %(param_2)s
2026-07-28 13:17:04,499 | INFO | [cached since 762.6s ago] {'owner_id_1': 4, 'param_1': 0, 'param_2': 10}
2026-07-28 13:17:04,504 | INFO | GET /notes Status=200 Time=11.46ms
2026-07-28 13:17:04,506 | INFO | ROLLBACK
2026-07-28 13:17:05,052 | INFO | BEGIN (implicit)
2026-07-28 13:17:05,053 | INFO | SELECT users.id AS users_id, users.name AS users_name, users.email AS users_email, users.password AS users_password, users.created_at AS users_created_at 
FROM users 
WHERE users.email = %(email_1)s 
 LIMIT %(param_1)s
2026-07-28 13:17:05,053 | INFO | [cached since 1117s ago] {'email_1': 'mkevatraj@gmail.com', 'param_1': 1}
2026-07-28 13:17:05,057 | INFO | SELECT notes.id AS notes_id, notes.title AS notes_title, notes.content AS notes_content, notes.tag AS notes_tag, notes.owner_id AS notes_owner_id, notes.created_at AS notes_created_at 
FROM notes 
WHERE notes.owner_id = %(owner_id_1)s 
 LIMIT %(param_1)s, %(param_2)s
2026-07-28 13:17:05,058 | INFO | [cached since 763.2s ago] {'owner_id_1': 4, 'param_1': 0, 'param_2': 10}
2026-07-28 13:17:05,062 | INFO | GET /notes Status=200 Time=11.47ms
2026-07-28 13:17:05,110 | INFO | ROLLBACK
2026-07-28 13:17:17,674 | INFO | BEGIN (implicit)
2026-07-28 13:17:17,675 | INFO | SELECT users.id AS users_id, users.name AS users_name, users.email AS users_email, users.password AS users_password, users.created_at AS users_created_at 
FROM users 
WHERE users.email = %(email_1)s 
 LIMIT %(param_1)s
2026-07-28 13:17:17,676 | INFO | [cached since 1130s ago] {'email_1': 'mkevatraj@gmail.com', 'param_1': 1}
2026-07-28 13:17:17,679 | INFO | SELECT notes.id AS notes_id, notes.title AS notes_title, notes.content AS notes_content, notes.tag AS notes_tag, notes.owner_id AS notes_owner_id, notes.created_at AS notes_created_at 
FROM notes 
WHERE notes.owner_id = %(owner_id_1)s 
 LIMIT %(param_1)s, %(param_2)s
2026-07-28 13:17:17,679 | INFO | [cached since 775.8s ago] {'owner_id_1': 4, 'param_1': 0, 'param_2': 10}
2026-07-28 13:17:17,682 | INFO | GET /notes Status=200 Time=10.62ms
2026-07-28 13:17:17,684 | INFO | ROLLBACK
2026-07-28 13:17:18,098 | INFO | BEGIN (implicit)
2026-07-28 13:17:18,098 | INFO | SELECT users.id AS users_id, users.name AS users_name, users.email AS users_email, users.password AS users_password, users.created_at AS users_created_at 
FROM users 
WHERE users.email = %(email_1)s 
 LIMIT %(param_1)s
2026-07-28 13:17:18,099 | INFO | [cached since 1130s ago] {'email_1': 'mkevatraj@gmail.com', 'param_1': 1}
2026-07-28 13:17:18,103 | INFO | SELECT notes.id AS notes_id, notes.title AS notes_title, notes.content AS notes_content, notes.tag AS notes_tag, notes.owner_id AS notes_owner_id, notes.created_at AS notes_created_at 
FROM notes 
WHERE notes.owner_id = %(owner_id_1)s 
 LIMIT %(param_1)s, %(param_2)s
2026-07-28 13:17:18,109 | INFO | [cached since 776.2s ago] {'owner_id_1': 4, 'param_1': 0, 'param_2': 10}
2026-07-28 13:17:18,112 | INFO | GET /notes Status=200 Time=16.8ms
2026-07-28 13:17:18,114 | INFO | ROLLBACK
2026-07-28 13:17:18,370 | INFO | BEGIN (implicit)
2026-07-28 13:17:18,373 | INFO | SELECT users.id AS users_id, users.name AS users_name, users.email AS users_email, users.password AS users_password, users.created_at AS users_created_at 
FROM users 
WHERE users.email = %(email_1)s 
 LIMIT %(param_1)s
2026-07-28 13:17:18,374 | INFO | [cached since 1131s ago] {'email_1': 'mkevatraj@gmail.com', 'param_1': 1}
2026-07-28 13:17:18,379 | INFO | SELECT notes.id AS notes_id, notes.title AS notes_title, notes.content AS notes_content, notes.tag AS notes_tag, notes.owner_id AS notes_owner_id, notes.created_at AS notes_created_at 
FROM notes 
WHERE notes.owner_id = %(owner_id_1)s 
 LIMIT %(param_1)s, %(param_2)s
2026-07-28 13:17:18,380 | INFO | [cached since 776.5s ago] {'owner_id_1': 4, 'param_1': 0, 'param_2': 10}
2026-07-28 13:17:18,384 | INFO | GET /notes Status=200 Time=17.61ms
2026-07-28 13:17:18,386 | INFO | ROLLBACK
2026-07-28 13:17:18,587 | INFO | BEGIN (implicit)
2026-07-28 13:17:18,588 | INFO | SELECT users.id AS users_id, users.name AS users_name, users.email AS users_email, users.password AS users_password, users.created_at AS users_created_at 
FROM users 
WHERE users.email = %(email_1)s 
 LIMIT %(param_1)s
2026-07-28 13:17:18,588 | INFO | [cached since 1131s ago] {'email_1': 'mkevatraj@gmail.com', 'param_1': 1}
2026-07-28 13:17:18,592 | INFO | SELECT notes.id AS notes_id, notes.title AS notes_title, notes.content AS notes_content, notes.tag AS notes_tag, notes.owner_id AS notes_owner_id, notes.created_at AS notes_created_at 
FROM notes 
WHERE notes.owner_id = %(owner_id_1)s 
 LIMIT %(param_1)s, %(param_2)s
2026-07-28 13:17:18,594 | INFO | [cached since 776.7s ago] {'owner_id_1': 4, 'param_1': 0, 'param_2': 10}
2026-07-28 13:17:18,599 | INFO | GET /notes Status=200 Time=15.83ms
2026-07-28 13:17:18,601 | INFO | ROLLBACK
2026-07-28 13:17:19,363 | INFO | BEGIN (implicit)
2026-07-28 13:17:19,371 | INFO | SELECT users.id AS users_id, users.name AS users_name, users.email AS users_email, users.password AS users_password, users.created_at AS users_created_at 
FROM users 
WHERE users.email = %(email_1)s 
 LIMIT %(param_1)s
2026-07-28 13:17:19,371 | INFO | [cached since 1132s ago] {'email_1': 'mkevatraj@gmail.com', 'param_1': 1}
2026-07-28 13:17:19,375 | INFO | SELECT notes.id AS notes_id, notes.title AS notes_title, notes.content AS notes_content, notes.tag AS notes_tag, notes.owner_id AS notes_owner_id, notes.created_at AS notes_created_at 
FROM notes 
WHERE notes.owner_id = %(owner_id_1)s 
 LIMIT %(param_1)s, %(param_2)s
2026-07-28 13:17:19,378 | INFO | [cached since 777.5s ago] {'owner_id_1': 4, 'param_1': 0, 'param_2': 10}
2026-07-28 13:17:19,381 | INFO | GET /notes Status=200 Time=21.83ms
2026-07-28 13:17:19,383 | INFO | ROLLBACK
2026-07-28 13:17:21,315 | INFO | BEGIN (implicit)
2026-07-28 13:17:21,364 | INFO | SELECT users.id AS users_id, users.name AS users_name, users.email AS users_email, users.password AS users_password, users.created_at AS users_created_at 
FROM users 
WHERE users.email = %(email_1)s 
 LIMIT %(param_1)s
2026-07-28 13:17:21,440 | INFO | [cached since 1134s ago] {'email_1': 'mkevatraj@gmail.com', 'param_1': 1}
2026-07-28 13:17:21,463 | INFO | SELECT notes.id AS notes_id, notes.title AS notes_title, notes.content AS notes_content, notes.tag AS notes_tag, notes.owner_id AS notes_owner_id, notes.created_at AS notes_created_at 
FROM notes 
WHERE notes.owner_id = %(owner_id_1)s 
 LIMIT %(param_1)s, %(param_2)s
2026-07-28 13:17:21,474 | INFO | [cached since 779.6s ago] {'owner_id_1': 4, 'param_1': 0, 'param_2': 10}
2026-07-28 13:17:21,498 | INFO | GET /notes Status=200 Time=186.23ms
2026-07-28 13:17:21,500 | INFO | ROLLBACK
2026-07-28 13:17:21,799 | INFO | BEGIN (implicit)
2026-07-28 13:17:21,855 | INFO | SELECT users.id AS users_id, users.name AS users_name, users.email AS users_email, users.password AS users_password, users.created_at AS users_created_at 
FROM users 
WHERE users.email = %(email_1)s 
 LIMIT %(param_1)s
2026-07-28 13:17:21,878 | INFO | [cached since 1134s ago] {'email_1': 'mkevatraj@gmail.com', 'param_1': 1}
2026-07-28 13:17:21,900 | INFO | SELECT notes.id AS notes_id, notes.title AS notes_title, notes.content AS notes_content, notes.tag AS notes_tag, notes.owner_id AS notes_owner_id, notes.created_at AS notes_created_at 
FROM notes 
WHERE notes.owner_id = %(owner_id_1)s 
 LIMIT %(param_1)s, %(param_2)s
2026-07-28 13:17:21,908 | INFO | [cached since 780s ago] {'owner_id_1': 4, 'param_1': 0, 'param_2': 10}
2026-07-28 13:17:21,912 | INFO | GET /notes Status=200 Time=116.13ms
2026-07-28 13:17:21,924 | INFO | ROLLBACK
2026-07-28 13:17:22,182 | INFO | BEGIN (implicit)
2026-07-28 13:17:22,183 | INFO | SELECT users.id AS users_id, users.name AS users_name, users.email AS users_email, users.password AS users_password, users.created_at AS users_created_at 
FROM users 
WHERE users.email = %(email_1)s 
 LIMIT %(param_1)s
2026-07-28 13:17:22,183 | INFO | [cached since 1134s ago] {'email_1': 'mkevatraj@gmail.com', 'param_1': 1}
2026-07-28 13:17:22,187 | INFO | SELECT notes.id AS notes_id, notes.title AS notes_title, notes.content AS notes_content, notes.tag AS notes_tag, notes.owner_id AS notes_owner_id, notes.created_at AS notes_created_at 
FROM notes 
WHERE notes.owner_id = %(owner_id_1)s 
 LIMIT %(param_1)s, %(param_2)s
2026-07-28 13:17:22,187 | INFO | [cached since 780.3s ago] {'owner_id_1': 4, 'param_1': 0, 'param_2': 10}
2026-07-28 13:17:22,190 | INFO | GET /notes Status=200 Time=10.25ms
2026-07-28 13:17:22,192 | INFO | ROLLBACK
2026-07-28 13:17:22,319 | INFO | BEGIN (implicit)
2026-07-28 13:17:22,320 | INFO | SELECT users.id AS users_id, users.name AS users_name, users.email AS users_email, users.password AS users_password, users.created_at AS users_created_at 
FROM users 
WHERE users.email = %(email_1)s 
 LIMIT %(param_1)s
2026-07-28 13:17:22,321 | INFO | [cached since 1134s ago] {'email_1': 'mkevatraj@gmail.com', 'param_1': 1}
2026-07-28 13:17:22,324 | INFO | SELECT notes.id AS notes_id, notes.title AS notes_title, notes.content AS notes_content, notes.tag AS notes_tag, notes.owner_id AS notes_owner_id, notes.created_at AS notes_created_at 
FROM notes 
WHERE notes.owner_id = %(owner_id_1)s 
 LIMIT %(param_1)s, %(param_2)s
2026-07-28 13:17:22,324 | INFO | [cached since 780.4s ago] {'owner_id_1': 4, 'param_1': 0, 'param_2': 10}
2026-07-28 13:17:22,327 | INFO | GET /notes Status=200 Time=10.79ms
2026-07-28 13:17:22,332 | INFO | ROLLBACK
2026-07-28 13:17:22,895 | INFO | BEGIN (implicit)
2026-07-28 13:17:22,896 | INFO | SELECT users.id AS users_id, users.name AS users_name, users.email AS users_email, users.password AS users_password, users.created_at AS users_created_at 
FROM users 
WHERE users.email = %(email_1)s 
 LIMIT %(param_1)s
2026-07-28 13:17:22,896 | INFO | [cached since 1135s ago] {'email_1': 'mkevatraj@gmail.com', 'param_1': 1}
2026-07-28 13:17:22,900 | INFO | SELECT notes.id AS notes_id, notes.title AS notes_title, notes.content AS notes_content, notes.tag AS notes_tag, notes.owner_id AS notes_owner_id, notes.created_at AS notes_created_at 
FROM notes 
WHERE notes.owner_id = %(owner_id_1)s 
 LIMIT %(param_1)s, %(param_2)s
2026-07-28 13:17:22,900 | INFO | [cached since 781s ago] {'owner_id_1': 4, 'param_1': 0, 'param_2': 10}
2026-07-28 13:17:22,905 | INFO | GET /notes Status=200 Time=12.1ms
2026-07-28 13:17:22,907 | INFO | ROLLBACK
2026-07-28 13:17:24,871 | INFO | BEGIN (implicit)
2026-07-28 13:17:24,871 | INFO | SELECT users.id AS users_id, users.name AS users_name, users.email AS users_email, users.password AS users_password, users.created_at AS users_created_at 
FROM users 
WHERE users.email = %(email_1)s 
 LIMIT %(param_1)s
2026-07-28 13:17:24,872 | INFO | [cached since 1137s ago] {'email_1': 'mkevatraj@gmail.com', 'param_1': 1}
2026-07-28 13:17:24,876 | INFO | SELECT notes.id AS notes_id, notes.title AS notes_title, notes.content AS notes_content, notes.tag AS notes_tag, notes.owner_id AS notes_owner_id, notes.created_at AS notes_created_at 
FROM notes 
WHERE notes.owner_id = %(owner_id_1)s 
 LIMIT %(param_1)s, %(param_2)s
2026-07-28 13:17:24,876 | INFO | [cached since 783s ago] {'owner_id_1': 4, 'param_1': 0, 'param_2': 10}
2026-07-28 13:17:24,879 | INFO | GET /notes Status=200 Time=12.56ms
2026-07-28 13:17:24,881 | INFO | ROLLBACK
2026-07-28 13:17:25,159 | INFO | BEGIN (implicit)
2026-07-28 13:17:25,160 | INFO | SELECT users.id AS users_id, users.name AS users_name, users.email AS users_email, users.password AS users_password, users.created_at AS users_created_at 
FROM users 
WHERE users.email = %(email_1)s 
 LIMIT %(param_1)s
2026-07-28 13:17:25,160 | INFO | [cached since 1137s ago] {'email_1': 'mkevatraj@gmail.com', 'param_1': 1}
2026-07-28 13:17:25,164 | INFO | SELECT notes.id AS notes_id, notes.title AS notes_title, notes.content AS notes_content, notes.tag AS notes_tag, notes.owner_id AS notes_owner_id, notes.created_at AS notes_created_at 
FROM notes 
WHERE notes.owner_id = %(owner_id_1)s 
 LIMIT %(param_1)s, %(param_2)s
2026-07-28 13:17:25,164 | INFO | [cached since 783.3s ago] {'owner_id_1': 4, 'param_1': 0, 'param_2': 10}
2026-07-28 13:17:25,167 | INFO | GET /notes Status=200 Time=10.54ms
2026-07-28 13:17:25,169 | INFO | ROLLBACK
2026-07-28 13:17:25,464 | INFO | BEGIN (implicit)
2026-07-28 13:17:25,465 | INFO | SELECT users.id AS users_id, users.name AS users_name, users.email AS users_email, users.password AS users_password, users.created_at AS users_created_at 
FROM users 
WHERE users.email = %(email_1)s 
 LIMIT %(param_1)s
2026-07-28 13:17:25,465 | INFO | [cached since 1138s ago] {'email_1': 'mkevatraj@gmail.com', 'param_1': 1}
2026-07-28 13:17:25,469 | INFO | SELECT notes.id AS notes_id, notes.title AS notes_title, notes.content AS notes_content, notes.tag AS notes_tag, notes.owner_id AS notes_owner_id, notes.created_at AS notes_created_at 
FROM notes 
WHERE notes.owner_id = %(owner_id_1)s 
 LIMIT %(param_1)s, %(param_2)s
2026-07-28 13:17:25,470 | INFO | [cached since 783.6s ago] {'owner_id_1': 4, 'param_1': 0, 'param_2': 10}
2026-07-28 13:17:25,474 | INFO | GET /notes Status=200 Time=11.92ms
2026-07-28 13:17:25,475 | INFO | ROLLBACK
2026-07-28 13:17:25,647 | INFO | BEGIN (implicit)
2026-07-28 13:17:25,650 | INFO | SELECT users.id AS users_id, users.name AS users_name, users.email AS users_email, users.password AS users_password, users.created_at AS users_created_at 
FROM users 
WHERE users.email = %(email_1)s 
 LIMIT %(param_1)s
2026-07-28 13:17:25,661 | INFO | [cached since 1138s ago] {'email_1': 'mkevatraj@gmail.com', 'param_1': 1}
2026-07-28 13:17:25,665 | INFO | SELECT notes.id AS notes_id, notes.title AS notes_title, notes.content AS notes_content, notes.tag AS notes_tag, notes.owner_id AS notes_owner_id, notes.created_at AS notes_created_at 
FROM notes 
WHERE notes.owner_id = %(owner_id_1)s 
 LIMIT %(param_1)s, %(param_2)s
2026-07-28 13:17:25,671 | INFO | [cached since 783.8s ago] {'owner_id_1': 4, 'param_1': 0, 'param_2': 10}
2026-07-28 13:17:25,674 | INFO | GET /notes Status=200 Time=28.52ms
2026-07-28 13:17:25,677 | INFO | ROLLBACK
2026-07-28 13:17:25,832 | INFO | BEGIN (implicit)
2026-07-28 13:17:25,833 | INFO | SELECT users.id AS users_id, users.name AS users_name, users.email AS users_email, users.password AS users_password, users.created_at AS users_created_at 
FROM users 
WHERE users.email = %(email_1)s 
 LIMIT %(param_1)s
2026-07-28 13:17:25,838 | INFO | [cached since 1138s ago] {'email_1': 'mkevatraj@gmail.com', 'param_1': 1}
2026-07-28 13:17:25,842 | INFO | SELECT notes.id AS notes_id, notes.title AS notes_title, notes.content AS notes_content, notes.tag AS notes_tag, notes.owner_id AS notes_owner_id, notes.created_at AS notes_created_at 
FROM notes 
WHERE notes.owner_id = %(owner_id_1)s 
 LIMIT %(param_1)s, %(param_2)s
2026-07-28 13:17:25,844 | INFO | [cached since 783.9s ago] {'owner_id_1': 4, 'param_1': 0, 'param_2': 10}
2026-07-28 13:17:25,847 | INFO | GET /notes Status=200 Time=18.3ms
2026-07-28 13:17:25,849 | INFO | ROLLBACK
2026-07-28 13:17:26,292 | INFO | BEGIN (implicit)
2026-07-28 13:17:26,293 | INFO | SELECT users.id AS users_id, users.name AS users_name, users.email AS users_email, users.password AS users_password, users.created_at AS users_created_at 
FROM users 
WHERE users.email = %(email_1)s 
 LIMIT %(param_1)s
2026-07-28 13:17:26,293 | INFO | [cached since 1138s ago] {'email_1': 'mkevatraj@gmail.com', 'param_1': 1}
2026-07-28 13:17:26,296 | INFO | SELECT notes.id AS notes_id, notes.title AS notes_title, notes.content AS notes_content, notes.tag AS notes_tag, notes.owner_id AS notes_owner_id, notes.created_at AS notes_created_at 
FROM notes 
WHERE notes.owner_id = %(owner_id_1)s 
 LIMIT %(param_1)s, %(param_2)s
2026-07-28 13:17:26,296 | INFO | [cached since 784.4s ago] {'owner_id_1': 4, 'param_1': 0, 'param_2': 10}
2026-07-28 13:17:26,299 | INFO | GET /notes Status=200 Time=9.62ms
2026-07-28 13:17:26,303 | INFO | ROLLBACK
2026-07-28 13:17:29,035 | INFO | BEGIN (implicit)
2026-07-28 13:17:29,038 | INFO | SELECT users.id AS users_id, users.name AS users_name, users.email AS users_email, users.password AS users_password, users.created_at AS users_created_at 
FROM users 
WHERE users.email = %(email_1)s 
 LIMIT %(param_1)s
2026-07-28 13:17:29,040 | INFO | [cached since 1141s ago] {'email_1': 'mkevatraj@gmail.com', 'param_1': 1}
2026-07-28 13:17:29,044 | INFO | SELECT notes.id AS notes_id, notes.title AS notes_title, notes.content AS notes_content, notes.tag AS notes_tag, notes.owner_id AS notes_owner_id, notes.created_at AS notes_created_at 
FROM notes 
WHERE notes.owner_id = %(owner_id_1)s 
 LIMIT %(param_1)s, %(param_2)s
2026-07-28 13:17:29,045 | INFO | [cached since 787.1s ago] {'owner_id_1': 4, 'param_1': 0, 'param_2': 10}
2026-07-28 13:17:29,048 | INFO | GET /notes Status=200 Time=16.35ms
2026-07-28 13:17:29,052 | INFO | ROLLBACK
2026-07-28 13:17:29,243 | INFO | BEGIN (implicit)
2026-07-28 13:17:29,244 | INFO | SELECT users.id AS users_id, users.name AS users_name, users.email AS users_email, users.password AS users_password, users.created_at AS users_created_at 
FROM users 
WHERE users.email = %(email_1)s 
 LIMIT %(param_1)s
2026-07-28 13:17:29,245 | INFO | [cached since 1141s ago] {'email_1': 'mkevatraj@gmail.com', 'param_1': 1}
2026-07-28 13:17:29,248 | INFO | SELECT notes.id AS notes_id, notes.title AS notes_title, notes.content AS notes_content, notes.tag AS notes_tag, notes.owner_id AS notes_owner_id, notes.created_at AS notes_created_at 
FROM notes 
WHERE notes.owner_id = %(owner_id_1)s 
 LIMIT %(param_1)s, %(param_2)s
2026-07-28 13:17:29,248 | INFO | [cached since 787.3s ago] {'owner_id_1': 4, 'param_1': 0, 'param_2': 10}
2026-07-28 13:17:29,254 | INFO | GET /notes Status=200 Time=12.51ms
2026-07-28 13:17:29,256 | INFO | ROLLBACK
2026-07-28 13:17:29,612 | INFO | BEGIN (implicit)
2026-07-28 13:17:29,629 | INFO | SELECT users.id AS users_id, users.name AS users_name, users.email AS users_email, users.password AS users_password, users.created_at AS users_created_at 
FROM users 
WHERE users.email = %(email_1)s 
 LIMIT %(param_1)s
2026-07-28 13:17:29,636 | INFO | [cached since 1142s ago] {'email_1': 'mkevatraj@gmail.com', 'param_1': 1}
2026-07-28 13:17:29,641 | INFO | SELECT notes.id AS notes_id, notes.title AS notes_title, notes.content AS notes_content, notes.tag AS notes_tag, notes.owner_id AS notes_owner_id, notes.created_at AS notes_created_at 
FROM notes 
WHERE notes.owner_id = %(owner_id_1)s 
 LIMIT %(param_1)s, %(param_2)s
2026-07-28 13:17:29,643 | INFO | [cached since 787.7s ago] {'owner_id_1': 4, 'param_1': 0, 'param_2': 10}
2026-07-28 13:17:29,646 | INFO | GET /notes Status=200 Time=36.64ms
2026-07-28 13:17:29,668 | INFO | ROLLBACK
2026-07-28 13:17:30,423 | INFO | BEGIN (implicit)
2026-07-28 13:17:30,424 | INFO | SELECT users.id AS users_id, users.name AS users_name, users.email AS users_email, users.password AS users_password, users.created_at AS users_created_at 
FROM users 
WHERE users.email = %(email_1)s 
 LIMIT %(param_1)s
2026-07-28 13:17:30,424 | INFO | [cached since 1143s ago] {'email_1': 'mkevatraj@gmail.com', 'param_1': 1}
2026-07-28 13:17:30,428 | INFO | SELECT notes.id AS notes_id, notes.title AS notes_title, notes.content AS notes_content, notes.tag AS notes_tag, notes.owner_id AS notes_owner_id, notes.created_at AS notes_created_at 
FROM notes 
WHERE notes.owner_id = %(owner_id_1)s 
 LIMIT %(param_1)s, %(param_2)s
2026-07-28 13:17:30,428 | INFO | [cached since 788.5s ago] {'owner_id_1': 4, 'param_1': 0, 'param_2': 10}
2026-07-28 13:17:30,431 | INFO | GET /notes Status=200 Time=10.67ms
2026-07-28 13:17:30,434 | INFO | ROLLBACK
2026-07-28 13:17:33,851 | INFO | BEGIN (implicit)
2026-07-28 13:17:33,852 | INFO | SELECT users.id AS users_id, users.name AS users_name, users.email AS users_email, users.password AS users_password, users.created_at AS users_created_at 
FROM users 
WHERE users.email = %(email_1)s 
 LIMIT %(param_1)s
2026-07-28 13:17:33,852 | INFO | [cached since 1146s ago] {'email_1': 'mkevatraj@gmail.com', 'param_1': 1}
2026-07-28 13:17:33,856 | INFO | SELECT notes.id AS notes_id, notes.title AS notes_title, notes.content AS notes_content, notes.tag AS notes_tag, notes.owner_id AS notes_owner_id, notes.created_at AS notes_created_at 
FROM notes 
WHERE notes.owner_id = %(owner_id_1)s 
 LIMIT %(param_1)s, %(param_2)s
2026-07-28 13:17:33,856 | INFO | [cached since 791.9s ago] {'owner_id_1': 4, 'param_1': 0, 'param_2': 10}
2026-07-28 13:17:33,860 | INFO | GET /notes Status=200 Time=11.94ms
2026-07-28 13:17:33,861 | INFO | ROLLBACK
2026-07-28 13:17:34,396 | INFO | BEGIN (implicit)
2026-07-28 13:17:34,397 | INFO | SELECT users.id AS users_id, users.name AS users_name, users.email AS users_email, users.password AS users_password, users.created_at AS users_created_at 
FROM users 
WHERE users.email = %(email_1)s 
 LIMIT %(param_1)s
2026-07-28 13:17:34,397 | INFO | [cached since 1147s ago] {'email_1': 'mkevatraj@gmail.com', 'param_1': 1}
2026-07-28 13:17:34,401 | INFO | SELECT notes.id AS notes_id, notes.title AS notes_title, notes.content AS notes_content, notes.tag AS notes_tag, notes.owner_id AS notes_owner_id, notes.created_at AS notes_created_at 
FROM notes 
WHERE notes.owner_id = %(owner_id_1)s 
 LIMIT %(param_1)s, %(param_2)s
2026-07-28 13:17:34,402 | INFO | [cached since 792.5s ago] {'owner_id_1': 4, 'param_1': 0, 'param_2': 10}
2026-07-28 13:17:34,406 | INFO | GET /notes Status=200 Time=11.98ms
2026-07-28 13:17:34,407 | INFO | ROLLBACK
2026-07-28 13:20:29,628 | INFO | OPTIONS /notes Status=200 Time=0.37ms
2026-07-28 13:20:29,676 | INFO | BEGIN (implicit)
2026-07-28 13:20:29,695 | INFO | SELECT users.id AS users_id, users.name AS users_name, users.email AS users_email, users.password AS users_password, users.created_at AS users_created_at 
FROM users 
WHERE users.email = %(email_1)s 
 LIMIT %(param_1)s
2026-07-28 13:20:29,698 | INFO | [cached since 1322s ago] {'email_1': 'mkevatraj@gmail.com', 'param_1': 1}
2026-07-28 13:20:29,707 | INFO | SELECT notes.id AS notes_id, notes.title AS notes_title, notes.content AS notes_content, notes.tag AS notes_tag, notes.owner_id AS notes_owner_id, notes.created_at AS notes_created_at 
FROM notes 
WHERE notes.owner_id = %(owner_id_1)s 
 LIMIT %(param_1)s, %(param_2)s
2026-07-28 13:20:29,714 | INFO | [cached since 967.8s ago] {'owner_id_1': 4, 'param_1': 0, 'param_2': 10}
2026-07-28 13:20:29,717 | INFO | GET /notes Status=200 Time=44.17ms
2026-07-28 13:20:29,733 | INFO | ROLLBACK
2026-07-28 13:20:44,961 | INFO | BEGIN (implicit)
2026-07-28 13:20:44,961 | INFO | SELECT users.id AS users_id, users.name AS users_name, users.email AS users_email, users.password AS users_password, users.created_at AS users_created_at 
FROM users 
WHERE users.email = %(email_1)s 
 LIMIT %(param_1)s
2026-07-28 13:20:44,962 | INFO | [cached since 1337s ago] {'email_1': 'mkevatraj@gmail.com', 'param_1': 1}
2026-07-28 13:20:44,965 | INFO | SELECT notes.id AS notes_id, notes.title AS notes_title, notes.content AS notes_content, notes.tag AS notes_tag, notes.owner_id AS notes_owner_id, notes.created_at AS notes_created_at 
FROM notes 
WHERE notes.owner_id = %(owner_id_1)s 
 LIMIT %(param_1)s, %(param_2)s
2026-07-28 13:20:44,966 | INFO | [cached since 983.1s ago] {'owner_id_1': 4, 'param_1': 0, 'param_2': 10}
2026-07-28 13:20:44,974 | INFO | GET /notes Status=200 Time=14.99ms
2026-07-28 13:20:44,976 | INFO | ROLLBACK
2026-07-28 13:21:15,091 | INFO | BEGIN (implicit)
2026-07-28 13:21:15,117 | INFO | SELECT users.id AS users_id, users.name AS users_name, users.email AS users_email, users.password AS users_password, users.created_at AS users_created_at 
FROM users 
WHERE users.email = %(email_1)s 
 LIMIT %(param_1)s
2026-07-28 13:21:15,131 | INFO | [cached since 1367s ago] {'email_1': 'mkevatraj@gmail.com', 'param_1': 1}
2026-07-28 13:21:15,138 | INFO | SELECT notes.id AS notes_id, notes.title AS notes_title, notes.content AS notes_content, notes.tag AS notes_tag, notes.owner_id AS notes_owner_id, notes.created_at AS notes_created_at 
FROM notes 
WHERE notes.owner_id = %(owner_id_1)s 
 LIMIT %(param_1)s, %(param_2)s
2026-07-28 13:21:15,150 | INFO | [cached since 1013s ago] {'owner_id_1': 4, 'param_1': 0, 'param_2': 10}
2026-07-28 13:21:15,155 | INFO | GET /notes Status=200 Time=67.13ms
2026-07-28 13:21:15,156 | INFO | ROLLBACK
2026-07-28 13:21:18,179 | INFO | BEGIN (implicit)
2026-07-28 13:21:18,181 | INFO | SELECT users.id AS users_id, users.name AS users_name, users.email AS users_email, users.password AS users_password, users.created_at AS users_created_at 
FROM users 
WHERE users.email = %(email_1)s 
 LIMIT %(param_1)s
2026-07-28 13:21:18,181 | INFO | [cached since 1370s ago] {'email_1': 'mkevatraj@gmail.com', 'param_1': 1}
2026-07-28 13:21:18,185 | INFO | SELECT notes.id AS notes_id, notes.title AS notes_title, notes.content AS notes_content, notes.tag AS notes_tag, notes.owner_id AS notes_owner_id, notes.created_at AS notes_created_at 
FROM notes 
WHERE notes.owner_id = %(owner_id_1)s 
 LIMIT %(param_1)s, %(param_2)s
2026-07-28 13:21:18,185 | INFO | [cached since 1016s ago] {'owner_id_1': 4, 'param_1': 0, 'param_2': 10}
2026-07-28 13:21:18,189 | INFO | GET /notes Status=200 Time=13.04ms
2026-07-28 13:21:18,190 | INFO | ROLLBACK
2026-07-28 13:21:18,513 | INFO | BEGIN (implicit)
2026-07-28 13:21:18,513 | INFO | SELECT users.id AS users_id, users.name AS users_name, users.email AS users_email, users.password AS users_password, users.created_at AS users_created_at 
FROM users 
WHERE users.email = %(email_1)s 
 LIMIT %(param_1)s
2026-07-28 13:21:18,514 | INFO | [cached since 1371s ago] {'email_1': 'mkevatraj@gmail.com', 'param_1': 1}
2026-07-28 13:21:18,517 | INFO | SELECT notes.id AS notes_id, notes.title AS notes_title, notes.content AS notes_content, notes.tag AS notes_tag, notes.owner_id AS notes_owner_id, notes.created_at AS notes_created_at 
FROM notes 
WHERE notes.owner_id = %(owner_id_1)s 
 LIMIT %(param_1)s, %(param_2)s
2026-07-28 13:21:18,517 | INFO | [cached since 1017s ago] {'owner_id_1': 4, 'param_1': 0, 'param_2': 10}
2026-07-28 13:21:18,520 | INFO | GET /notes Status=200 Time=10.96ms
2026-07-28 13:21:18,522 | INFO | ROLLBACK
2026-07-28 13:21:18,981 | INFO | BEGIN (implicit)
2026-07-28 13:21:18,982 | INFO | SELECT users.id AS users_id, users.name AS users_name, users.email AS users_email, users.password AS users_password, users.created_at AS users_created_at 
FROM users 
WHERE users.email = %(email_1)s 
 LIMIT %(param_1)s
2026-07-28 13:21:18,982 | INFO | [cached since 1371s ago] {'email_1': 'mkevatraj@gmail.com', 'param_1': 1}
2026-07-28 13:21:18,985 | INFO | SELECT notes.id AS notes_id, notes.title AS notes_title, notes.content AS notes_content, notes.tag AS notes_tag, notes.owner_id AS notes_owner_id, notes.created_at AS notes_created_at 
FROM notes 
WHERE notes.owner_id = %(owner_id_1)s 
 LIMIT %(param_1)s, %(param_2)s
2026-07-28 13:21:18,986 | INFO | [cached since 1017s ago] {'owner_id_1': 4, 'param_1': 0, 'param_2': 10}
2026-07-28 13:21:18,989 | INFO | GET /notes Status=200 Time=9.73ms
2026-07-28 13:21:18,990 | INFO | ROLLBACK
2026-07-28 13:21:19,700 | INFO | BEGIN (implicit)
2026-07-28 13:21:19,700 | INFO | SELECT users.id AS users_id, users.name AS users_name, users.email AS users_email, users.password AS users_password, users.created_at AS users_created_at 
FROM users 
WHERE users.email = %(email_1)s 
 LIMIT %(param_1)s
2026-07-28 13:21:19,701 | INFO | [cached since 1372s ago] {'email_1': 'mkevatraj@gmail.com', 'param_1': 1}
2026-07-28 13:21:19,704 | INFO | SELECT notes.id AS notes_id, notes.title AS notes_title, notes.content AS notes_content, notes.tag AS notes_tag, notes.owner_id AS notes_owner_id, notes.created_at AS notes_created_at 
FROM notes 
WHERE notes.owner_id = %(owner_id_1)s 
 LIMIT %(param_1)s, %(param_2)s
2026-07-28 13:21:19,705 | INFO | [cached since 1018s ago] {'owner_id_1': 4, 'param_1': 0, 'param_2': 10}
2026-07-28 13:21:19,713 | INFO | GET /notes Status=200 Time=15.12ms
2026-07-28 13:21:19,714 | INFO | ROLLBACK
2026-07-28 13:21:21,025 | INFO | BEGIN (implicit)
2026-07-28 13:21:21,026 | INFO | SELECT users.id AS users_id, users.name AS users_name, users.email AS users_email, users.password AS users_password, users.created_at AS users_created_at 
FROM users 
WHERE users.email = %(email_1)s 
 LIMIT %(param_1)s
2026-07-28 13:21:21,027 | INFO | [cached since 1373s ago] {'email_1': 'mkevatraj@gmail.com', 'param_1': 1}
2026-07-28 13:21:21,031 | INFO | SELECT notes.id AS notes_id, notes.title AS notes_title, notes.content AS notes_content, notes.tag AS notes_tag, notes.owner_id AS notes_owner_id, notes.created_at AS notes_created_at 
FROM notes 
WHERE notes.owner_id = %(owner_id_1)s 
 LIMIT %(param_1)s, %(param_2)s
2026-07-28 13:21:21,031 | INFO | [cached since 1019s ago] {'owner_id_1': 4, 'param_1': 0, 'param_2': 10}
2026-07-28 13:21:21,034 | INFO | GET /notes Status=200 Time=11.67ms
2026-07-28 13:21:21,036 | INFO | ROLLBACK
2026-07-28 13:21:22,126 | INFO | BEGIN (implicit)
2026-07-28 13:21:22,129 | INFO | SELECT users.id AS users_id, users.name AS users_name, users.email AS users_email, users.password AS users_password, users.created_at AS users_created_at 
FROM users 
WHERE users.email = %(email_1)s 
 LIMIT %(param_1)s
2026-07-28 13:21:22,130 | INFO | [cached since 1374s ago] {'email_1': 'mkevatraj@gmail.com', 'param_1': 1}
2026-07-28 13:21:22,134 | INFO | SELECT notes.id AS notes_id, notes.title AS notes_title, notes.content AS notes_content, notes.tag AS notes_tag, notes.owner_id AS notes_owner_id, notes.created_at AS notes_created_at 
FROM notes 
WHERE notes.owner_id = %(owner_id_1)s 
 LIMIT %(param_1)s, %(param_2)s
2026-07-28 13:21:22,134 | INFO | [cached since 1020s ago] {'owner_id_1': 4, 'param_1': 0, 'param_2': 10}
2026-07-28 13:21:22,138 | INFO | GET /notes Status=200 Time=14.45ms
2026-07-28 13:21:22,140 | INFO | ROLLBACK
2026-07-28 13:22:02,283 | INFO | BEGIN (implicit)
2026-07-28 13:22:02,297 | INFO | SELECT users.id AS users_id, users.name AS users_name, users.email AS users_email, users.password AS users_password, users.created_at AS users_created_at 
FROM users 
WHERE users.email = %(email_1)s 
 LIMIT %(param_1)s
2026-07-28 13:22:02,307 | INFO | [cached since 1414s ago] {'email_1': 'mkevatraj@gmail.com', 'param_1': 1}
2026-07-28 13:22:02,311 | INFO | SELECT notes.id AS notes_id, notes.title AS notes_title, notes.content AS notes_content, notes.tag AS notes_tag, notes.owner_id AS notes_owner_id, notes.created_at AS notes_created_at 
FROM notes 
WHERE notes.owner_id = %(owner_id_1)s 
 LIMIT %(param_1)s, %(param_2)s
2026-07-28 13:22:02,312 | INFO | [cached since 1060s ago] {'owner_id_1': 4, 'param_1': 0, 'param_2': 10}
2026-07-28 13:22:02,316 | INFO | GET /notes Status=200 Time=35.22ms
2026-07-28 13:22:02,317 | INFO | ROLLBACK
2026-07-28 13:22:03,139 | INFO | BEGIN (implicit)
2026-07-28 13:22:03,140 | INFO | SELECT users.id AS users_id, users.name AS users_name, users.email AS users_email, users.password AS users_password, users.created_at AS users_created_at 
FROM users 
WHERE users.email = %(email_1)s 
 LIMIT %(param_1)s
2026-07-28 13:22:03,146 | INFO | [cached since 1415s ago] {'email_1': 'mkevatraj@gmail.com', 'param_1': 1}
2026-07-28 13:22:03,151 | INFO | SELECT notes.id AS notes_id, notes.title AS notes_title, notes.content AS notes_content, notes.tag AS notes_tag, notes.owner_id AS notes_owner_id, notes.created_at AS notes_created_at 
FROM notes 
WHERE notes.owner_id = %(owner_id_1)s 
 LIMIT %(param_1)s, %(param_2)s
2026-07-28 13:22:03,151 | INFO | [cached since 1061s ago] {'owner_id_1': 4, 'param_1': 0, 'param_2': 10}
2026-07-28 13:22:03,377 | INFO | GET /notes Status=200 Time=242.84ms
2026-07-28 13:22:03,379 | INFO | ROLLBACK
2026-07-28 13:22:03,382 | INFO | BEGIN (implicit)
2026-07-28 13:22:03,383 | INFO | SELECT users.id AS users_id, users.name AS users_name, users.email AS users_email, users.password AS users_password, users.created_at AS users_created_at 
FROM users 
WHERE users.email = %(email_1)s 
 LIMIT %(param_1)s
2026-07-28 13:22:03,384 | INFO | [cached since 1416s ago] {'email_1': 'mkevatraj@gmail.com', 'param_1': 1}
2026-07-28 13:22:03,390 | INFO | SELECT notes.id AS notes_id, notes.title AS notes_title, notes.content AS notes_content, notes.tag AS notes_tag, notes.owner_id AS notes_owner_id, notes.created_at AS notes_created_at 
FROM notes 
WHERE notes.owner_id = %(owner_id_1)s 
 LIMIT %(param_1)s, %(param_2)s
2026-07-28 13:22:03,391 | INFO | [cached since 1061s ago] {'owner_id_1': 4, 'param_1': 0, 'param_2': 10}
2026-07-28 13:22:03,395 | INFO | GET /notes Status=200 Time=19.78ms
2026-07-28 13:22:03,397 | INFO | ROLLBACK
2026-07-28 13:22:51,338 | INFO | BEGIN (implicit)
2026-07-28 13:22:51,340 | INFO | SELECT users.id AS users_id, users.name AS users_name, users.email AS users_email, users.password AS users_password, users.created_at AS users_created_at 
FROM users 
WHERE users.email = %(email_1)s 
 LIMIT %(param_1)s
2026-07-28 13:22:51,341 | INFO | [cached since 1463s ago] {'email_1': 'mkevatraj@gmail.com', 'param_1': 1}
2026-07-28 13:22:51,345 | INFO | SELECT notes.id AS notes_id, notes.title AS notes_title, notes.content AS notes_content, notes.tag AS notes_tag, notes.owner_id AS notes_owner_id, notes.created_at AS notes_created_at 
FROM notes 
WHERE notes.owner_id = %(owner_id_1)s 
 LIMIT %(param_1)s, %(param_2)s
2026-07-28 13:22:51,357 | INFO | [cached since 1109s ago] {'owner_id_1': 4, 'param_1': 0, 'param_2': 10}
2026-07-28 13:22:51,362 | INFO | GET /notes Status=200 Time=26.91ms
2026-07-28 13:22:51,368 | INFO | ROLLBACK
2026-07-28 13:22:51,825 | INFO | BEGIN (implicit)
2026-07-28 13:22:51,825 | INFO | SELECT users.id AS users_id, users.name AS users_name, users.email AS users_email, users.password AS users_password, users.created_at AS users_created_at 
FROM users 
WHERE users.email = %(email_1)s 
 LIMIT %(param_1)s
2026-07-28 13:22:51,826 | INFO | [cached since 1464s ago] {'email_1': 'mkevatraj@gmail.com', 'param_1': 1}
2026-07-28 13:22:51,831 | INFO | SELECT notes.id AS notes_id, notes.title AS notes_title, notes.content AS notes_content, notes.tag AS notes_tag, notes.owner_id AS notes_owner_id, notes.created_at AS notes_created_at 
FROM notes 
WHERE notes.owner_id = %(owner_id_1)s 
 LIMIT %(param_1)s, %(param_2)s
2026-07-28 13:22:51,831 | INFO | [cached since 1110s ago] {'owner_id_1': 4, 'param_1': 0, 'param_2': 10}
2026-07-28 13:22:51,835 | INFO | GET /notes Status=200 Time=12.0ms
2026-07-28 13:22:51,836 | INFO | ROLLBACK
2026-07-28 13:22:52,346 | INFO | BEGIN (implicit)
2026-07-28 13:22:52,347 | INFO | SELECT users.id AS users_id, users.name AS users_name, users.email AS users_email, users.password AS users_password, users.created_at AS users_created_at 
FROM users 
WHERE users.email = %(email_1)s 
 LIMIT %(param_1)s
2026-07-28 13:22:52,347 | INFO | [cached since 1464s ago] {'email_1': 'mkevatraj@gmail.com', 'param_1': 1}
2026-07-28 13:22:52,351 | INFO | SELECT notes.id AS notes_id, notes.title AS notes_title, notes.content AS notes_content, notes.tag AS notes_tag, notes.owner_id AS notes_owner_id, notes.created_at AS notes_created_at 
FROM notes 
WHERE notes.owner_id = %(owner_id_1)s 
 LIMIT %(param_1)s, %(param_2)s
2026-07-28 13:22:52,351 | INFO | [cached since 1110s ago] {'owner_id_1': 4, 'param_1': 0, 'param_2': 10}
2026-07-28 13:22:52,355 | INFO | GET /notes Status=200 Time=12.03ms
2026-07-28 13:22:52,357 | INFO | ROLLBACK
2026-07-28 13:22:53,372 | INFO | BEGIN (implicit)
2026-07-28 13:22:53,373 | INFO | SELECT users.id AS users_id, users.name AS users_name, users.email AS users_email, users.password AS users_password, users.created_at AS users_created_at 
FROM users 
WHERE users.email = %(email_1)s 
 LIMIT %(param_1)s
2026-07-28 13:22:53,374 | INFO | [cached since 1466s ago] {'email_1': 'mkevatraj@gmail.com', 'param_1': 1}
2026-07-28 13:22:53,377 | INFO | SELECT notes.id AS notes_id, notes.title AS notes_title, notes.content AS notes_content, notes.tag AS notes_tag, notes.owner_id AS notes_owner_id, notes.created_at AS notes_created_at 
FROM notes 
WHERE notes.owner_id = %(owner_id_1)s 
 LIMIT %(param_1)s, %(param_2)s
2026-07-28 13:22:53,378 | INFO | [cached since 1111s ago] {'owner_id_1': 4, 'param_1': 0, 'param_2': 10}
2026-07-28 13:22:53,383 | INFO | GET /notes Status=200 Time=12.5ms
2026-07-28 13:22:53,384 | INFO | ROLLBACK
2026-07-28 13:23:35,432 | INFO | BEGIN (implicit)
2026-07-28 13:23:35,433 | INFO | SELECT users.id AS users_id, users.name AS users_name, users.email AS users_email, users.password AS users_password, users.created_at AS users_created_at 
FROM users 
WHERE users.email = %(email_1)s 
 LIMIT %(param_1)s
2026-07-28 13:23:35,434 | INFO | [cached since 1508s ago] {'email_1': 'mkevatraj@gmail.com', 'param_1': 1}
2026-07-28 13:23:35,443 | INFO | SELECT notes.id AS notes_id, notes.title AS notes_title, notes.content AS notes_content, notes.tag AS notes_tag, notes.owner_id AS notes_owner_id, notes.created_at AS notes_created_at 
FROM notes 
WHERE notes.owner_id = %(owner_id_1)s 
 LIMIT %(param_1)s, %(param_2)s
2026-07-28 13:23:35,444 | INFO | [cached since 1154s ago] {'owner_id_1': 4, 'param_1': 0, 'param_2': 10}
2026-07-28 13:23:35,448 | INFO | GET /notes Status=200 Time=20.49ms
2026-07-28 13:23:35,451 | INFO | ROLLBACK
2026-07-28 13:23:39,212 | INFO | BEGIN (implicit)
2026-07-28 13:23:39,214 | INFO | SELECT users.id AS users_id, users.name AS users_name, users.email AS users_email, users.password AS users_password, users.created_at AS users_created_at 
FROM users 
WHERE users.email = %(email_1)s 
 LIMIT %(param_1)s
2026-07-28 13:23:39,218 | INFO | [cached since 1511s ago] {'email_1': 'mkevatraj@gmail.com', 'param_1': 1}
2026-07-28 13:23:39,224 | INFO | SELECT notes.id AS notes_id, notes.title AS notes_title, notes.content AS notes_content, notes.tag AS notes_tag, notes.owner_id AS notes_owner_id, notes.created_at AS notes_created_at 
FROM notes 
WHERE notes.owner_id = %(owner_id_1)s 
 LIMIT %(param_1)s, %(param_2)s
2026-07-28 13:23:39,225 | INFO | [cached since 1157s ago] {'owner_id_1': 4, 'param_1': 0, 'param_2': 10}
2026-07-28 13:23:39,228 | INFO | GET /notes Status=200 Time=27.94ms
2026-07-28 13:23:39,229 | INFO | ROLLBACK
2026-07-28 13:23:39,972 | INFO | BEGIN (implicit)
2026-07-28 13:23:39,974 | INFO | SELECT users.id AS users_id, users.name AS users_name, users.email AS users_email, users.password AS users_password, users.created_at AS users_created_at 
FROM users 
WHERE users.email = %(email_1)s 
 LIMIT %(param_1)s
2026-07-28 13:23:39,974 | INFO | [cached since 1512s ago] {'email_1': 'mkevatraj@gmail.com', 'param_1': 1}
2026-07-28 13:23:39,977 | INFO | SELECT notes.id AS notes_id, notes.title AS notes_title, notes.content AS notes_content, notes.tag AS notes_tag, notes.owner_id AS notes_owner_id, notes.created_at AS notes_created_at 
FROM notes 
WHERE notes.owner_id = %(owner_id_1)s 
 LIMIT %(param_1)s, %(param_2)s
2026-07-28 13:23:39,979 | INFO | [cached since 1158s ago] {'owner_id_1': 4, 'param_1': 0, 'param_2': 10}
2026-07-28 13:23:39,982 | INFO | GET /notes Status=200 Time=14.86ms
2026-07-28 13:23:39,993 | INFO | ROLLBACK
2026-07-28 13:23:40,463 | INFO | BEGIN (implicit)
2026-07-28 13:23:40,465 | INFO | SELECT users.id AS users_id, users.name AS users_name, users.email AS users_email, users.password AS users_password, users.created_at AS users_created_at 
FROM users 
WHERE users.email = %(email_1)s 
 LIMIT %(param_1)s
2026-07-28 13:23:40,466 | INFO | [cached since 1513s ago] {'email_1': 'mkevatraj@gmail.com', 'param_1': 1}
2026-07-28 13:23:40,479 | INFO | SELECT notes.id AS notes_id, notes.title AS notes_title, notes.content AS notes_content, notes.tag AS notes_tag, notes.owner_id AS notes_owner_id, notes.created_at AS notes_created_at 
FROM notes 
WHERE notes.owner_id = %(owner_id_1)s 
 LIMIT %(param_1)s, %(param_2)s
2026-07-28 13:23:40,480 | INFO | [cached since 1159s ago] {'owner_id_1': 4, 'param_1': 0, 'param_2': 10}
2026-07-28 13:23:40,488 | INFO | GET /notes Status=200 Time=27.56ms
2026-07-28 13:23:40,495 | INFO | ROLLBACK
2026-07-28 13:23:44,231 | INFO | BEGIN (implicit)
2026-07-28 13:23:44,232 | INFO | SELECT users.id AS users_id, users.name AS users_name, users.email AS users_email, users.password AS users_password, users.created_at AS users_created_at 
FROM users 
WHERE users.email = %(email_1)s 
 LIMIT %(param_1)s
2026-07-28 13:23:44,232 | INFO | [cached since 1516s ago] {'email_1': 'mkevatraj@gmail.com', 'param_1': 1}
2026-07-28 13:23:44,238 | INFO | SELECT notes.id AS notes_id, notes.title AS notes_title, notes.content AS notes_content, notes.tag AS notes_tag, notes.owner_id AS notes_owner_id, notes.created_at AS notes_created_at 
FROM notes 
WHERE notes.owner_id = %(owner_id_1)s 
 LIMIT %(param_1)s, %(param_2)s
2026-07-28 13:23:44,241 | INFO | [cached since 1162s ago] {'owner_id_1': 4, 'param_1': 0, 'param_2': 10}
2026-07-28 13:23:44,248 | INFO | GET /notes Status=200 Time=18.82ms
2026-07-28 13:23:44,250 | INFO | ROLLBACK
2026-07-28 13:23:44,624 | INFO | BEGIN (implicit)
2026-07-28 13:23:44,633 | INFO | SELECT users.id AS users_id, users.name AS users_name, users.email AS users_email, users.password AS users_password, users.created_at AS users_created_at 
FROM users 
WHERE users.email = %(email_1)s 
 LIMIT %(param_1)s
2026-07-28 13:23:44,638 | INFO | [cached since 1517s ago] {'email_1': 'mkevatraj@gmail.com', 'param_1': 1}
2026-07-28 13:23:44,643 | INFO | SELECT notes.id AS notes_id, notes.title AS notes_title, notes.content AS notes_content, notes.tag AS notes_tag, notes.owner_id AS notes_owner_id, notes.created_at AS notes_created_at 
FROM notes 
WHERE notes.owner_id = %(owner_id_1)s 
 LIMIT %(param_1)s, %(param_2)s
2026-07-28 13:23:44,663 | INFO | [cached since 1163s ago] {'owner_id_1': 4, 'param_1': 0, 'param_2': 10}
2026-07-28 13:23:44,667 | INFO | GET /notes Status=200 Time=46.01ms
2026-07-28 13:23:44,673 | INFO | ROLLBACK
2026-07-28 13:23:45,323 | INFO | BEGIN (implicit)
2026-07-28 13:23:45,339 | INFO | SELECT users.id AS users_id, users.name AS users_name, users.email AS users_email, users.password AS users_password, users.created_at AS users_created_at 
FROM users 
WHERE users.email = %(email_1)s 
 LIMIT %(param_1)s
2026-07-28 13:23:45,347 | INFO | [cached since 1517s ago] {'email_1': 'mkevatraj@gmail.com', 'param_1': 1}
2026-07-28 13:23:45,352 | INFO | SELECT notes.id AS notes_id, notes.title AS notes_title, notes.content AS notes_content, notes.tag AS notes_tag, notes.owner_id AS notes_owner_id, notes.created_at AS notes_created_at 
FROM notes 
WHERE notes.owner_id = %(owner_id_1)s 
 LIMIT %(param_1)s, %(param_2)s
2026-07-28 13:23:45,356 | INFO | [cached since 1163s ago] {'owner_id_1': 4, 'param_1': 0, 'param_2': 10}
2026-07-28 13:23:45,360 | INFO | GET /notes Status=200 Time=46.34ms
2026-07-28 13:23:45,362 | INFO | ROLLBACK
2026-07-28 13:23:45,973 | INFO | BEGIN (implicit)
2026-07-28 13:23:45,975 | INFO | SELECT users.id AS users_id, users.name AS users_name, users.email AS users_email, users.password AS users_password, users.created_at AS users_created_at 
FROM users 
WHERE users.email = %(email_1)s 
 LIMIT %(param_1)s
2026-07-28 13:23:45,976 | INFO | [cached since 1518s ago] {'email_1': 'mkevatraj@gmail.com', 'param_1': 1}
2026-07-28 13:23:45,983 | INFO | SELECT notes.id AS notes_id, notes.title AS notes_title, notes.content AS notes_content, notes.tag AS notes_tag, notes.owner_id AS notes_owner_id, notes.created_at AS notes_created_at 
FROM notes 
WHERE notes.owner_id = %(owner_id_1)s 
 LIMIT %(param_1)s, %(param_2)s
2026-07-28 13:23:45,984 | INFO | [cached since 1164s ago] {'owner_id_1': 4, 'param_1': 0, 'param_2': 10}
2026-07-28 13:23:45,989 | INFO | GET /notes Status=200 Time=22.82ms
2026-07-28 13:23:45,991 | INFO | ROLLBACK
2026-07-28 13:23:50,262 | INFO | BEGIN (implicit)
2026-07-28 13:23:50,273 | INFO | SELECT users.id AS users_id, users.name AS users_name, users.email AS users_email, users.password AS users_password, users.created_at AS users_created_at 
FROM users 
WHERE users.email = %(email_1)s 
 LIMIT %(param_1)s
2026-07-28 13:23:50,274 | INFO | [cached since 1522s ago] {'email_1': 'mkevatraj@gmail.com', 'param_1': 1}
2026-07-28 13:23:50,278 | INFO | SELECT notes.id AS notes_id, notes.title AS notes_title, notes.content AS notes_content, notes.tag AS notes_tag, notes.owner_id AS notes_owner_id, notes.created_at AS notes_created_at 
FROM notes 
WHERE notes.owner_id = %(owner_id_1)s 
 LIMIT %(param_1)s, %(param_2)s
2026-07-28 13:23:50,279 | INFO | [cached since 1168s ago] {'owner_id_1': 4, 'param_1': 0, 'param_2': 10}
2026-07-28 13:23:50,283 | INFO | GET /notes Status=200 Time=22.04ms
2026-07-28 13:23:50,288 | INFO | ROLLBACK
2026-07-28 13:24:32,716 | INFO | BEGIN (implicit)
2026-07-28 13:24:32,717 | INFO | SELECT users.id AS users_id, users.name AS users_name, users.email AS users_email, users.password AS users_password, users.created_at AS users_created_at 
FROM users 
WHERE users.email = %(email_1)s 
 LIMIT %(param_1)s
2026-07-28 13:24:32,718 | INFO | [cached since 1565s ago] {'email_1': 'mkevatraj@gmail.com', 'param_1': 1}
2026-07-28 13:24:32,722 | INFO | SELECT notes.id AS notes_id, notes.title AS notes_title, notes.content AS notes_content, notes.tag AS notes_tag, notes.owner_id AS notes_owner_id, notes.created_at AS notes_created_at 
FROM notes 
WHERE notes.owner_id = %(owner_id_1)s 
 LIMIT %(param_1)s, %(param_2)s
2026-07-28 13:24:32,722 | INFO | [cached since 1211s ago] {'owner_id_1': 4, 'param_1': 0, 'param_2': 10}
2026-07-28 13:24:32,727 | INFO | GET /notes Status=200 Time=13.04ms
2026-07-28 13:24:32,729 | INFO | ROLLBACK
2026-07-28 13:24:33,135 | INFO | BEGIN (implicit)
2026-07-28 13:24:33,135 | INFO | SELECT users.id AS users_id, users.name AS users_name, users.email AS users_email, users.password AS users_password, users.created_at AS users_created_at 
FROM users 
WHERE users.email = %(email_1)s 
 LIMIT %(param_1)s
2026-07-28 13:24:33,136 | INFO | [cached since 1565s ago] {'email_1': 'mkevatraj@gmail.com', 'param_1': 1}
2026-07-28 13:24:33,139 | INFO | SELECT notes.id AS notes_id, notes.title AS notes_title, notes.content AS notes_content, notes.tag AS notes_tag, notes.owner_id AS notes_owner_id, notes.created_at AS notes_created_at 
FROM notes 
WHERE notes.owner_id = %(owner_id_1)s 
 LIMIT %(param_1)s, %(param_2)s
2026-07-28 13:24:33,140 | INFO | [cached since 1211s ago] {'owner_id_1': 4, 'param_1': 0, 'param_2': 10}
2026-07-28 13:24:33,144 | INFO | GET /notes Status=200 Time=11.79ms
2026-07-28 13:24:33,147 | INFO | ROLLBACK
2026-07-28 13:24:33,471 | INFO | BEGIN (implicit)
2026-07-28 13:24:33,473 | INFO | SELECT users.id AS users_id, users.name AS users_name, users.email AS users_email, users.password AS users_password, users.created_at AS users_created_at 
FROM users 
WHERE users.email = %(email_1)s 
 LIMIT %(param_1)s
2026-07-28 13:24:33,474 | INFO | [cached since 1566s ago] {'email_1': 'mkevatraj@gmail.com', 'param_1': 1}
2026-07-28 13:24:33,478 | INFO | SELECT notes.id AS notes_id, notes.title AS notes_title, notes.content AS notes_content, notes.tag AS notes_tag, notes.owner_id AS notes_owner_id, notes.created_at AS notes_created_at 
FROM notes 
WHERE notes.owner_id = %(owner_id_1)s 
 LIMIT %(param_1)s, %(param_2)s
2026-07-28 13:24:33,479 | INFO | [cached since 1212s ago] {'owner_id_1': 4, 'param_1': 0, 'param_2': 10}
2026-07-28 13:24:33,482 | INFO | GET /notes Status=200 Time=13.13ms
2026-07-28 13:24:33,485 | INFO | ROLLBACK
2026-07-28 13:24:34,170 | INFO | BEGIN (implicit)
2026-07-28 13:24:34,171 | INFO | SELECT users.id AS users_id, users.name AS users_name, users.email AS users_email, users.password AS users_password, users.created_at AS users_created_at 
FROM users 
WHERE users.email = %(email_1)s 
 LIMIT %(param_1)s
2026-07-28 13:24:34,171 | INFO | [cached since 1566s ago] {'email_1': 'mkevatraj@gmail.com', 'param_1': 1}
2026-07-28 13:24:34,174 | INFO | SELECT notes.id AS notes_id, notes.title AS notes_title, notes.content AS notes_content, notes.tag AS notes_tag, notes.owner_id AS notes_owner_id, notes.created_at AS notes_created_at 
FROM notes 
WHERE notes.owner_id = %(owner_id_1)s 
 LIMIT %(param_1)s, %(param_2)s
2026-07-28 13:24:34,175 | INFO | [cached since 1212s ago] {'owner_id_1': 4, 'param_1': 0, 'param_2': 10}
2026-07-28 13:24:34,179 | INFO | GET /notes Status=200 Time=11.58ms
2026-07-28 13:24:34,181 | INFO | ROLLBACK
2026-07-28 13:24:35,371 | INFO | BEGIN (implicit)
2026-07-28 13:24:35,373 | INFO | SELECT users.id AS users_id, users.name AS users_name, users.email AS users_email, users.password AS users_password, users.created_at AS users_created_at 
FROM users 
WHERE users.email = %(email_1)s 
 LIMIT %(param_1)s
2026-07-28 13:24:35,373 | INFO | [cached since 1568s ago] {'email_1': 'mkevatraj@gmail.com', 'param_1': 1}
2026-07-28 13:24:35,378 | INFO | SELECT notes.id AS notes_id, notes.title AS notes_title, notes.content AS notes_content, notes.tag AS notes_tag, notes.owner_id AS notes_owner_id, notes.created_at AS notes_created_at 
FROM notes 
WHERE notes.owner_id = %(owner_id_1)s 
 LIMIT %(param_1)s, %(param_2)s
2026-07-28 13:24:35,378 | INFO | [cached since 1213s ago] {'owner_id_1': 4, 'param_1': 0, 'param_2': 10}
2026-07-28 13:24:35,382 | INFO | GET /notes Status=200 Time=12.25ms
2026-07-28 13:24:35,383 | INFO | ROLLBACK
2026-07-28 13:24:54,227 | INFO | BEGIN (implicit)
2026-07-28 13:24:54,227 | INFO | SELECT users.id AS users_id, users.name AS users_name, users.email AS users_email, users.password AS users_password, users.created_at AS users_created_at 
FROM users 
WHERE users.email = %(email_1)s 
 LIMIT %(param_1)s
2026-07-28 13:24:54,228 | INFO | [cached since 1586s ago] {'email_1': 'mkevatraj@gmail.com', 'param_1': 1}
2026-07-28 13:24:54,231 | INFO | SELECT notes.id AS notes_id, notes.title AS notes_title, notes.content AS notes_content, notes.tag AS notes_tag, notes.owner_id AS notes_owner_id, notes.created_at AS notes_created_at 
FROM notes 
WHERE notes.owner_id = %(owner_id_1)s 
 LIMIT %(param_1)s, %(param_2)s
2026-07-28 13:24:54,232 | INFO | [cached since 1232s ago] {'owner_id_1': 4, 'param_1': 0, 'param_2': 10}
2026-07-28 13:24:54,236 | INFO | GET /notes Status=200 Time=12.66ms
2026-07-28 13:24:54,238 | INFO | ROLLBACK
2026-07-28 13:24:54,540 | INFO | BEGIN (implicit)
2026-07-28 13:24:54,541 | INFO | SELECT users.id AS users_id, users.name AS users_name, users.email AS users_email, users.password AS users_password, users.created_at AS users_created_at 
FROM users 
WHERE users.email = %(email_1)s 
 LIMIT %(param_1)s
2026-07-28 13:24:54,541 | INFO | [cached since 1587s ago] {'email_1': 'mkevatraj@gmail.com', 'param_1': 1}
2026-07-28 13:24:54,544 | INFO | SELECT notes.id AS notes_id, notes.title AS notes_title, notes.content AS notes_content, notes.tag AS notes_tag, notes.owner_id AS notes_owner_id, notes.created_at AS notes_created_at 
FROM notes 
WHERE notes.owner_id = %(owner_id_1)s 
 LIMIT %(param_1)s, %(param_2)s
2026-07-28 13:24:54,545 | INFO | [cached since 1233s ago] {'owner_id_1': 4, 'param_1': 0, 'param_2': 10}
2026-07-28 13:24:54,550 | INFO | GET /notes Status=200 Time=13.52ms
2026-07-28 13:24:54,552 | INFO | ROLLBACK
2026-07-28 13:24:55,058 | INFO | BEGIN (implicit)
2026-07-28 13:24:55,059 | INFO | SELECT users.id AS users_id, users.name AS users_name, users.email AS users_email, users.password AS users_password, users.created_at AS users_created_at 
FROM users 
WHERE users.email = %(email_1)s 
 LIMIT %(param_1)s
2026-07-28 13:24:55,059 | INFO | [cached since 1587s ago] {'email_1': 'mkevatraj@gmail.com', 'param_1': 1}
2026-07-28 13:24:55,063 | INFO | SELECT notes.id AS notes_id, notes.title AS notes_title, notes.content AS notes_content, notes.tag AS notes_tag, notes.owner_id AS notes_owner_id, notes.created_at AS notes_created_at 
FROM notes 
WHERE notes.owner_id = %(owner_id_1)s 
 LIMIT %(param_1)s, %(param_2)s
2026-07-28 13:24:55,063 | INFO | [cached since 1233s ago] {'owner_id_1': 4, 'param_1': 0, 'param_2': 10}
2026-07-28 13:24:55,066 | INFO | GET /notes Status=200 Time=11.78ms
2026-07-28 13:24:55,068 | INFO | ROLLBACK
2026-07-28 13:25:12,014 | INFO | BEGIN (implicit)
2026-07-28 13:25:12,016 | INFO | SELECT users.id AS users_id, users.name AS users_name, users.email AS users_email, users.password AS users_password, users.created_at AS users_created_at 
FROM users 
WHERE users.email = %(email_1)s 
 LIMIT %(param_1)s
2026-07-28 13:25:12,016 | INFO | [cached since 1604s ago] {'email_1': 'mkevatraj@gmail.com', 'param_1': 1}
2026-07-28 13:25:12,019 | INFO | SELECT notes.id AS notes_id, notes.title AS notes_title, notes.content AS notes_content, notes.tag AS notes_tag, notes.owner_id AS notes_owner_id, notes.created_at AS notes_created_at 
FROM notes 
WHERE notes.owner_id = %(owner_id_1)s 
 LIMIT %(param_1)s, %(param_2)s
2026-07-28 13:25:12,023 | INFO | [cached since 1250s ago] {'owner_id_1': 4, 'param_1': 0, 'param_2': 10}
2026-07-28 13:25:12,027 | INFO | GET /notes Status=200 Time=14.4ms
2026-07-28 13:25:12,033 | INFO | ROLLBACK
2026-07-28 13:25:13,288 | INFO | BEGIN (implicit)
2026-07-28 13:25:13,288 | INFO | SELECT users.id AS users_id, users.name AS users_name, users.email AS users_email, users.password AS users_password, users.created_at AS users_created_at 
FROM users 
WHERE users.email = %(email_1)s 
 LIMIT %(param_1)s
2026-07-28 13:25:13,288 | INFO | [cached since 1605s ago] {'email_1': 'mkevatraj@gmail.com', 'param_1': 1}
2026-07-28 13:25:13,291 | INFO | SELECT notes.id AS notes_id, notes.title AS notes_title, notes.content AS notes_content, notes.tag AS notes_tag, notes.owner_id AS notes_owner_id, notes.created_at AS notes_created_at 
FROM notes 
WHERE notes.owner_id = %(owner_id_1)s 
 LIMIT %(param_1)s, %(param_2)s
2026-07-28 13:25:13,291 | INFO | [cached since 1251s ago] {'owner_id_1': 4, 'param_1': 0, 'param_2': 10}
2026-07-28 13:25:13,294 | INFO | GET /notes Status=200 Time=7.87ms
2026-07-28 13:25:13,295 | INFO | ROLLBACK
2026-07-28 13:25:20,767 | INFO | BEGIN (implicit)
2026-07-28 13:25:20,768 | INFO | SELECT users.id AS users_id, users.name AS users_name, users.email AS users_email, users.password AS users_password, users.created_at AS users_created_at 
FROM users 
WHERE users.email = %(email_1)s 
 LIMIT %(param_1)s
2026-07-28 13:25:20,768 | INFO | [cached since 1613s ago] {'email_1': 'mkevatraj@gmail.com', 'param_1': 1}
2026-07-28 13:25:20,773 | INFO | SELECT notes.id AS notes_id, notes.title AS notes_title, notes.content AS notes_content, notes.tag AS notes_tag, notes.owner_id AS notes_owner_id, notes.created_at AS notes_created_at 
FROM notes 
WHERE notes.owner_id = %(owner_id_1)s 
 LIMIT %(param_1)s, %(param_2)s
2026-07-28 13:25:20,773 | INFO | [cached since 1259s ago] {'owner_id_1': 4, 'param_1': 0, 'param_2': 10}
2026-07-28 13:25:20,776 | INFO | GET /notes Status=200 Time=10.81ms
2026-07-28 13:25:20,778 | INFO | ROLLBACK
2026-07-28 13:26:07,689 | INFO | BEGIN (implicit)
2026-07-28 13:26:07,692 | INFO | SELECT users.id AS users_id, users.name AS users_name, users.email AS users_email, users.password AS users_password, users.created_at AS users_created_at 
FROM users 
WHERE users.email = %(email_1)s 
 LIMIT %(param_1)s
2026-07-28 13:26:07,692 | INFO | [cached since 1660s ago] {'email_1': 'mkevatraj@gmail.com', 'param_1': 1}
2026-07-28 13:26:07,701 | INFO | SELECT notes.id AS notes_id, notes.title AS notes_title, notes.content AS notes_content, notes.tag AS notes_tag, notes.owner_id AS notes_owner_id, notes.created_at AS notes_created_at 
FROM notes 
WHERE notes.owner_id = %(owner_id_1)s 
 LIMIT %(param_1)s, %(param_2)s
2026-07-28 13:26:07,706 | INFO | [cached since 1306s ago] {'owner_id_1': 4, 'param_1': 0, 'param_2': 10}
2026-07-28 13:26:07,717 | INFO | GET /notes Status=200 Time=30.17ms
2026-07-28 13:26:07,723 | INFO | ROLLBACK
2026-07-28 13:27:10,508 | INFO | BEGIN (implicit)
2026-07-28 13:27:10,508 | INFO | SELECT users.id AS users_id, users.name AS users_name, users.email AS users_email, users.password AS users_password, users.created_at AS users_created_at 
FROM users 
WHERE users.email = %(email_1)s 
 LIMIT %(param_1)s
2026-07-28 13:27:10,509 | INFO | [cached since 1723s ago] {'email_1': 'mkevatraj@gmail.com', 'param_1': 1}
2026-07-28 13:27:10,512 | INFO | SELECT notes.id AS notes_id, notes.title AS notes_title, notes.content AS notes_content, notes.tag AS notes_tag, notes.owner_id AS notes_owner_id, notes.created_at AS notes_created_at 
FROM notes 
WHERE notes.owner_id = %(owner_id_1)s 
 LIMIT %(param_1)s, %(param_2)s
2026-07-28 13:27:10,513 | INFO | [cached since 1369s ago] {'owner_id_1': 4, 'param_1': 0, 'param_2': 10}
2026-07-28 13:27:10,517 | INFO | GET /notes Status=200 Time=11.11ms
2026-07-28 13:27:10,520 | INFO | ROLLBACK
2026-07-28 13:27:11,124 | INFO | BEGIN (implicit)
2026-07-28 13:27:11,125 | INFO | SELECT users.id AS users_id, users.name AS users_name, users.email AS users_email, users.password AS users_password, users.created_at AS users_created_at 
FROM users 
WHERE users.email = %(email_1)s 
 LIMIT %(param_1)s
2026-07-28 13:27:11,125 | INFO | [cached since 1723s ago] {'email_1': 'mkevatraj@gmail.com', 'param_1': 1}
2026-07-28 13:27:11,129 | INFO | SELECT notes.id AS notes_id, notes.title AS notes_title, notes.content AS notes_content, notes.tag AS notes_tag, notes.owner_id AS notes_owner_id, notes.created_at AS notes_created_at 
FROM notes 
WHERE notes.owner_id = %(owner_id_1)s 
 LIMIT %(param_1)s, %(param_2)s
2026-07-28 13:27:11,129 | INFO | [cached since 1369s ago] {'owner_id_1': 4, 'param_1': 0, 'param_2': 10}
2026-07-28 13:27:11,133 | INFO | GET /notes Status=200 Time=10.68ms
2026-07-28 13:27:11,136 | INFO | ROLLBACK
2026-07-28 13:27:11,543 | INFO | BEGIN (implicit)
2026-07-28 13:27:11,544 | INFO | SELECT users.id AS users_id, users.name AS users_name, users.email AS users_email, users.password AS users_password, users.created_at AS users_created_at 
FROM users 
WHERE users.email = %(email_1)s 
 LIMIT %(param_1)s
2026-07-28 13:27:11,544 | INFO | [cached since 1724s ago] {'email_1': 'mkevatraj@gmail.com', 'param_1': 1}
2026-07-28 13:27:11,551 | INFO | SELECT notes.id AS notes_id, notes.title AS notes_title, notes.content AS notes_content, notes.tag AS notes_tag, notes.owner_id AS notes_owner_id, notes.created_at AS notes_created_at 
FROM notes 
WHERE notes.owner_id = %(owner_id_1)s 
 LIMIT %(param_1)s, %(param_2)s
2026-07-28 13:27:11,551 | INFO | [cached since 1370s ago] {'owner_id_1': 4, 'param_1': 0, 'param_2': 10}
2026-07-28 13:27:11,555 | INFO | GET /notes Status=200 Time=13.54ms
2026-07-28 13:27:11,556 | INFO | ROLLBACK
2026-07-28 13:27:11,747 | INFO | BEGIN (implicit)
2026-07-28 13:27:11,748 | INFO | SELECT users.id AS users_id, users.name AS users_name, users.email AS users_email, users.password AS users_password, users.created_at AS users_created_at 
FROM users 
WHERE users.email = %(email_1)s 
 LIMIT %(param_1)s
2026-07-28 13:27:11,748 | INFO | [cached since 1724s ago] {'email_1': 'mkevatraj@gmail.com', 'param_1': 1}
2026-07-28 13:27:11,752 | INFO | SELECT notes.id AS notes_id, notes.title AS notes_title, notes.content AS notes_content, notes.tag AS notes_tag, notes.owner_id AS notes_owner_id, notes.created_at AS notes_created_at 
FROM notes 
WHERE notes.owner_id = %(owner_id_1)s 
 LIMIT %(param_1)s, %(param_2)s
2026-07-28 13:27:11,753 | INFO | [cached since 1370s ago] {'owner_id_1': 4, 'param_1': 0, 'param_2': 10}
2026-07-28 13:27:11,757 | INFO | GET /notes Status=200 Time=12.18ms
2026-07-28 13:27:11,758 | INFO | ROLLBACK
2026-07-28 13:27:15,769 | INFO | BEGIN (implicit)
2026-07-28 13:27:15,777 | INFO | SELECT users.id AS users_id, users.name AS users_name, users.email AS users_email, users.password AS users_password, users.created_at AS users_created_at 
FROM users 
WHERE users.email = %(email_1)s 
 LIMIT %(param_1)s
2026-07-28 13:27:15,778 | INFO | [cached since 1728s ago] {'email_1': 'mkevatraj@gmail.com', 'param_1': 1}
2026-07-28 13:27:15,781 | INFO | SELECT notes.id AS notes_id, notes.title AS notes_title, notes.content AS notes_content, notes.tag AS notes_tag, notes.owner_id AS notes_owner_id, notes.created_at AS notes_created_at 
FROM notes 
WHERE notes.owner_id = %(owner_id_1)s 
 LIMIT %(param_1)s, %(param_2)s
2026-07-28 13:27:15,784 | INFO | [cached since 1374s ago] {'owner_id_1': 4, 'param_1': 0, 'param_2': 10}
2026-07-28 13:27:15,787 | INFO | GET /notes Status=200 Time=19.39ms
2026-07-28 13:27:15,789 | INFO | ROLLBACK
2026-07-28 13:27:16,192 | INFO | BEGIN (implicit)
2026-07-28 13:27:16,193 | INFO | SELECT users.id AS users_id, users.name AS users_name, users.email AS users_email, users.password AS users_password, users.created_at AS users_created_at 
FROM users 
WHERE users.email = %(email_1)s 
 LIMIT %(param_1)s
2026-07-28 13:27:16,193 | INFO | [cached since 1728s ago] {'email_1': 'mkevatraj@gmail.com', 'param_1': 1}
2026-07-28 13:27:16,196 | INFO | SELECT notes.id AS notes_id, notes.title AS notes_title, notes.content AS notes_content, notes.tag AS notes_tag, notes.owner_id AS notes_owner_id, notes.created_at AS notes_created_at 
FROM notes 
WHERE notes.owner_id = %(owner_id_1)s 
 LIMIT %(param_1)s, %(param_2)s
2026-07-28 13:27:16,200 | INFO | [cached since 1374s ago] {'owner_id_1': 4, 'param_1': 0, 'param_2': 10}
2026-07-28 13:27:16,203 | INFO | GET /notes Status=200 Time=13.58ms
2026-07-28 13:27:16,205 | INFO | ROLLBACK
2026-07-28 13:27:16,930 | INFO | BEGIN (implicit)
2026-07-28 13:27:16,932 | INFO | SELECT users.id AS users_id, users.name AS users_name, users.email AS users_email, users.password AS users_password, users.created_at AS users_created_at 
FROM users 
WHERE users.email = %(email_1)s 
 LIMIT %(param_1)s
2026-07-28 13:27:16,933 | INFO | [cached since 1729s ago] {'email_1': 'mkevatraj@gmail.com', 'param_1': 1}
2026-07-28 13:27:16,936 | INFO | SELECT notes.id AS notes_id, notes.title AS notes_title, notes.content AS notes_content, notes.tag AS notes_tag, notes.owner_id AS notes_owner_id, notes.created_at AS notes_created_at 
FROM notes 
WHERE notes.owner_id = %(owner_id_1)s 
 LIMIT %(param_1)s, %(param_2)s
2026-07-28 13:27:16,937 | INFO | [cached since 1375s ago] {'owner_id_1': 4, 'param_1': 0, 'param_2': 10}
2026-07-28 13:27:16,940 | INFO | GET /notes Status=200 Time=12.4ms
2026-07-28 13:27:16,942 | INFO | ROLLBACK
2026-07-28 13:27:47,756 | INFO | BEGIN (implicit)
2026-07-28 13:27:47,758 | INFO | SELECT users.id AS users_id, users.name AS users_name, users.email AS users_email, users.password AS users_password, users.created_at AS users_created_at 
FROM users 
WHERE users.email = %(email_1)s 
 LIMIT %(param_1)s
2026-07-28 13:27:47,768 | INFO | [cached since 1760s ago] {'email_1': 'mkevatraj@gmail.com', 'param_1': 1}
2026-07-28 13:27:47,772 | INFO | SELECT notes.id AS notes_id, notes.title AS notes_title, notes.content AS notes_content, notes.tag AS notes_tag, notes.owner_id AS notes_owner_id, notes.created_at AS notes_created_at 
FROM notes 
WHERE notes.owner_id = %(owner_id_1)s 
 LIMIT %(param_1)s, %(param_2)s
2026-07-28 13:27:47,773 | INFO | [cached since 1406s ago] {'owner_id_1': 4, 'param_1': 0, 'param_2': 10}
2026-07-28 13:27:47,778 | INFO | GET /notes Status=200 Time=25.94ms
2026-07-28 13:27:47,779 | INFO | ROLLBACK
2026-07-28 13:27:48,871 | INFO | BEGIN (implicit)
2026-07-28 13:27:48,872 | INFO | SELECT users.id AS users_id, users.name AS users_name, users.email AS users_email, users.password AS users_password, users.created_at AS users_created_at 
FROM users 
WHERE users.email = %(email_1)s 
 LIMIT %(param_1)s
2026-07-28 13:27:48,872 | INFO | [cached since 1761s ago] {'email_1': 'mkevatraj@gmail.com', 'param_1': 1}
2026-07-28 13:27:48,874 | INFO | SELECT notes.id AS notes_id, notes.title AS notes_title, notes.content AS notes_content, notes.tag AS notes_tag, notes.owner_id AS notes_owner_id, notes.created_at AS notes_created_at 
FROM notes 
WHERE notes.owner_id = %(owner_id_1)s 
 LIMIT %(param_1)s, %(param_2)s
2026-07-28 13:27:48,875 | INFO | [cached since 1407s ago] {'owner_id_1': 4, 'param_1': 0, 'param_2': 10}
2026-07-28 13:27:48,878 | INFO | GET /notes Status=200 Time=8.48ms
2026-07-28 13:27:48,879 | INFO | ROLLBACK
2026-07-28 13:27:55,873 | INFO | BEGIN (implicit)
2026-07-28 13:27:55,875 | INFO | SELECT users.id AS users_id, users.name AS users_name, users.email AS users_email, users.password AS users_password, users.created_at AS users_created_at 
FROM users 
WHERE users.email = %(email_1)s 
 LIMIT %(param_1)s
2026-07-28 13:27:55,875 | INFO | [cached since 1768s ago] {'email_1': 'mkevatraj@gmail.com', 'param_1': 1}
2026-07-28 13:27:55,881 | INFO | SELECT notes.id AS notes_id, notes.title AS notes_title, notes.content AS notes_content, notes.tag AS notes_tag, notes.owner_id AS notes_owner_id, notes.created_at AS notes_created_at 
FROM notes 
WHERE notes.owner_id = %(owner_id_1)s 
 LIMIT %(param_1)s, %(param_2)s
2026-07-28 13:27:55,882 | INFO | [cached since 1414s ago] {'owner_id_1': 4, 'param_1': 0, 'param_2': 10}
2026-07-28 13:27:55,885 | INFO | GET /notes Status=200 Time=14.52ms
2026-07-28 13:27:55,890 | INFO | ROLLBACK
2026-07-28 13:27:56,335 | INFO | BEGIN (implicit)
2026-07-28 13:27:56,336 | INFO | SELECT users.id AS users_id, users.name AS users_name, users.email AS users_email, users.password AS users_password, users.created_at AS users_created_at 
FROM users 
WHERE users.email = %(email_1)s 
 LIMIT %(param_1)s
2026-07-28 13:27:56,337 | INFO | [cached since 1768s ago] {'email_1': 'mkevatraj@gmail.com', 'param_1': 1}
2026-07-28 13:27:56,347 | INFO | SELECT notes.id AS notes_id, notes.title AS notes_title, notes.content AS notes_content, notes.tag AS notes_tag, notes.owner_id AS notes_owner_id, notes.created_at AS notes_created_at 
FROM notes 
WHERE notes.owner_id = %(owner_id_1)s 
 LIMIT %(param_1)s, %(param_2)s
2026-07-28 13:27:56,350 | INFO | [cached since 1414s ago] {'owner_id_1': 4, 'param_1': 0, 'param_2': 10}
2026-07-28 13:27:56,353 | INFO | GET /notes Status=200 Time=20.21ms
2026-07-28 13:27:56,356 | INFO | ROLLBACK
2026-07-28 13:27:56,567 | INFO | BEGIN (implicit)
2026-07-28 13:27:56,568 | INFO | SELECT users.id AS users_id, users.name AS users_name, users.email AS users_email, users.password AS users_password, users.created_at AS users_created_at 
FROM users 
WHERE users.email = %(email_1)s 
 LIMIT %(param_1)s
2026-07-28 13:27:56,568 | INFO | [cached since 1769s ago] {'email_1': 'mkevatraj@gmail.com', 'param_1': 1}
2026-07-28 13:27:56,572 | INFO | SELECT notes.id AS notes_id, notes.title AS notes_title, notes.content AS notes_content, notes.tag AS notes_tag, notes.owner_id AS notes_owner_id, notes.created_at AS notes_created_at 
FROM notes 
WHERE notes.owner_id = %(owner_id_1)s 
 LIMIT %(param_1)s, %(param_2)s
2026-07-28 13:27:56,572 | INFO | [cached since 1415s ago] {'owner_id_1': 4, 'param_1': 0, 'param_2': 10}
2026-07-28 13:27:56,577 | INFO | GET /notes Status=200 Time=11.85ms
2026-07-28 13:27:56,579 | INFO | ROLLBACK
2026-07-28 13:27:56,877 | INFO | BEGIN (implicit)
2026-07-28 13:27:56,878 | INFO | SELECT users.id AS users_id, users.name AS users_name, users.email AS users_email, users.password AS users_password, users.created_at AS users_created_at 
FROM users 
WHERE users.email = %(email_1)s 
 LIMIT %(param_1)s
2026-07-28 13:27:56,879 | INFO | [cached since 1769s ago] {'email_1': 'mkevatraj@gmail.com', 'param_1': 1}
2026-07-28 13:27:56,882 | INFO | SELECT notes.id AS notes_id, notes.title AS notes_title, notes.content AS notes_content, notes.tag AS notes_tag, notes.owner_id AS notes_owner_id, notes.created_at AS notes_created_at 
FROM notes 
WHERE notes.owner_id = %(owner_id_1)s 
 LIMIT %(param_1)s, %(param_2)s
2026-07-28 13:27:56,887 | INFO | [cached since 1415s ago] {'owner_id_1': 4, 'param_1': 0, 'param_2': 10}
2026-07-28 13:27:56,893 | INFO | GET /notes Status=200 Time=20.58ms
2026-07-28 13:27:56,905 | INFO | ROLLBACK
2026-07-28 13:28:31,868 | INFO | BEGIN (implicit)
2026-07-28 13:28:31,883 | INFO | SELECT users.id AS users_id, users.name AS users_name, users.email AS users_email, users.password AS users_password, users.created_at AS users_created_at 
FROM users 
WHERE users.email = %(email_1)s 
 LIMIT %(param_1)s
2026-07-28 13:28:31,883 | INFO | [cached since 1804s ago] {'email_1': 'mkevatraj@gmail.com', 'param_1': 1}
2026-07-28 13:28:31,895 | INFO | SELECT notes.id AS notes_id, notes.title AS notes_title, notes.content AS notes_content, notes.tag AS notes_tag, notes.owner_id AS notes_owner_id, notes.created_at AS notes_created_at 
FROM notes 
WHERE notes.owner_id = %(owner_id_1)s 
 LIMIT %(param_1)s, %(param_2)s
2026-07-28 13:28:31,896 | INFO | [cached since 1450s ago] {'owner_id_1': 4, 'param_1': 0, 'param_2': 10}
2026-07-28 13:28:31,899 | INFO | GET /notes Status=200 Time=34.67ms
2026-07-28 13:28:31,905 | INFO | ROLLBACK
2026-07-28 13:28:32,250 | INFO | BEGIN (implicit)
2026-07-28 13:28:32,258 | INFO | SELECT users.id AS users_id, users.name AS users_name, users.email AS users_email, users.password AS users_password, users.created_at AS users_created_at 
FROM users 
WHERE users.email = %(email_1)s 
 LIMIT %(param_1)s
2026-07-28 13:28:32,259 | INFO | [cached since 1804s ago] {'email_1': 'mkevatraj@gmail.com', 'param_1': 1}
2026-07-28 13:28:32,262 | INFO | SELECT notes.id AS notes_id, notes.title AS notes_title, notes.content AS notes_content, notes.tag AS notes_tag, notes.owner_id AS notes_owner_id, notes.created_at AS notes_created_at 
FROM notes 
WHERE notes.owner_id = %(owner_id_1)s 
 LIMIT %(param_1)s, %(param_2)s
2026-07-28 13:28:32,262 | INFO | [cached since 1450s ago] {'owner_id_1': 4, 'param_1': 0, 'param_2': 10}
2026-07-28 13:28:32,267 | INFO | GET /notes Status=200 Time=18.62ms
2026-07-28 13:28:32,271 | INFO | ROLLBACK
2026-07-28 13:28:33,201 | INFO | BEGIN (implicit)
2026-07-28 13:28:33,202 | INFO | SELECT users.id AS users_id, users.name AS users_name, users.email AS users_email, users.password AS users_password, users.created_at AS users_created_at 
FROM users 
WHERE users.email = %(email_1)s 
 LIMIT %(param_1)s
2026-07-28 13:28:33,202 | INFO | [cached since 1805s ago] {'email_1': 'mkevatraj@gmail.com', 'param_1': 1}
2026-07-28 13:28:33,206 | INFO | SELECT notes.id AS notes_id, notes.title AS notes_title, notes.content AS notes_content, notes.tag AS notes_tag, notes.owner_id AS notes_owner_id, notes.created_at AS notes_created_at 
FROM notes 
WHERE notes.owner_id = %(owner_id_1)s 
 LIMIT %(param_1)s, %(param_2)s
2026-07-28 13:28:33,206 | INFO | [cached since 1451s ago] {'owner_id_1': 4, 'param_1': 0, 'param_2': 10}
2026-07-28 13:28:33,209 | INFO | GET /notes Status=200 Time=10.32ms
2026-07-28 13:28:33,214 | INFO | ROLLBACK
2026-07-28 13:28:33,567 | INFO | BEGIN (implicit)
2026-07-28 13:28:33,569 | INFO | SELECT users.id AS users_id, users.name AS users_name, users.email AS users_email, users.password AS users_password, users.created_at AS users_created_at 
FROM users 
WHERE users.email = %(email_1)s 
 LIMIT %(param_1)s
2026-07-28 13:28:33,571 | INFO | [cached since 1806s ago] {'email_1': 'mkevatraj@gmail.com', 'param_1': 1}
2026-07-28 13:28:33,576 | INFO | SELECT notes.id AS notes_id, notes.title AS notes_title, notes.content AS notes_content, notes.tag AS notes_tag, notes.owner_id AS notes_owner_id, notes.created_at AS notes_created_at 
FROM notes 
WHERE notes.owner_id = %(owner_id_1)s 
 LIMIT %(param_1)s, %(param_2)s
2026-07-28 13:28:33,576 | INFO | [cached since 1452s ago] {'owner_id_1': 4, 'param_1': 0, 'param_2': 10}
2026-07-28 13:28:33,580 | INFO | GET /notes Status=200 Time=15.06ms
2026-07-28 13:28:33,581 | INFO | ROLLBACK
2026-07-28 13:28:34,133 | INFO | BEGIN (implicit)
2026-07-28 13:28:34,135 | INFO | SELECT users.id AS users_id, users.name AS users_name, users.email AS users_email, users.password AS users_password, users.created_at AS users_created_at 
FROM users 
WHERE users.email = %(email_1)s 
 LIMIT %(param_1)s
2026-07-28 13:28:34,137 | INFO | [cached since 1806s ago] {'email_1': 'mkevatraj@gmail.com', 'param_1': 1}
2026-07-28 13:28:34,140 | INFO | SELECT notes.id AS notes_id, notes.title AS notes_title, notes.content AS notes_content, notes.tag AS notes_tag, notes.owner_id AS notes_owner_id, notes.created_at AS notes_created_at 
FROM notes 
WHERE notes.owner_id = %(owner_id_1)s 
 LIMIT %(param_1)s, %(param_2)s
2026-07-28 13:28:34,141 | INFO | [cached since 1452s ago] {'owner_id_1': 4, 'param_1': 0, 'param_2': 10}
2026-07-28 13:28:34,144 | INFO | GET /notes Status=200 Time=13.12ms
2026-07-28 13:28:34,146 | INFO | ROLLBACK
2026-07-28 13:28:36,781 | INFO | BEGIN (implicit)
2026-07-28 13:28:36,782 | INFO | SELECT users.id AS users_id, users.name AS users_name, users.email AS users_email, users.password AS users_password, users.created_at AS users_created_at 
FROM users 
WHERE users.email = %(email_1)s 
 LIMIT %(param_1)s
2026-07-28 13:28:36,782 | INFO | [cached since 1809s ago] {'email_1': 'mkevatraj@gmail.com', 'param_1': 1}
2026-07-28 13:28:36,789 | INFO | SELECT notes.id AS notes_id, notes.title AS notes_title, notes.content AS notes_content, notes.tag AS notes_tag, notes.owner_id AS notes_owner_id, notes.created_at AS notes_created_at 
FROM notes 
WHERE notes.owner_id = %(owner_id_1)s 
 LIMIT %(param_1)s, %(param_2)s
2026-07-28 13:28:36,790 | INFO | [cached since 1455s ago] {'owner_id_1': 4, 'param_1': 0, 'param_2': 10}
2026-07-28 13:28:36,794 | INFO | GET /notes Status=200 Time=14.89ms
2026-07-28 13:28:36,796 | INFO | ROLLBACK
2026-07-28 13:28:36,960 | INFO | BEGIN (implicit)
2026-07-28 13:28:36,960 | INFO | SELECT users.id AS users_id, users.name AS users_name, users.email AS users_email, users.password AS users_password, users.created_at AS users_created_at 
FROM users 
WHERE users.email = %(email_1)s 
 LIMIT %(param_1)s
2026-07-28 13:28:36,961 | INFO | [cached since 1809s ago] {'email_1': 'mkevatraj@gmail.com', 'param_1': 1}
2026-07-28 13:28:36,964 | INFO | SELECT notes.id AS notes_id, notes.title AS notes_title, notes.content AS notes_content, notes.tag AS notes_tag, notes.owner_id AS notes_owner_id, notes.created_at AS notes_created_at 
FROM notes 
WHERE notes.owner_id = %(owner_id_1)s 
 LIMIT %(param_1)s, %(param_2)s
2026-07-28 13:28:36,965 | INFO | [cached since 1455s ago] {'owner_id_1': 4, 'param_1': 0, 'param_2': 10}
2026-07-28 13:28:36,971 | INFO | GET /notes Status=200 Time=13.07ms
2026-07-28 13:28:36,972 | INFO | ROLLBACK
2026-07-28 13:28:37,100 | INFO | BEGIN (implicit)
2026-07-28 13:28:37,101 | INFO | SELECT users.id AS users_id, users.name AS users_name, users.email AS users_email, users.password AS users_password, users.created_at AS users_created_at 
FROM users 
WHERE users.email = %(email_1)s 
 LIMIT %(param_1)s
2026-07-28 13:28:37,101 | INFO | [cached since 1809s ago] {'email_1': 'mkevatraj@gmail.com', 'param_1': 1}
2026-07-28 13:28:37,105 | INFO | SELECT notes.id AS notes_id, notes.title AS notes_title, notes.content AS notes_content, notes.tag AS notes_tag, notes.owner_id AS notes_owner_id, notes.created_at AS notes_created_at 
FROM notes 
WHERE notes.owner_id = %(owner_id_1)s 
 LIMIT %(param_1)s, %(param_2)s
2026-07-28 13:28:37,105 | INFO | [cached since 1455s ago] {'owner_id_1': 4, 'param_1': 0, 'param_2': 10}
2026-07-28 13:28:37,108 | INFO | GET /notes Status=200 Time=10.93ms
2026-07-28 13:28:37,110 | INFO | ROLLBACK
2026-07-28 13:28:37,303 | INFO | BEGIN (implicit)
2026-07-28 13:28:37,304 | INFO | SELECT users.id AS users_id, users.name AS users_name, users.email AS users_email, users.password AS users_password, users.created_at AS users_created_at 
FROM users 
WHERE users.email = %(email_1)s 
 LIMIT %(param_1)s
2026-07-28 13:28:37,304 | INFO | [cached since 1809s ago] {'email_1': 'mkevatraj@gmail.com', 'param_1': 1}
2026-07-28 13:28:37,307 | INFO | SELECT notes.id AS notes_id, notes.title AS notes_title, notes.content AS notes_content, notes.tag AS notes_tag, notes.owner_id AS notes_owner_id, notes.created_at AS notes_created_at 
FROM notes 
WHERE notes.owner_id = %(owner_id_1)s 
 LIMIT %(param_1)s, %(param_2)s
2026-07-28 13:28:37,309 | INFO | [cached since 1455s ago] {'owner_id_1': 4, 'param_1': 0, 'param_2': 10}
2026-07-28 13:28:37,313 | INFO | GET /notes Status=200 Time=12.18ms
2026-07-28 13:28:37,314 | INFO | ROLLBACK
2026-07-28 13:28:40,928 | INFO | BEGIN (implicit)
2026-07-28 13:28:40,929 | INFO | SELECT users.id AS users_id, users.name AS users_name, users.email AS users_email, users.password AS users_password, users.created_at AS users_created_at 
FROM users 
WHERE users.email = %(email_1)s 
 LIMIT %(param_1)s
2026-07-28 13:28:40,930 | INFO | [cached since 1813s ago] {'email_1': 'mkevatraj@gmail.com', 'param_1': 1}
2026-07-28 13:28:40,934 | INFO | SELECT notes.id AS notes_id, notes.title AS notes_title, notes.content AS notes_content, notes.tag AS notes_tag, notes.owner_id AS notes_owner_id, notes.created_at AS notes_created_at 
FROM notes 
WHERE notes.owner_id = %(owner_id_1)s 
 LIMIT %(param_1)s, %(param_2)s
2026-07-28 13:28:40,935 | INFO | [cached since 1459s ago] {'owner_id_1': 4, 'param_1': 0, 'param_2': 10}
2026-07-28 13:28:40,938 | INFO | GET /notes Status=200 Time=12.06ms
2026-07-28 13:28:40,940 | INFO | ROLLBACK
2026-07-28 13:29:09,512 | INFO | BEGIN (implicit)
2026-07-28 13:29:09,513 | INFO | SELECT users.id AS users_id, users.name AS users_name, users.email AS users_email, users.password AS users_password, users.created_at AS users_created_at 
FROM users 
WHERE users.email = %(email_1)s 
 LIMIT %(param_1)s
2026-07-28 13:29:09,514 | INFO | [cached since 1842s ago] {'email_1': 'mkevatraj@gmail.com', 'param_1': 1}
2026-07-28 13:29:09,516 | INFO | SELECT notes.id AS notes_id, notes.title AS notes_title, notes.content AS notes_content, notes.tag AS notes_tag, notes.owner_id AS notes_owner_id, notes.created_at AS notes_created_at 
FROM notes 
WHERE notes.owner_id = %(owner_id_1)s 
 LIMIT %(param_1)s, %(param_2)s
2026-07-28 13:29:09,517 | INFO | [cached since 1488s ago] {'owner_id_1': 4, 'param_1': 0, 'param_2': 10}
2026-07-28 13:29:09,519 | INFO | GET /notes Status=200 Time=8.6ms
2026-07-28 13:29:09,520 | INFO | ROLLBACK
2026-07-28 13:29:11,834 | INFO | BEGIN (implicit)
2026-07-28 13:29:11,842 | INFO | SELECT users.id AS users_id, users.name AS users_name, users.email AS users_email, users.password AS users_password, users.created_at AS users_created_at 
FROM users 
WHERE users.email = %(email_1)s 
 LIMIT %(param_1)s
2026-07-28 13:29:11,843 | INFO | [cached since 1844s ago] {'email_1': 'mkevatraj@gmail.com', 'param_1': 1}
2026-07-28 13:29:11,850 | INFO | SELECT notes.id AS notes_id, notes.title AS notes_title, notes.content AS notes_content, notes.tag AS notes_tag, notes.owner_id AS notes_owner_id, notes.created_at AS notes_created_at 
FROM notes 
WHERE notes.owner_id = %(owner_id_1)s 
 LIMIT %(param_1)s, %(param_2)s
2026-07-28 13:29:11,852 | INFO | [cached since 1490s ago] {'owner_id_1': 4, 'param_1': 0, 'param_2': 10}
2026-07-28 13:29:11,856 | INFO | GET /notes Status=200 Time=24.54ms
2026-07-28 13:29:11,857 | INFO | ROLLBACK
2026-07-28 13:29:12,775 | INFO | BEGIN (implicit)
2026-07-28 13:29:12,775 | INFO | SELECT users.id AS users_id, users.name AS users_name, users.email AS users_email, users.password AS users_password, users.created_at AS users_created_at 
FROM users 
WHERE users.email = %(email_1)s 
 LIMIT %(param_1)s
2026-07-28 13:29:12,776 | INFO | [cached since 1845s ago] {'email_1': 'mkevatraj@gmail.com', 'param_1': 1}
2026-07-28 13:29:12,783 | INFO | SELECT notes.id AS notes_id, notes.title AS notes_title, notes.content AS notes_content, notes.tag AS notes_tag, notes.owner_id AS notes_owner_id, notes.created_at AS notes_created_at 
FROM notes 
WHERE notes.owner_id = %(owner_id_1)s 
 LIMIT %(param_1)s, %(param_2)s
2026-07-28 13:29:12,783 | INFO | [cached since 1491s ago] {'owner_id_1': 4, 'param_1': 0, 'param_2': 10}
2026-07-28 13:29:12,786 | INFO | GET /notes Status=200 Time=13.26ms
2026-07-28 13:29:12,787 | INFO | ROLLBACK
2026-07-28 13:30:18,065 | INFO | BEGIN (implicit)
2026-07-28 13:30:18,108 | INFO | SELECT users.id AS users_id, users.name AS users_name, users.email AS users_email, users.password AS users_password, users.created_at AS users_created_at 
FROM users 
WHERE users.email = %(email_1)s 
 LIMIT %(param_1)s
2026-07-28 13:30:18,130 | INFO | [cached since 1910s ago] {'email_1': 'mkevatraj@gmail.com', 'param_1': 1}
2026-07-28 13:30:18,150 | INFO | SELECT notes.id AS notes_id, notes.title AS notes_title, notes.content AS notes_content, notes.tag AS notes_tag, notes.owner_id AS notes_owner_id, notes.created_at AS notes_created_at 
FROM notes 
WHERE notes.owner_id = %(owner_id_1)s 
 LIMIT %(param_1)s, %(param_2)s
2026-07-28 13:30:18,152 | INFO | [cached since 1556s ago] {'owner_id_1': 4, 'param_1': 0, 'param_2': 10}
2026-07-28 13:30:18,155 | INFO | GET /notes Status=200 Time=94.0ms
2026-07-28 13:30:18,157 | INFO | ROLLBACK
2026-07-28 13:32:44,442 | INFO | OPTIONS /notes Status=200 Time=1.55ms
2026-07-28 13:32:44,535 | INFO | BEGIN (implicit)
2026-07-28 13:32:44,618 | INFO | SELECT users.id AS users_id, users.name AS users_name, users.email AS users_email, users.password AS users_password, users.created_at AS users_created_at 
FROM users 
WHERE users.email = %(email_1)s 
 LIMIT %(param_1)s
2026-07-28 13:32:44,653 | INFO | [cached since 2057s ago] {'email_1': 'mkevatraj@gmail.com', 'param_1': 1}
2026-07-28 13:32:44,664 | INFO | SELECT notes.id AS notes_id, notes.title AS notes_title, notes.content AS notes_content, notes.tag AS notes_tag, notes.owner_id AS notes_owner_id, notes.created_at AS notes_created_at 
FROM notes 
WHERE notes.owner_id = %(owner_id_1)s 
 LIMIT %(param_1)s, %(param_2)s
2026-07-28 13:32:44,665 | INFO | [cached since 1703s ago] {'owner_id_1': 4, 'param_1': 0, 'param_2': 10}
2026-07-28 13:32:44,668 | INFO | GET /notes Status=200 Time=134.87ms
2026-07-28 13:32:44,670 | INFO | ROLLBACK
2026-07-28 13:33:44,693 | INFO | BEGIN (implicit)
2026-07-28 13:33:44,694 | INFO | SELECT users.id AS users_id, users.name AS users_name, users.email AS users_email, users.password AS users_password, users.created_at AS users_created_at 
FROM users 
WHERE users.email = %(email_1)s 
 LIMIT %(param_1)s
2026-07-28 13:33:44,694 | INFO | [cached since 2117s ago] {'email_1': 'mkevatraj@gmail.com', 'param_1': 1}
2026-07-28 13:33:44,698 | INFO | SELECT notes.id AS notes_id, notes.title AS notes_title, notes.content AS notes_content, notes.tag AS notes_tag, notes.owner_id AS notes_owner_id, notes.created_at AS notes_created_at 
FROM notes 
WHERE notes.owner_id = %(owner_id_1)s 
 LIMIT %(param_1)s, %(param_2)s
2026-07-28 13:33:44,699 | INFO | [cached since 1763s ago] {'owner_id_1': 4, 'param_1': 0, 'param_2': 10}
2026-07-28 13:33:44,703 | INFO | GET /notes Status=200 Time=11.78ms
2026-07-28 13:33:44,704 | INFO | ROLLBACK
2026-07-28 13:33:45,044 | INFO | BEGIN (implicit)
2026-07-28 13:33:45,045 | INFO | SELECT users.id AS users_id, users.name AS users_name, users.email AS users_email, users.password AS users_password, users.created_at AS users_created_at 
FROM users 
WHERE users.email = %(email_1)s 
 LIMIT %(param_1)s
2026-07-28 13:33:45,045 | INFO | [cached since 2117s ago] {'email_1': 'mkevatraj@gmail.com', 'param_1': 1}
2026-07-28 13:33:45,049 | INFO | SELECT notes.id AS notes_id, notes.title AS notes_title, notes.content AS notes_content, notes.tag AS notes_tag, notes.owner_id AS notes_owner_id, notes.created_at AS notes_created_at 
FROM notes 
WHERE notes.owner_id = %(owner_id_1)s 
 LIMIT %(param_1)s, %(param_2)s
2026-07-28 13:33:45,049 | INFO | [cached since 1763s ago] {'owner_id_1': 4, 'param_1': 0, 'param_2': 10}
2026-07-28 13:33:45,054 | INFO | GET /notes Status=200 Time=11.68ms
2026-07-28 13:33:45,055 | INFO | ROLLBACK
2026-07-28 13:33:46,345 | INFO | BEGIN (implicit)
2026-07-28 13:33:46,348 | INFO | SELECT users.id AS users_id, users.name AS users_name, users.email AS users_email, users.password AS users_password, users.created_at AS users_created_at 
FROM users 
WHERE users.email = %(email_1)s 
 LIMIT %(param_1)s
2026-07-28 13:33:46,349 | INFO | [cached since 2118s ago] {'email_1': 'mkevatraj@gmail.com', 'param_1': 1}
2026-07-28 13:33:46,352 | INFO | SELECT notes.id AS notes_id, notes.title AS notes_title, notes.content AS notes_content, notes.tag AS notes_tag, notes.owner_id AS notes_owner_id, notes.created_at AS notes_created_at 
FROM notes 
WHERE notes.owner_id = %(owner_id_1)s 
 LIMIT %(param_1)s, %(param_2)s
2026-07-28 13:33:46,360 | INFO | [cached since 1764s ago] {'owner_id_1': 4, 'param_1': 0, 'param_2': 10}
2026-07-28 13:33:46,364 | INFO | GET /notes Status=200 Time=20.12ms
2026-07-28 13:33:46,369 | INFO | ROLLBACK
2026-07-28 13:33:46,515 | INFO | BEGIN (implicit)
2026-07-28 13:33:46,516 | INFO | SELECT users.id AS users_id, users.name AS users_name, users.email AS users_email, users.password AS users_password, users.created_at AS users_created_at 
FROM users 
WHERE users.email = %(email_1)s 
 LIMIT %(param_1)s
2026-07-28 13:33:46,516 | INFO | [cached since 2119s ago] {'email_1': 'mkevatraj@gmail.com', 'param_1': 1}
2026-07-28 13:33:46,519 | INFO | SELECT notes.id AS notes_id, notes.title AS notes_title, notes.content AS notes_content, notes.tag AS notes_tag, notes.owner_id AS notes_owner_id, notes.created_at AS notes_created_at 
FROM notes 
WHERE notes.owner_id = %(owner_id_1)s 
 LIMIT %(param_1)s, %(param_2)s
2026-07-28 13:33:46,520 | INFO | [cached since 1765s ago] {'owner_id_1': 4, 'param_1': 0, 'param_2': 10}
2026-07-28 13:33:46,523 | INFO | GET /notes Status=200 Time=10.74ms
2026-07-28 13:33:46,527 | INFO | ROLLBACK
2026-07-28 13:33:48,902 | INFO | BEGIN (implicit)
2026-07-28 13:33:48,906 | INFO | SELECT users.id AS users_id, users.name AS users_name, users.email AS users_email, users.password AS users_password, users.created_at AS users_created_at 
FROM users 
WHERE users.email = %(email_1)s 
 LIMIT %(param_1)s
2026-07-28 13:33:48,908 | INFO | [cached since 2121s ago] {'email_1': 'mkevatraj@gmail.com', 'param_1': 1}
2026-07-28 13:33:48,913 | INFO | SELECT notes.id AS notes_id, notes.title AS notes_title, notes.content AS notes_content, notes.tag AS notes_tag, notes.owner_id AS notes_owner_id, notes.created_at AS notes_created_at 
FROM notes 
WHERE notes.owner_id = %(owner_id_1)s 
 LIMIT %(param_1)s, %(param_2)s
2026-07-28 13:33:48,916 | INFO | [cached since 1767s ago] {'owner_id_1': 4, 'param_1': 0, 'param_2': 10}
2026-07-28 13:33:48,919 | INFO | GET /notes Status=200 Time=19.35ms
2026-07-28 13:33:48,920 | INFO | ROLLBACK
2026-07-28 13:33:49,151 | INFO | BEGIN (implicit)
2026-07-28 13:33:49,152 | INFO | SELECT users.id AS users_id, users.name AS users_name, users.email AS users_email, users.password AS users_password, users.created_at AS users_created_at 
FROM users 
WHERE users.email = %(email_1)s 
 LIMIT %(param_1)s
2026-07-28 13:33:49,152 | INFO | [cached since 2121s ago] {'email_1': 'mkevatraj@gmail.com', 'param_1': 1}
2026-07-28 13:33:49,155 | INFO | SELECT notes.id AS notes_id, notes.title AS notes_title, notes.content AS notes_content, notes.tag AS notes_tag, notes.owner_id AS notes_owner_id, notes.created_at AS notes_created_at 
FROM notes 
WHERE notes.owner_id = %(owner_id_1)s 
 LIMIT %(param_1)s, %(param_2)s
2026-07-28 13:33:49,156 | INFO | [cached since 1767s ago] {'owner_id_1': 4, 'param_1': 0, 'param_2': 10}
2026-07-28 13:33:49,159 | INFO | GET /notes Status=200 Time=10.16ms
2026-07-28 13:33:49,162 | INFO | ROLLBACK
2026-07-28 13:33:50,180 | INFO | BEGIN (implicit)
2026-07-28 13:33:50,182 | INFO | SELECT users.id AS users_id, users.name AS users_name, users.email AS users_email, users.password AS users_password, users.created_at AS users_created_at 
FROM users 
WHERE users.email = %(email_1)s 
 LIMIT %(param_1)s
2026-07-28 13:33:50,182 | INFO | [cached since 2122s ago] {'email_1': 'mkevatraj@gmail.com', 'param_1': 1}
2026-07-28 13:33:50,185 | INFO | SELECT notes.id AS notes_id, notes.title AS notes_title, notes.content AS notes_content, notes.tag AS notes_tag, notes.owner_id AS notes_owner_id, notes.created_at AS notes_created_at 
FROM notes 
WHERE notes.owner_id = %(owner_id_1)s 
 LIMIT %(param_1)s, %(param_2)s
2026-07-28 13:33:50,186 | INFO | [cached since 1768s ago] {'owner_id_1': 4, 'param_1': 0, 'param_2': 10}
2026-07-28 13:33:50,189 | INFO | GET /notes Status=200 Time=10.69ms
2026-07-28 13:33:50,190 | INFO | ROLLBACK
2026-07-28 13:33:56,432 | INFO | BEGIN (implicit)
2026-07-28 13:33:56,438 | INFO | SELECT users.id AS users_id, users.name AS users_name, users.email AS users_email, users.password AS users_password, users.created_at AS users_created_at 
FROM users 
WHERE users.email = %(email_1)s 
 LIMIT %(param_1)s
2026-07-28 13:33:56,439 | INFO | [cached since 2129s ago] {'email_1': 'mkevatraj@gmail.com', 'param_1': 1}
2026-07-28 13:33:56,450 | INFO | SELECT notes.id AS notes_id, notes.title AS notes_title, notes.content AS notes_content, notes.tag AS notes_tag, notes.owner_id AS notes_owner_id, notes.created_at AS notes_created_at 
FROM notes 
WHERE notes.owner_id = %(owner_id_1)s 
 LIMIT %(param_1)s, %(param_2)s
2026-07-28 13:33:56,451 | INFO | [cached since 1775s ago] {'owner_id_1': 4, 'param_1': 0, 'param_2': 10}
2026-07-28 13:33:56,454 | INFO | GET /notes Status=200 Time=24.14ms
2026-07-28 13:33:56,456 | INFO | ROLLBACK
2026-07-28 13:34:13,734 | INFO | BEGIN (implicit)
2026-07-28 13:34:13,734 | INFO | SELECT users.id AS users_id, users.name AS users_name, users.email AS users_email, users.password AS users_password, users.created_at AS users_created_at 
FROM users 
WHERE users.email = %(email_1)s 
 LIMIT %(param_1)s
2026-07-28 13:34:13,735 | INFO | [cached since 2146s ago] {'email_1': 'mkevatraj@gmail.com', 'param_1': 1}
2026-07-28 13:34:13,738 | INFO | SELECT notes.id AS notes_id, notes.title AS notes_title, notes.content AS notes_content, notes.tag AS notes_tag, notes.owner_id AS notes_owner_id, notes.created_at AS notes_created_at 
FROM notes 
WHERE notes.owner_id = %(owner_id_1)s 
 LIMIT %(param_1)s, %(param_2)s
2026-07-28 13:34:13,739 | INFO | [cached since 1792s ago] {'owner_id_1': 4, 'param_1': 0, 'param_2': 10}
2026-07-28 13:34:13,742 | INFO | GET /notes Status=200 Time=10.82ms
2026-07-28 13:34:13,744 | INFO | ROLLBACK
2026-07-28 13:34:14,004 | INFO | BEGIN (implicit)
2026-07-28 13:34:14,004 | INFO | SELECT users.id AS users_id, users.name AS users_name, users.email AS users_email, users.password AS users_password, users.created_at AS users_created_at 
FROM users 
WHERE users.email = %(email_1)s 
 LIMIT %(param_1)s
2026-07-28 13:34:14,005 | INFO | [cached since 2146s ago] {'email_1': 'mkevatraj@gmail.com', 'param_1': 1}
2026-07-28 13:34:14,009 | INFO | SELECT notes.id AS notes_id, notes.title AS notes_title, notes.content AS notes_content, notes.tag AS notes_tag, notes.owner_id AS notes_owner_id, notes.created_at AS notes_created_at 
FROM notes 
WHERE notes.owner_id = %(owner_id_1)s 
 LIMIT %(param_1)s, %(param_2)s
2026-07-28 13:34:14,009 | INFO | [cached since 1792s ago] {'owner_id_1': 4, 'param_1': 0, 'param_2': 10}
2026-07-28 13:34:14,013 | INFO | GET /notes Status=200 Time=11.15ms
2026-07-28 13:34:14,014 | INFO | ROLLBACK
2026-07-28 13:34:20,969 | INFO | BEGIN (implicit)
2026-07-28 13:34:20,970 | INFO | SELECT users.id AS users_id, users.name AS users_name, users.email AS users_email, users.password AS users_password, users.created_at AS users_created_at 
FROM users 
WHERE users.email = %(email_1)s 
 LIMIT %(param_1)s
2026-07-28 13:34:20,970 | INFO | [cached since 2153s ago] {'email_1': 'mkevatraj@gmail.com', 'param_1': 1}
2026-07-28 13:34:20,974 | INFO | SELECT notes.id AS notes_id, notes.title AS notes_title, notes.content AS notes_content, notes.tag AS notes_tag, notes.owner_id AS notes_owner_id, notes.created_at AS notes_created_at 
FROM notes 
WHERE notes.owner_id = %(owner_id_1)s 
 LIMIT %(param_1)s, %(param_2)s
2026-07-28 13:34:20,975 | INFO | [cached since 1799s ago] {'owner_id_1': 4, 'param_1': 0, 'param_2': 10}
2026-07-28 13:34:20,978 | INFO | GET /notes Status=200 Time=11.36ms
2026-07-28 13:34:20,980 | INFO | ROLLBACK
2026-07-28 13:34:23,144 | INFO | BEGIN (implicit)
2026-07-28 13:34:23,148 | INFO | SELECT users.id AS users_id, users.name AS users_name, users.email AS users_email, users.password AS users_password, users.created_at AS users_created_at 
FROM users 
WHERE users.email = %(email_1)s 
 LIMIT %(param_1)s
2026-07-28 13:34:23,152 | INFO | [cached since 2155s ago] {'email_1': 'mkevatraj@gmail.com', 'param_1': 1}
2026-07-28 13:34:23,156 | INFO | SELECT notes.id AS notes_id, notes.title AS notes_title, notes.content AS notes_content, notes.tag AS notes_tag, notes.owner_id AS notes_owner_id, notes.created_at AS notes_created_at 
FROM notes 
WHERE notes.owner_id = %(owner_id_1)s 
 LIMIT %(param_1)s, %(param_2)s
2026-07-28 13:34:23,162 | INFO | [cached since 1801s ago] {'owner_id_1': 4, 'param_1': 0, 'param_2': 10}
2026-07-28 13:34:23,170 | INFO | GET /notes Status=200 Time=28.36ms
2026-07-28 13:34:23,172 | INFO | ROLLBACK
2026-07-28 13:34:26,168 | INFO | BEGIN (implicit)
2026-07-28 13:34:26,170 | INFO | SELECT users.id AS users_id, users.name AS users_name, users.email AS users_email, users.password AS users_password, users.created_at AS users_created_at 
FROM users 
WHERE users.email = %(email_1)s 
 LIMIT %(param_1)s
2026-07-28 13:34:26,177 | INFO | [cached since 2158s ago] {'email_1': 'mkevatraj@gmail.com', 'param_1': 1}
2026-07-28 13:34:26,181 | INFO | SELECT notes.id AS notes_id, notes.title AS notes_title, notes.content AS notes_content, notes.tag AS notes_tag, notes.owner_id AS notes_owner_id, notes.created_at AS notes_created_at 
FROM notes 
WHERE notes.owner_id = %(owner_id_1)s 
 LIMIT %(param_1)s, %(param_2)s
2026-07-28 13:34:26,186 | INFO | [cached since 1804s ago] {'owner_id_1': 4, 'param_1': 0, 'param_2': 10}
2026-07-28 13:34:26,191 | INFO | GET /notes Status=200 Time=24.97ms
2026-07-28 13:34:26,194 | INFO | ROLLBACK
2026-07-28 13:34:53,672 | INFO | BEGIN (implicit)
2026-07-28 13:34:53,673 | INFO | SELECT users.id AS users_id, users.name AS users_name, users.email AS users_email, users.password AS users_password, users.created_at AS users_created_at 
FROM users 
WHERE users.email = %(email_1)s 
 LIMIT %(param_1)s
2026-07-28 13:34:53,673 | INFO | [cached since 2186s ago] {'email_1': 'mkevatraj@gmail.com', 'param_1': 1}
2026-07-28 13:34:53,676 | INFO | SELECT notes.id AS notes_id, notes.title AS notes_title, notes.content AS notes_content, notes.tag AS notes_tag, notes.owner_id AS notes_owner_id, notes.created_at AS notes_created_at 
FROM notes 
WHERE notes.owner_id = %(owner_id_1)s 
 LIMIT %(param_1)s, %(param_2)s
2026-07-28 13:34:53,676 | INFO | [cached since 1832s ago] {'owner_id_1': 4, 'param_1': 0, 'param_2': 10}
2026-07-28 13:34:53,679 | INFO | GET /notes Status=200 Time=8.23ms
2026-07-28 13:34:53,680 | INFO | ROLLBACK
2026-07-28 13:34:55,478 | INFO | BEGIN (implicit)
2026-07-28 13:34:55,479 | INFO | SELECT users.id AS users_id, users.name AS users_name, users.email AS users_email, users.password AS users_password, users.created_at AS users_created_at 
FROM users 
WHERE users.email = %(email_1)s 
 LIMIT %(param_1)s
2026-07-28 13:34:55,479 | INFO | [cached since 2188s ago] {'email_1': 'mkevatraj@gmail.com', 'param_1': 1}
2026-07-28 13:34:55,482 | INFO | SELECT notes.id AS notes_id, notes.title AS notes_title, notes.content AS notes_content, notes.tag AS notes_tag, notes.owner_id AS notes_owner_id, notes.created_at AS notes_created_at 
FROM notes 
WHERE notes.owner_id = %(owner_id_1)s 
 LIMIT %(param_1)s, %(param_2)s
2026-07-28 13:34:55,482 | INFO | [cached since 1834s ago] {'owner_id_1': 4, 'param_1': 0, 'param_2': 10}
2026-07-28 13:34:55,485 | INFO | GET /notes Status=200 Time=8.59ms
2026-07-28 13:34:55,487 | INFO | ROLLBACK
2026-07-28 13:34:56,238 | INFO | BEGIN (implicit)
2026-07-28 13:34:56,238 | INFO | SELECT users.id AS users_id, users.name AS users_name, users.email AS users_email, users.password AS users_password, users.created_at AS users_created_at 
FROM users 
WHERE users.email = %(email_1)s 
 LIMIT %(param_1)s
2026-07-28 13:34:56,239 | INFO | [cached since 2188s ago] {'email_1': 'mkevatraj@gmail.com', 'param_1': 1}
2026-07-28 13:34:56,241 | INFO | SELECT notes.id AS notes_id, notes.title AS notes_title, notes.content AS notes_content, notes.tag AS notes_tag, notes.owner_id AS notes_owner_id, notes.created_at AS notes_created_at 
FROM notes 
WHERE notes.owner_id = %(owner_id_1)s 
 LIMIT %(param_1)s, %(param_2)s
2026-07-28 13:34:56,242 | INFO | [cached since 1834s ago] {'owner_id_1': 4, 'param_1': 0, 'param_2': 10}
2026-07-28 13:34:56,244 | INFO | GET /notes Status=200 Time=7.65ms
2026-07-28 13:34:56,245 | INFO | ROLLBACK
2026-07-28 13:35:28,094 | INFO | OPTIONS /notes/8 Status=200 Time=0.26ms
2026-07-28 13:35:28,100 | INFO | BEGIN (implicit)
2026-07-28 13:35:28,101 | INFO | SELECT users.id AS users_id, users.name AS users_name, users.email AS users_email, users.password AS users_password, users.created_at AS users_created_at 
FROM users 
WHERE users.email = %(email_1)s 
 LIMIT %(param_1)s
2026-07-28 13:35:28,101 | INFO | [cached since 2220s ago] {'email_1': 'mkevatraj@gmail.com', 'param_1': 1}
2026-07-28 13:35:28,105 | INFO | SELECT notes.id AS notes_id, notes.title AS notes_title, notes.content AS notes_content, notes.tag AS notes_tag, notes.owner_id AS notes_owner_id, notes.created_at AS notes_created_at 
FROM notes 
WHERE notes.id = %(id_1)s AND notes.owner_id = %(owner_id_1)s 
 LIMIT %(param_1)s
2026-07-28 13:35:28,106 | INFO | [generated in 0.00051s] {'id_1': 8, 'owner_id_1': 4, 'param_1': 1}
2026-07-28 13:35:28,110 | INFO | UPDATE notes SET content=%(content)s WHERE notes.id = %(notes_id)s
2026-07-28 13:35:28,110 | INFO | [generated in 0.00050s] {'content': 'Welcome to python This is are Ai develope language', 'notes_id': 8}
2026-07-28 13:35:28,117 | INFO | COMMIT
2026-07-28 13:35:28,130 | INFO | BEGIN (implicit)
2026-07-28 13:35:28,131 | INFO | SELECT notes.id, notes.title, notes.content, notes.tag, notes.owner_id, notes.created_at 
FROM notes 
WHERE notes.id = %(pk_1)s
2026-07-28 13:35:28,132 | INFO | [cached since 2164s ago] {'pk_1': 8}
2026-07-28 13:35:28,134 | INFO | PUT /notes/8 Status=200 Time=36.52ms
2026-07-28 13:35:28,135 | INFO | ROLLBACK
2026-07-28 13:35:28,140 | INFO | BEGIN (implicit)
2026-07-28 13:35:28,141 | INFO | SELECT users.id AS users_id, users.name AS users_name, users.email AS users_email, users.password AS users_password, users.created_at AS users_created_at 
FROM users 
WHERE users.email = %(email_1)s 
 LIMIT %(param_1)s
2026-07-28 13:35:28,141 | INFO | [cached since 2220s ago] {'email_1': 'mkevatraj@gmail.com', 'param_1': 1}
2026-07-28 13:35:28,144 | INFO | SELECT notes.id AS notes_id, notes.title AS notes_title, notes.content AS notes_content, notes.tag AS notes_tag, notes.owner_id AS notes_owner_id, notes.created_at AS notes_created_at 
FROM notes 
WHERE notes.owner_id = %(owner_id_1)s 
 LIMIT %(param_1)s, %(param_2)s
2026-07-28 13:35:28,145 | INFO | [cached since 1866s ago] {'owner_id_1': 4, 'param_1': 0, 'param_2': 10}
2026-07-28 13:35:28,148 | INFO | GET /notes Status=200 Time=9.0ms
2026-07-28 13:35:28,149 | INFO | ROLLBACK
2026-07-28 13:36:49,819 | INFO | BEGIN (implicit)
2026-07-28 13:36:49,820 | INFO | SELECT users.id AS users_id, users.name AS users_name, users.email AS users_email, users.password AS users_password, users.created_at AS users_created_at 
FROM users 
WHERE users.email = %(email_1)s 
 LIMIT %(param_1)s
2026-07-28 13:36:49,820 | INFO | [cached since 2302s ago] {'email_1': 'mkevatraj@gmail.com', 'param_1': 1}
2026-07-28 13:36:49,825 | INFO | SELECT notes.id AS notes_id, notes.title AS notes_title, notes.content AS notes_content, notes.tag AS notes_tag, notes.owner_id AS notes_owner_id, notes.created_at AS notes_created_at 
FROM notes 
WHERE notes.owner_id = %(owner_id_1)s 
 LIMIT %(param_1)s, %(param_2)s
2026-07-28 13:36:49,825 | INFO | [cached since 1948s ago] {'owner_id_1': 4, 'param_1': 0, 'param_2': 10}
2026-07-28 13:36:49,830 | INFO | GET /notes Status=200 Time=15.05ms
2026-07-28 13:36:49,833 | INFO | ROLLBACK
2026-07-28 13:36:50,162 | INFO | BEGIN (implicit)
2026-07-28 13:36:50,162 | INFO | SELECT users.id AS users_id, users.name AS users_name, users.email AS users_email, users.password AS users_password, users.created_at AS users_created_at 
FROM users 
WHERE users.email = %(email_1)s 
 LIMIT %(param_1)s
2026-07-28 13:36:50,163 | INFO | [cached since 2302s ago] {'email_1': 'mkevatraj@gmail.com', 'param_1': 1}
2026-07-28 13:36:50,169 | INFO | SELECT notes.id AS notes_id, notes.title AS notes_title, notes.content AS notes_content, notes.tag AS notes_tag, notes.owner_id AS notes_owner_id, notes.created_at AS notes_created_at 
FROM notes 
WHERE notes.owner_id = %(owner_id_1)s 
 LIMIT %(param_1)s, %(param_2)s
2026-07-28 13:36:50,171 | INFO | [cached since 1948s ago] {'owner_id_1': 4, 'param_1': 0, 'param_2': 10}
2026-07-28 13:36:50,175 | INFO | GET /notes Status=200 Time=15.4ms
2026-07-28 13:36:50,177 | INFO | ROLLBACK
2026-07-28 13:36:52,437 | INFO | BEGIN (implicit)
2026-07-28 13:36:52,443 | INFO | SELECT users.id AS users_id, users.name AS users_name, users.email AS users_email, users.password AS users_password, users.created_at AS users_created_at 
FROM users 
WHERE users.email = %(email_1)s 
 LIMIT %(param_1)s
2026-07-28 13:36:52,444 | INFO | [cached since 2305s ago] {'email_1': 'mkevatraj@gmail.com', 'param_1': 1}
2026-07-28 13:36:52,450 | INFO | SELECT notes.id AS notes_id, notes.title AS notes_title, notes.content AS notes_content, notes.tag AS notes_tag, notes.owner_id AS notes_owner_id, notes.created_at AS notes_created_at 
FROM notes 
WHERE notes.owner_id = %(owner_id_1)s 
 LIMIT %(param_1)s, %(param_2)s
2026-07-28 13:36:52,455 | INFO | [cached since 1951s ago] {'owner_id_1': 4, 'param_1': 0, 'param_2': 10}
2026-07-28 13:36:52,458 | INFO | GET /notes Status=200 Time=23.06ms
2026-07-28 13:36:52,461 | INFO | ROLLBACK
2026-07-28 13:37:20,583 | INFO | BEGIN (implicit)
2026-07-28 13:37:20,584 | INFO | SELECT users.id AS users_id, users.name AS users_name, users.email AS users_email, users.password AS users_password, users.created_at AS users_created_at 
FROM users 
WHERE users.email = %(email_1)s 
 LIMIT %(param_1)s
2026-07-28 13:37:20,585 | INFO | [cached since 2333s ago] {'email_1': 'mkevatraj@gmail.com', 'param_1': 1}
2026-07-28 13:37:20,589 | INFO | SELECT notes.id AS notes_id, notes.title AS notes_title, notes.content AS notes_content, notes.tag AS notes_tag, notes.owner_id AS notes_owner_id, notes.created_at AS notes_created_at 
FROM notes 
WHERE notes.owner_id = %(owner_id_1)s 
 LIMIT %(param_1)s, %(param_2)s
2026-07-28 13:37:20,590 | INFO | [cached since 1979s ago] {'owner_id_1': 4, 'param_1': 0, 'param_2': 10}
2026-07-28 13:37:20,594 | INFO | GET /notes Status=200 Time=14.22ms
2026-07-28 13:37:20,598 | INFO | ROLLBACK
2026-07-28 13:37:25,002 | INFO | BEGIN (implicit)
2026-07-28 13:37:25,003 | INFO | SELECT users.id AS users_id, users.name AS users_name, users.email AS users_email, users.password AS users_password, users.created_at AS users_created_at 
FROM users 
WHERE users.email = %(email_1)s 
 LIMIT %(param_1)s
2026-07-28 13:37:25,003 | INFO | [cached since 2337s ago] {'email_1': 'mkevatraj@gmail.com', 'param_1': 1}
2026-07-28 13:37:25,005 | INFO | SELECT notes.id AS notes_id, notes.title AS notes_title, notes.content AS notes_content, notes.tag AS notes_tag, notes.owner_id AS notes_owner_id, notes.created_at AS notes_created_at 
FROM notes 
WHERE notes.id = %(id_1)s AND notes.owner_id = %(owner_id_1)s 
 LIMIT %(param_1)s
2026-07-28 13:37:25,006 | INFO | [cached since 116.9s ago] {'id_1': 8, 'owner_id_1': 4, 'param_1': 1}
2026-07-28 13:37:25,011 | INFO | DELETE FROM notes WHERE notes.id = %(id)s
2026-07-28 13:37:25,014 | INFO | [generated in 0.00321s] {'id': 8}
2026-07-28 13:37:25,023 | INFO | COMMIT
2026-07-28 13:37:25,029 | INFO | DELETE /notes/8 Status=200 Time=30.03ms
2026-07-28 13:37:30,302 | INFO | BEGIN (implicit)
2026-07-28 13:37:30,305 | INFO | SELECT users.id AS users_id, users.name AS users_name, users.email AS users_email, users.password AS users_password, users.created_at AS users_created_at 
FROM users 
WHERE users.email = %(email_1)s 
 LIMIT %(param_1)s
2026-07-28 13:37:30,306 | INFO | [cached since 2342s ago] {'email_1': 'mkevatraj@gmail.com', 'param_1': 1}
2026-07-28 13:37:30,310 | INFO | SELECT notes.id AS notes_id, notes.title AS notes_title, notes.content AS notes_content, notes.tag AS notes_tag, notes.owner_id AS notes_owner_id, notes.created_at AS notes_created_at 
FROM notes 
WHERE notes.owner_id = %(owner_id_1)s 
 LIMIT %(param_1)s, %(param_2)s
2026-07-28 13:37:30,313 | INFO | [cached since 1988s ago] {'owner_id_1': 4, 'param_1': 0, 'param_2': 10}
2026-07-28 13:37:30,317 | INFO | GET /notes Status=200 Time=18.26ms
2026-07-28 13:37:30,319 | INFO | ROLLBACK
2026-07-28 15:19:52,819 | INFO | OPTIONS /notes Status=200 Time=0.83ms
2026-07-28 15:19:52,834 | INFO | GET /notes Status=401 Time=5.67ms
2026-07-28 15:20:09,407 | INFO | GET /notes Status=401 Time=2.87ms
2026-07-28 15:20:10,475 | INFO | GET /notes Status=401 Time=5.6ms
2026-07-28 15:20:10,925 | INFO | GET /notes Status=401 Time=3.81ms
2026-07-28 15:20:23,913 | INFO | BEGIN (implicit)
2026-07-28 15:20:23,914 | INFO | SELECT users.id AS users_id, users.name AS users_name, users.email AS users_email, users.password AS users_password, users.created_at AS users_created_at 
FROM users 
WHERE users.email = %(email_1)s 
 LIMIT %(param_1)s
2026-07-28 15:20:23,914 | INFO | [cached since 8516s ago] {'email_1': 'mkevatraj@gmail.com', 'param_1': 1}
2026-07-28 15:20:24,220 | INFO | POST /login Status=200 Time=311.03ms
2026-07-28 15:20:24,221 | INFO | ROLLBACK
2026-07-28 15:20:29,789 | INFO | BEGIN (implicit)
2026-07-28 15:20:29,791 | INFO | SELECT users.id AS users_id, users.name AS users_name, users.email AS users_email, users.password AS users_password, users.created_at AS users_created_at 
FROM users 
WHERE users.email = %(email_1)s 
 LIMIT %(param_1)s
2026-07-28 15:20:29,792 | INFO | [cached since 8522s ago] {'email_1': 'mkevatraj@gmail.com', 'param_1': 1}
2026-07-28 15:20:29,803 | INFO | SELECT notes.id AS notes_id, notes.title AS notes_title, notes.content AS notes_content, notes.tag AS notes_tag, notes.owner_id AS notes_owner_id, notes.created_at AS notes_created_at 
FROM notes 
WHERE notes.owner_id = %(owner_id_1)s 
 LIMIT %(param_1)s, %(param_2)s
2026-07-28 15:20:29,804 | INFO | [cached since 8168s ago] {'owner_id_1': 4, 'param_1': 0, 'param_2': 10}
2026-07-28 15:20:29,809 | INFO | GET /notes Status=200 Time=24.52ms
2026-07-28 15:20:29,813 | INFO | ROLLBACK
2026-07-28 15:24:25,069 | INFO | BEGIN (implicit)
2026-07-28 15:24:25,080 | INFO | SELECT users.id AS users_id, users.name AS users_name, users.email AS users_email, users.password AS users_password, users.created_at AS users_created_at 
FROM users 
WHERE users.email = %(email_1)s 
 LIMIT %(param_1)s
2026-07-28 15:24:25,080 | INFO | [cached since 8757s ago] {'email_1': 'mkevatraj@gmail.com', 'param_1': 1}
2026-07-28 15:24:25,084 | INFO | SELECT notes.id AS notes_id, notes.title AS notes_title, notes.content AS notes_content, notes.tag AS notes_tag, notes.owner_id AS notes_owner_id, notes.created_at AS notes_created_at 
FROM notes 
WHERE notes.owner_id = %(owner_id_1)s 
 LIMIT %(param_1)s, %(param_2)s
2026-07-28 15:24:25,085 | INFO | [cached since 8403s ago] {'owner_id_1': 4, 'param_1': 0, 'param_2': 10}
2026-07-28 15:24:25,090 | INFO | GET /notes Status=200 Time=24.84ms
2026-07-28 15:24:25,094 | INFO | ROLLBACK
2026-07-28 15:24:25,624 | INFO | BEGIN (implicit)
2026-07-28 15:24:25,624 | INFO | SELECT users.id AS users_id, users.name AS users_name, users.email AS users_email, users.password AS users_password, users.created_at AS users_created_at 
FROM users 
WHERE users.email = %(email_1)s 
 LIMIT %(param_1)s
2026-07-28 15:24:25,625 | INFO | [cached since 8758s ago] {'email_1': 'mkevatraj@gmail.com', 'param_1': 1}
2026-07-28 15:24:25,630 | INFO | SELECT notes.id AS notes_id, notes.title AS notes_title, notes.content AS notes_content, notes.tag AS notes_tag, notes.owner_id AS notes_owner_id, notes.created_at AS notes_created_at 
FROM notes 
WHERE notes.owner_id = %(owner_id_1)s 
 LIMIT %(param_1)s, %(param_2)s
2026-07-28 15:24:25,630 | INFO | [cached since 8404s ago] {'owner_id_1': 4, 'param_1': 0, 'param_2': 10}
2026-07-28 15:24:25,633 | INFO | GET /notes Status=200 Time=12.33ms
2026-07-28 15:24:25,635 | INFO | ROLLBACK
2026-07-28 15:24:26,066 | INFO | BEGIN (implicit)
2026-07-28 15:24:26,067 | INFO | SELECT users.id AS users_id, users.name AS users_name, users.email AS users_email, users.password AS users_password, users.created_at AS users_created_at 
FROM users 
WHERE users.email = %(email_1)s 
 LIMIT %(param_1)s
2026-07-28 15:24:26,067 | INFO | [cached since 8758s ago] {'email_1': 'mkevatraj@gmail.com', 'param_1': 1}
2026-07-28 15:24:26,071 | INFO | SELECT notes.id AS notes_id, notes.title AS notes_title, notes.content AS notes_content, notes.tag AS notes_tag, notes.owner_id AS notes_owner_id, notes.created_at AS notes_created_at 
FROM notes 
WHERE notes.owner_id = %(owner_id_1)s 
 LIMIT %(param_1)s, %(param_2)s
2026-07-28 15:24:26,074 | INFO | [cached since 8404s ago] {'owner_id_1': 4, 'param_1': 0, 'param_2': 10}
2026-07-28 15:24:26,079 | INFO | GET /notes Status=200 Time=15.53ms
2026-07-28 15:24:26,082 | INFO | ROLLBACK
2026-07-28 15:25:17,176 | INFO | BEGIN (implicit)
2026-07-28 15:25:17,177 | INFO | SELECT users.id AS users_id, users.name AS users_name, users.email AS users_email, users.password AS users_password, users.created_at AS users_created_at 
FROM users 
WHERE users.email = %(email_1)s 
 LIMIT %(param_1)s
2026-07-28 15:25:17,179 | INFO | [cached since 8809s ago] {'email_1': 'mkevatraj@gmail.com', 'param_1': 1}
2026-07-28 15:25:17,182 | INFO | SELECT notes.id AS notes_id, notes.title AS notes_title, notes.content AS notes_content, notes.tag AS notes_tag, notes.owner_id AS notes_owner_id, notes.created_at AS notes_created_at 
FROM notes 
WHERE notes.owner_id = %(owner_id_1)s 
 LIMIT %(param_1)s, %(param_2)s
2026-07-28 15:25:17,183 | INFO | [cached since 8455s ago] {'owner_id_1': 4, 'param_1': 0, 'param_2': 10}
2026-07-28 15:25:17,186 | INFO | GET /notes Status=200 Time=12.21ms
2026-07-28 15:25:17,187 | INFO | ROLLBACK
2026-07-28 15:25:36,076 | INFO | BEGIN (implicit)
2026-07-28 15:25:36,077 | INFO | SELECT users.id AS users_id, users.name AS users_name, users.email AS users_email, users.password AS users_password, users.created_at AS users_created_at 
FROM users 
WHERE users.email = %(email_1)s 
 LIMIT %(param_1)s
2026-07-28 15:25:36,078 | INFO | [cached since 8828s ago] {'email_1': 'mkevatraj@gmail.com', 'param_1': 1}
2026-07-28 15:25:36,081 | INFO | SELECT notes.id AS notes_id, notes.title AS notes_title, notes.content AS notes_content, notes.tag AS notes_tag, notes.owner_id AS notes_owner_id, notes.created_at AS notes_created_at 
FROM notes 
WHERE notes.owner_id = %(owner_id_1)s 
 LIMIT %(param_1)s, %(param_2)s
2026-07-28 15:25:36,082 | INFO | [cached since 8474s ago] {'owner_id_1': 4, 'param_1': 0, 'param_2': 10}
2026-07-28 15:25:36,087 | INFO | GET /notes Status=200 Time=14.65ms
2026-07-28 15:25:36,088 | INFO | ROLLBACK
2026-07-28 15:25:36,238 | INFO | BEGIN (implicit)
2026-07-28 15:25:36,239 | INFO | SELECT users.id AS users_id, users.name AS users_name, users.email AS users_email, users.password AS users_password, users.created_at AS users_created_at 
FROM users 
WHERE users.email = %(email_1)s 
 LIMIT %(param_1)s
2026-07-28 15:25:36,239 | INFO | [cached since 8828s ago] {'email_1': 'mkevatraj@gmail.com', 'param_1': 1}
2026-07-28 15:25:36,243 | INFO | SELECT notes.id AS notes_id, notes.title AS notes_title, notes.content AS notes_content, notes.tag AS notes_tag, notes.owner_id AS notes_owner_id, notes.created_at AS notes_created_at 
FROM notes 
WHERE notes.owner_id = %(owner_id_1)s 
 LIMIT %(param_1)s, %(param_2)s
2026-07-28 15:25:36,244 | INFO | [cached since 8474s ago] {'owner_id_1': 4, 'param_1': 0, 'param_2': 10}
2026-07-28 15:25:36,247 | INFO | GET /notes Status=200 Time=10.55ms
2026-07-28 15:25:36,248 | INFO | ROLLBACK
2026-07-28 15:25:38,250 | INFO | BEGIN (implicit)
2026-07-28 15:25:38,251 | INFO | SELECT users.id AS users_id, users.name AS users_name, users.email AS users_email, users.password AS users_password, users.created_at AS users_created_at 
FROM users 
WHERE users.email = %(email_1)s 
 LIMIT %(param_1)s
2026-07-28 15:25:38,253 | INFO | [cached since 8830s ago] {'email_1': 'mkevatraj@gmail.com', 'param_1': 1}
2026-07-28 15:25:38,256 | INFO | SELECT notes.id AS notes_id, notes.title AS notes_title, notes.content AS notes_content, notes.tag AS notes_tag, notes.owner_id AS notes_owner_id, notes.created_at AS notes_created_at 
FROM notes 
WHERE notes.owner_id = %(owner_id_1)s 
 LIMIT %(param_1)s, %(param_2)s
2026-07-28 15:25:38,257 | INFO | [cached since 8476s ago] {'owner_id_1': 4, 'param_1': 0, 'param_2': 10}
2026-07-28 15:25:38,264 | INFO | GET /notes Status=200 Time=15.78ms
2026-07-28 15:25:38,265 | INFO | ROLLBACK
2026-07-28 15:25:38,464 | INFO | BEGIN (implicit)
2026-07-28 15:25:38,467 | INFO | SELECT users.id AS users_id, users.name AS users_name, users.email AS users_email, users.password AS users_password, users.created_at AS users_created_at 
FROM users 
WHERE users.email = %(email_1)s 
 LIMIT %(param_1)s
2026-07-28 15:25:38,471 | INFO | [cached since 8831s ago] {'email_1': 'mkevatraj@gmail.com', 'param_1': 1}
2026-07-28 15:25:38,476 | INFO | SELECT notes.id AS notes_id, notes.title AS notes_title, notes.content AS notes_content, notes.tag AS notes_tag, notes.owner_id AS notes_owner_id, notes.created_at AS notes_created_at 
FROM notes 
WHERE notes.owner_id = %(owner_id_1)s 
 LIMIT %(param_1)s, %(param_2)s
2026-07-28 15:25:38,478 | INFO | [cached since 8477s ago] {'owner_id_1': 4, 'param_1': 0, 'param_2': 10}
2026-07-28 15:25:38,482 | INFO | GET /notes Status=200 Time=19.47ms
2026-07-28 15:25:38,485 | INFO | ROLLBACK
2026-07-28 15:26:11,728 | INFO | BEGIN (implicit)
2026-07-28 15:26:11,729 | INFO | SELECT users.id AS users_id, users.name AS users_name, users.email AS users_email, users.password AS users_password, users.created_at AS users_created_at 
FROM users 
WHERE users.email = %(email_1)s 
 LIMIT %(param_1)s
2026-07-28 15:26:11,730 | INFO | [cached since 8864s ago] {'email_1': 'mkevatraj@gmail.com', 'param_1': 1}
2026-07-28 15:26:11,734 | INFO | SELECT notes.id AS notes_id, notes.title AS notes_title, notes.content AS notes_content, notes.tag AS notes_tag, notes.owner_id AS notes_owner_id, notes.created_at AS notes_created_at 
FROM notes 
WHERE notes.owner_id = %(owner_id_1)s 
 LIMIT %(param_1)s, %(param_2)s
2026-07-28 15:26:11,735 | INFO | [cached since 8510s ago] {'owner_id_1': 4, 'param_1': 0, 'param_2': 10}
2026-07-28 15:26:11,740 | INFO | GET /notes Status=200 Time=13.98ms
2026-07-28 15:26:11,742 | INFO | ROLLBACK
2026-07-28 15:26:15,062 | INFO | OPTIONS /notes/semantic-search Status=200 Time=1.3ms
2026-07-28 15:26:15,073 | INFO | BEGIN (implicit)
2026-07-28 15:26:15,074 | INFO | SELECT users.id AS users_id, users.name AS users_name, users.email AS users_email, users.password AS users_password, users.created_at AS users_created_at 
FROM users 
WHERE users.email = %(email_1)s 
 LIMIT %(param_1)s
2026-07-28 15:26:15,075 | INFO | [cached since 8867s ago] {'email_1': 'mkevatraj@gmail.com', 'param_1': 1}
2026-07-28 15:26:15,080 | INFO | SELECT notes.id AS notes_id, notes.title AS notes_title, notes.content AS notes_content, notes.tag AS notes_tag, notes.owner_id AS notes_owner_id, notes.created_at AS notes_created_at 
FROM notes 
WHERE notes.owner_id = %(owner_id_1)s
2026-07-28 15:26:15,080 | INFO | [generated in 0.00066s] {'owner_id_1': 4}
2026-07-28 15:26:15,721 | INFO | POST /notes/semantic-search Status=200 Time=651.9ms
2026-07-28 15:26:15,723 | INFO | ROLLBACK
2026-07-28 15:26:21,754 | INFO | BEGIN (implicit)
2026-07-28 15:26:21,755 | INFO | SELECT users.id AS users_id, users.name AS users_name, users.email AS users_email, users.password AS users_password, users.created_at AS users_created_at 
FROM users 
WHERE users.email = %(email_1)s 
 LIMIT %(param_1)s
2026-07-28 15:26:21,755 | INFO | [cached since 8874s ago] {'email_1': 'mkevatraj@gmail.com', 'param_1': 1}
2026-07-28 15:26:21,758 | INFO | SELECT notes.id AS notes_id, notes.title AS notes_title, notes.content AS notes_content, notes.tag AS notes_tag, notes.owner_id AS notes_owner_id, notes.created_at AS notes_created_at 
FROM notes 
WHERE notes.owner_id = %(owner_id_1)s
2026-07-28 15:26:21,759 | INFO | [cached since 6.679s ago] {'owner_id_1': 4}
2026-07-28 15:26:21,814 | INFO | POST /notes/semantic-search Status=200 Time=68.1ms
2026-07-28 15:26:21,816 | INFO | ROLLBACK
2026-07-28 15:26:24,864 | INFO | BEGIN (implicit)
2026-07-28 15:26:24,866 | INFO | SELECT users.id AS users_id, users.name AS users_name, users.email AS users_email, users.password AS users_password, users.created_at AS users_created_at 
FROM users 
WHERE users.email = %(email_1)s 
 LIMIT %(param_1)s
2026-07-28 15:26:24,868 | INFO | [cached since 8877s ago] {'email_1': 'mkevatraj@gmail.com', 'param_1': 1}
2026-07-28 15:26:24,875 | INFO | SELECT notes.id AS notes_id, notes.title AS notes_title, notes.content AS notes_content, notes.tag AS notes_tag, notes.owner_id AS notes_owner_id, notes.created_at AS notes_created_at 
FROM notes 
WHERE notes.owner_id = %(owner_id_1)s
2026-07-28 15:26:24,876 | INFO | [cached since 9.797s ago] {'owner_id_1': 4}
2026-07-28 15:26:24,930 | INFO | POST /notes/semantic-search Status=200 Time=77.2ms
2026-07-28 15:26:24,932 | INFO | ROLLBACK
2026-07-28 15:26:30,055 | INFO | BEGIN (implicit)
2026-07-28 15:26:30,057 | INFO | SELECT users.id AS users_id, users.name AS users_name, users.email AS users_email, users.password AS users_password, users.created_at AS users_created_at 
FROM users 
WHERE users.email = %(email_1)s 
 LIMIT %(param_1)s
2026-07-28 15:26:30,058 | INFO | [cached since 8882s ago] {'email_1': 'mkevatraj@gmail.com', 'param_1': 1}
2026-07-28 15:26:30,064 | INFO | SELECT notes.id AS notes_id, notes.title AS notes_title, notes.content AS notes_content, notes.tag AS notes_tag, notes.owner_id AS notes_owner_id, notes.created_at AS notes_created_at 
FROM notes 
WHERE notes.owner_id = %(owner_id_1)s
2026-07-28 15:26:30,065 | INFO | [cached since 14.99s ago] {'owner_id_1': 4}
2026-07-28 15:26:30,125 | INFO | POST /notes/semantic-search Status=200 Time=77.73ms
2026-07-28 15:26:30,127 | INFO | ROLLBACK
2026-07-28 15:26:31,814 | INFO | BEGIN (implicit)
2026-07-28 15:26:31,816 | INFO | SELECT users.id AS users_id, users.name AS users_name, users.email AS users_email, users.password AS users_password, users.created_at AS users_created_at 
FROM users 
WHERE users.email = %(email_1)s 
 LIMIT %(param_1)s
2026-07-28 15:26:31,818 | INFO | [cached since 8884s ago] {'email_1': 'mkevatraj@gmail.com', 'param_1': 1}
2026-07-28 15:26:31,830 | INFO | SELECT notes.id AS notes_id, notes.title AS notes_title, notes.content AS notes_content, notes.tag AS notes_tag, notes.owner_id AS notes_owner_id, notes.created_at AS notes_created_at 
FROM notes 
WHERE notes.owner_id = %(owner_id_1)s 
 LIMIT %(param_1)s, %(param_2)s
2026-07-28 15:26:31,832 | INFO | [cached since 8530s ago] {'owner_id_1': 4, 'param_1': 0, 'param_2': 10}
2026-07-28 15:26:31,839 | INFO | GET /notes Status=200 Time=30.66ms
2026-07-28 15:26:31,842 | INFO | ROLLBACK
2026-07-28 15:26:58,708 | INFO | BEGIN (implicit)
2026-07-28 15:26:58,709 | INFO | SELECT users.id AS users_id, users.name AS users_name, users.email AS users_email, users.password AS users_password, users.created_at AS users_created_at 
FROM users 
WHERE users.email = %(email_1)s 
 LIMIT %(param_1)s
2026-07-28 15:26:58,709 | INFO | [cached since 8911s ago] {'email_1': 'mkevatraj@gmail.com', 'param_1': 1}
2026-07-28 15:26:58,715 | INFO | INSERT INTO notes (title, content, tag, owner_id) VALUES (%(title)s, %(content)s, %(tag)s, %(owner_id)s)
2026-07-28 15:26:58,715 | INFO | [cached since 8855s ago] {'title': 'Python', 'content': 'Python is AI language', 'tag': 'Programing', 'owner_id': 4}
2026-07-28 15:26:58,721 | INFO | COMMIT
2026-07-28 15:26:58,729 | INFO | BEGIN (implicit)
2026-07-28 15:26:58,731 | INFO | SELECT notes.id, notes.title, notes.content, notes.tag, notes.owner_id, notes.created_at 
FROM notes 
WHERE notes.id = %(pk_1)s
2026-07-28 15:26:58,731 | INFO | [cached since 8855s ago] {'pk_1': 11}
2026-07-28 15:26:58,736 | INFO | POST /notes Status=200 Time=31.39ms
2026-07-28 15:27:00,741 | INFO | Background indexing completed for Note ID 11
2026-07-28 15:27:00,743 | INFO | ROLLBACK
2026-07-28 15:27:01,337 | INFO | BEGIN (implicit)
2026-07-28 15:27:01,339 | INFO | SELECT users.id AS users_id, users.name AS users_name, users.email AS users_email, users.password AS users_password, users.created_at AS users_created_at 
FROM users 
WHERE users.email = %(email_1)s 
 LIMIT %(param_1)s
2026-07-28 15:27:01,339 | INFO | [cached since 8913s ago] {'email_1': 'mkevatraj@gmail.com', 'param_1': 1}
2026-07-28 15:27:01,343 | INFO | SELECT notes.id AS notes_id, notes.title AS notes_title, notes.content AS notes_content, notes.tag AS notes_tag, notes.owner_id AS notes_owner_id, notes.created_at AS notes_created_at 
FROM notes 
WHERE notes.owner_id = %(owner_id_1)s 
 LIMIT %(param_1)s, %(param_2)s
2026-07-28 15:27:01,346 | INFO | [cached since 8559s ago] {'owner_id_1': 4, 'param_1': 0, 'param_2': 10}
2026-07-28 15:27:01,352 | INFO | GET /notes Status=200 Time=21.08ms
2026-07-28 15:27:01,354 | INFO | ROLLBACK
2026-07-28 15:27:06,607 | INFO | BEGIN (implicit)
2026-07-28 15:27:06,610 | INFO | SELECT users.id AS users_id, users.name AS users_name, users.email AS users_email, users.password AS users_password, users.created_at AS users_created_at 
FROM users 
WHERE users.email = %(email_1)s 
 LIMIT %(param_1)s
2026-07-28 15:27:06,611 | INFO | [cached since 8919s ago] {'email_1': 'mkevatraj@gmail.com', 'param_1': 1}
2026-07-28 15:27:06,617 | INFO | SELECT notes.id AS notes_id, notes.title AS notes_title, notes.content AS notes_content, notes.tag AS notes_tag, notes.owner_id AS notes_owner_id, notes.created_at AS notes_created_at 
FROM notes 
WHERE notes.owner_id = %(owner_id_1)s
2026-07-28 15:27:06,618 | INFO | [cached since 51.54s ago] {'owner_id_1': 4}
2026-07-28 15:27:06,761 | INFO | POST /notes/semantic-search Status=200 Time=160.46ms
2026-07-28 15:27:06,764 | INFO | ROLLBACK
2026-07-28 15:30:27,040 | INFO | OPTIONS /notes Status=200 Time=0.52ms
2026-07-28 15:30:27,048 | INFO | BEGIN (implicit)
2026-07-28 15:30:27,049 | INFO | SELECT users.id AS users_id, users.name AS users_name, users.email AS users_email, users.password AS users_password, users.created_at AS users_created_at 
FROM users 
WHERE users.email = %(email_1)s 
 LIMIT %(param_1)s
2026-07-28 15:30:27,049 | INFO | [cached since 9119s ago] {'email_1': 'mkevatraj@gmail.com', 'param_1': 1}
2026-07-28 15:30:27,054 | INFO | SELECT notes.id AS notes_id, notes.title AS notes_title, notes.content AS notes_content, notes.tag AS notes_tag, notes.owner_id AS notes_owner_id, notes.created_at AS notes_created_at 
FROM notes 
WHERE notes.owner_id = %(owner_id_1)s 
 LIMIT %(param_1)s, %(param_2)s
2026-07-28 15:30:27,054 | INFO | [cached since 8765s ago] {'owner_id_1': 4, 'param_1': 0, 'param_2': 10}
2026-07-28 15:30:27,058 | INFO | GET /notes Status=200 Time=13.45ms
2026-07-28 15:30:27,060 | INFO | ROLLBACK
2026-07-28 15:30:28,351 | INFO | BEGIN (implicit)
2026-07-28 15:30:28,352 | INFO | SELECT users.id AS users_id, users.name AS users_name, users.email AS users_email, users.password AS users_password, users.created_at AS users_created_at 
FROM users 
WHERE users.email = %(email_1)s 
 LIMIT %(param_1)s
2026-07-28 15:30:28,352 | INFO | [cached since 9120s ago] {'email_1': 'mkevatraj@gmail.com', 'param_1': 1}
2026-07-28 15:30:28,355 | INFO | SELECT notes.id AS notes_id, notes.title AS notes_title, notes.content AS notes_content, notes.tag AS notes_tag, notes.owner_id AS notes_owner_id, notes.created_at AS notes_created_at 
FROM notes 
WHERE notes.owner_id = %(owner_id_1)s 
 LIMIT %(param_1)s, %(param_2)s
2026-07-28 15:30:28,356 | INFO | [cached since 8766s ago] {'owner_id_1': 4, 'param_1': 0, 'param_2': 10}
2026-07-28 15:30:28,360 | INFO | GET /notes Status=200 Time=11.65ms
2026-07-28 15:30:28,362 | INFO | ROLLBACK
2026-07-28 15:30:29,284 | INFO | BEGIN (implicit)
2026-07-28 15:30:29,334 | INFO | SELECT users.id AS users_id, users.name AS users_name, users.email AS users_email, users.password AS users_password, users.created_at AS users_created_at 
FROM users 
WHERE users.email = %(email_1)s 
 LIMIT %(param_1)s
2026-07-28 15:30:29,337 | INFO | [cached since 9121s ago] {'email_1': 'mkevatraj@gmail.com', 'param_1': 1}
2026-07-28 15:30:29,348 | INFO | SELECT notes.id AS notes_id, notes.title AS notes_title, notes.content AS notes_content, notes.tag AS notes_tag, notes.owner_id AS notes_owner_id, notes.created_at AS notes_created_at 
FROM notes 
WHERE notes.owner_id = %(owner_id_1)s 
 LIMIT %(param_1)s, %(param_2)s
2026-07-28 15:30:29,353 | INFO | [cached since 8767s ago] {'owner_id_1': 4, 'param_1': 0, 'param_2': 10}
2026-07-28 15:30:29,359 | INFO | GET /notes Status=200 Time=78.01ms
2026-07-28 15:30:29,369 | INFO | ROLLBACK
2026-07-28 15:30:33,249 | INFO | BEGIN (implicit)
2026-07-28 15:30:33,250 | INFO | SELECT users.id AS users_id, users.name AS users_name, users.email AS users_email, users.password AS users_password, users.created_at AS users_created_at 
FROM users 
WHERE users.email = %(email_1)s 
 LIMIT %(param_1)s
2026-07-28 15:30:33,251 | INFO | [cached since 9125s ago] {'email_1': 'mkevatraj@gmail.com', 'param_1': 1}
2026-07-28 15:30:33,254 | INFO | SELECT notes.id AS notes_id, notes.title AS notes_title, notes.content AS notes_content, notes.tag AS notes_tag, notes.owner_id AS notes_owner_id, notes.created_at AS notes_created_at 
FROM notes 
WHERE notes.owner_id = %(owner_id_1)s 
 LIMIT %(param_1)s, %(param_2)s
2026-07-28 15:30:33,254 | INFO | [cached since 8771s ago] {'owner_id_1': 4, 'param_1': 0, 'param_2': 10}
2026-07-28 15:30:33,258 | INFO | GET /notes Status=200 Time=10.53ms
2026-07-28 15:30:33,260 | INFO | ROLLBACK
2026-07-28 15:30:35,598 | INFO | BEGIN (implicit)
2026-07-28 15:30:35,599 | INFO | SELECT users.id AS users_id, users.name AS users_name, users.email AS users_email, users.password AS users_password, users.created_at AS users_created_at 
FROM users 
WHERE users.email = %(email_1)s 
 LIMIT %(param_1)s
2026-07-28 15:30:35,599 | INFO | [cached since 9128s ago] {'email_1': 'mkevatraj@gmail.com', 'param_1': 1}
2026-07-28 15:30:35,602 | INFO | SELECT notes.id AS notes_id, notes.title AS notes_title, notes.content AS notes_content, notes.tag AS notes_tag, notes.owner_id AS notes_owner_id, notes.created_at AS notes_created_at 
FROM notes 
WHERE notes.owner_id = %(owner_id_1)s 
 LIMIT %(param_1)s, %(param_2)s
2026-07-28 15:30:35,603 | INFO | [cached since 8774s ago] {'owner_id_1': 4, 'param_1': 0, 'param_2': 10}
2026-07-28 15:30:35,607 | INFO | GET /notes Status=200 Time=10.42ms
2026-07-28 15:30:35,608 | INFO | ROLLBACK
2026-07-28 15:30:53,012 | INFO | BEGIN (implicit)
2026-07-28 15:30:53,013 | INFO | SELECT users.id AS users_id, users.name AS users_name, users.email AS users_email, users.password AS users_password, users.created_at AS users_created_at 
FROM users 
WHERE users.email = %(email_1)s 
 LIMIT %(param_1)s
2026-07-28 15:30:53,016 | INFO | [cached since 9145s ago] {'email_1': 'mkevatraj@gmail.com', 'param_1': 1}
2026-07-28 15:30:53,021 | INFO | SELECT notes.id AS notes_id, notes.title AS notes_title, notes.content AS notes_content, notes.tag AS notes_tag, notes.owner_id AS notes_owner_id, notes.created_at AS notes_created_at 
FROM notes 
WHERE notes.owner_id = %(owner_id_1)s 
 LIMIT %(param_1)s, %(param_2)s
2026-07-28 15:30:53,022 | INFO | [cached since 8791s ago] {'owner_id_1': 4, 'param_1': 0, 'param_2': 10}
2026-07-28 15:30:53,032 | INFO | GET /notes Status=200 Time=21.48ms
2026-07-28 15:30:53,033 | INFO | ROLLBACK
2026-07-28 15:30:53,696 | INFO | BEGIN (implicit)
2026-07-28 15:30:53,697 | INFO | SELECT users.id AS users_id, users.name AS users_name, users.email AS users_email, users.password AS users_password, users.created_at AS users_created_at 
FROM users 
WHERE users.email = %(email_1)s 
 LIMIT %(param_1)s
2026-07-28 15:30:53,700 | INFO | [cached since 9146s ago] {'email_1': 'mkevatraj@gmail.com', 'param_1': 1}
2026-07-28 15:30:53,708 | INFO | SELECT notes.id AS notes_id, notes.title AS notes_title, notes.content AS notes_content, notes.tag AS notes_tag, notes.owner_id AS notes_owner_id, notes.created_at AS notes_created_at 
FROM notes 
WHERE notes.owner_id = %(owner_id_1)s 
 LIMIT %(param_1)s, %(param_2)s
2026-07-28 15:30:53,710 | INFO | [cached since 8792s ago] {'owner_id_1': 4, 'param_1': 0, 'param_2': 10}
2026-07-28 15:30:53,714 | INFO | GET /notes Status=200 Time=22.23ms
2026-07-28 15:30:53,718 | INFO | ROLLBACK
2026-07-28 15:30:53,928 | INFO | BEGIN (implicit)
2026-07-28 15:30:53,933 | INFO | SELECT users.id AS users_id, users.name AS users_name, users.email AS users_email, users.password AS users_password, users.created_at AS users_created_at 
FROM users 
WHERE users.email = %(email_1)s 
 LIMIT %(param_1)s
2026-07-28 15:30:53,934 | INFO | [cached since 9146s ago] {'email_1': 'mkevatraj@gmail.com', 'param_1': 1}
2026-07-28 15:30:53,943 | INFO | SELECT notes.id AS notes_id, notes.title AS notes_title, notes.content AS notes_content, notes.tag AS notes_tag, notes.owner_id AS notes_owner_id, notes.created_at AS notes_created_at 
FROM notes 
WHERE notes.owner_id = %(owner_id_1)s 
 LIMIT %(param_1)s, %(param_2)s
2026-07-28 15:30:53,945 | INFO | [cached since 8792s ago] {'owner_id_1': 4, 'param_1': 0, 'param_2': 10}
2026-07-28 15:30:53,949 | INFO | GET /notes Status=200 Time=23.19ms
2026-07-28 15:30:53,951 | INFO | ROLLBACK
2026-07-28 15:30:54,180 | INFO | BEGIN (implicit)
2026-07-28 15:30:54,183 | INFO | SELECT users.id AS users_id, users.name AS users_name, users.email AS users_email, users.password AS users_password, users.created_at AS users_created_at 
FROM users 
WHERE users.email = %(email_1)s 
 LIMIT %(param_1)s
2026-07-28 15:30:54,190 | INFO | [cached since 9146s ago] {'email_1': 'mkevatraj@gmail.com', 'param_1': 1}
2026-07-28 15:30:54,196 | INFO | SELECT notes.id AS notes_id, notes.title AS notes_title, notes.content AS notes_content, notes.tag AS notes_tag, notes.owner_id AS notes_owner_id, notes.created_at AS notes_created_at 
FROM notes 
WHERE notes.owner_id = %(owner_id_1)s 
 LIMIT %(param_1)s, %(param_2)s
2026-07-28 15:30:54,197 | INFO | [cached since 8792s ago] {'owner_id_1': 4, 'param_1': 0, 'param_2': 10}
2026-07-28 15:30:54,201 | INFO | GET /notes Status=200 Time=25.93ms
2026-07-28 15:30:54,205 | INFO | ROLLBACK
2026-07-28 15:30:55,876 | INFO | BEGIN (implicit)
2026-07-28 15:30:55,877 | INFO | SELECT users.id AS users_id, users.name AS users_name, users.email AS users_email, users.password AS users_password, users.created_at AS users_created_at 
FROM users 
WHERE users.email = %(email_1)s 
 LIMIT %(param_1)s
2026-07-28 15:30:55,877 | INFO | [cached since 9148s ago] {'email_1': 'mkevatraj@gmail.com', 'param_1': 1}
2026-07-28 15:30:55,880 | INFO | SELECT notes.id AS notes_id, notes.title AS notes_title, notes.content AS notes_content, notes.tag AS notes_tag, notes.owner_id AS notes_owner_id, notes.created_at AS notes_created_at 
FROM notes 
WHERE notes.owner_id = %(owner_id_1)s
2026-07-28 15:30:55,880 | INFO | [cached since 280.8s ago] {'owner_id_1': 4}
2026-07-28 15:30:55,922 | INFO | POST /notes/semantic-search Status=200 Time=50.05ms
2026-07-28 15:30:55,924 | INFO | ROLLBACK
2026-07-28 15:31:39,505 | INFO | BEGIN (implicit)
2026-07-28 15:31:39,506 | INFO | SELECT users.id AS users_id, users.name AS users_name, users.email AS users_email, users.password AS users_password, users.created_at AS users_created_at 
FROM users 
WHERE users.email = %(email_1)s 
 LIMIT %(param_1)s
2026-07-28 15:31:39,507 | INFO | [cached since 9192s ago] {'email_1': 'mkevatraj@gmail.com', 'param_1': 1}
2026-07-28 15:31:39,510 | INFO | SELECT notes.id AS notes_id, notes.title AS notes_title, notes.content AS notes_content, notes.tag AS notes_tag, notes.owner_id AS notes_owner_id, notes.created_at AS notes_created_at 
FROM notes 
WHERE notes.owner_id = %(owner_id_1)s
2026-07-28 15:31:39,510 | INFO | [cached since 324.4s ago] {'owner_id_1': 4}
2026-07-28 15:31:39,557 | INFO | POST /notes/semantic-search Status=200 Time=57.01ms
2026-07-28 15:31:39,558 | INFO | ROLLBACK
2026-07-28 15:31:40,799 | INFO | BEGIN (implicit)
2026-07-28 15:31:40,801 | INFO | SELECT users.id AS users_id, users.name AS users_name, users.email AS users_email, users.password AS users_password, users.created_at AS users_created_at 
FROM users 
WHERE users.email = %(email_1)s 
 LIMIT %(param_1)s
2026-07-28 15:31:40,802 | INFO | [cached since 9193s ago] {'email_1': 'mkevatraj@gmail.com', 'param_1': 1}
2026-07-28 15:31:40,809 | INFO | SELECT notes.id AS notes_id, notes.title AS notes_title, notes.content AS notes_content, notes.tag AS notes_tag, notes.owner_id AS notes_owner_id, notes.created_at AS notes_created_at 
FROM notes 
WHERE notes.owner_id = %(owner_id_1)s
2026-07-28 15:31:40,810 | INFO | [cached since 325.7s ago] {'owner_id_1': 4}
2026-07-28 15:31:40,861 | INFO | POST /notes/semantic-search Status=200 Time=72.69ms
2026-07-28 15:31:40,863 | INFO | ROLLBACK
2026-07-28 15:31:41,581 | INFO | BEGIN (implicit)
2026-07-28 15:31:41,583 | INFO | SELECT users.id AS users_id, users.name AS users_name, users.email AS users_email, users.password AS users_password, users.created_at AS users_created_at 
FROM users 
WHERE users.email = %(email_1)s 
 LIMIT %(param_1)s
2026-07-28 15:31:41,584 | INFO | [cached since 9194s ago] {'email_1': 'mkevatraj@gmail.com', 'param_1': 1}
2026-07-28 15:31:41,591 | INFO | SELECT notes.id AS notes_id, notes.title AS notes_title, notes.content AS notes_content, notes.tag AS notes_tag, notes.owner_id AS notes_owner_id, notes.created_at AS notes_created_at 
FROM notes 
WHERE notes.owner_id = %(owner_id_1)s
2026-07-28 15:31:41,592 | INFO | [cached since 326.5s ago] {'owner_id_1': 4}
2026-07-28 15:31:41,642 | INFO | POST /notes/semantic-search Status=200 Time=67.89ms
2026-07-28 15:31:41,644 | INFO | ROLLBACK
2026-07-28 15:31:42,083 | INFO | BEGIN (implicit)
2026-07-28 15:31:42,085 | INFO | SELECT users.id AS users_id, users.name AS users_name, users.email AS users_email, users.password AS users_password, users.created_at AS users_created_at 
FROM users 
WHERE users.email = %(email_1)s 
 LIMIT %(param_1)s
2026-07-28 15:31:42,086 | INFO | [cached since 9194s ago] {'email_1': 'mkevatraj@gmail.com', 'param_1': 1}
2026-07-28 15:31:42,092 | INFO | SELECT notes.id AS notes_id, notes.title AS notes_title, notes.content AS notes_content, notes.tag AS notes_tag, notes.owner_id AS notes_owner_id, notes.created_at AS notes_created_at 
FROM notes 
WHERE notes.owner_id = %(owner_id_1)s
2026-07-28 15:31:42,093 | INFO | [cached since 327s ago] {'owner_id_1': 4}
2026-07-28 15:31:42,165 | INFO | POST /notes/semantic-search Status=200 Time=88.9ms
2026-07-28 15:31:42,166 | INFO | ROLLBACK
2026-07-28 15:31:42,280 | INFO | BEGIN (implicit)
2026-07-28 15:31:42,280 | INFO | SELECT users.id AS users_id, users.name AS users_name, users.email AS users_email, users.password AS users_password, users.created_at AS users_created_at 
FROM users 
WHERE users.email = %(email_1)s 
 LIMIT %(param_1)s
2026-07-28 15:31:42,280 | INFO | [cached since 9194s ago] {'email_1': 'mkevatraj@gmail.com', 'param_1': 1}
2026-07-28 15:31:42,282 | INFO | SELECT notes.id AS notes_id, notes.title AS notes_title, notes.content AS notes_content, notes.tag AS notes_tag, notes.owner_id AS notes_owner_id, notes.created_at AS notes_created_at 
FROM notes 
WHERE notes.owner_id = %(owner_id_1)s
2026-07-28 15:31:42,283 | INFO | [cached since 327.2s ago] {'owner_id_1': 4}
2026-07-28 15:31:42,325 | INFO | POST /notes/semantic-search Status=200 Time=48.69ms
2026-07-28 15:31:42,326 | INFO | ROLLBACK
2026-07-28 15:31:42,533 | INFO | BEGIN (implicit)
2026-07-28 15:31:42,534 | INFO | SELECT users.id AS users_id, users.name AS users_name, users.email AS users_email, users.password AS users_password, users.created_at AS users_created_at 
FROM users 
WHERE users.email = %(email_1)s 
 LIMIT %(param_1)s
2026-07-28 15:31:42,534 | INFO | [cached since 9195s ago] {'email_1': 'mkevatraj@gmail.com', 'param_1': 1}
2026-07-28 15:31:42,536 | INFO | SELECT notes.id AS notes_id, notes.title AS notes_title, notes.content AS notes_content, notes.tag AS notes_tag, notes.owner_id AS notes_owner_id, notes.created_at AS notes_created_at 
FROM notes 
WHERE notes.owner_id = %(owner_id_1)s 
 LIMIT %(param_1)s, %(param_2)s
2026-07-28 15:31:42,537 | INFO | [cached since 8841s ago] {'owner_id_1': 4, 'param_1': 0, 'param_2': 10}
2026-07-28 15:31:42,539 | INFO | GET /notes Status=200 Time=6.87ms
2026-07-28 15:31:42,540 | INFO | ROLLBACK
2026-07-28 15:31:47,758 | INFO | BEGIN (implicit)
2026-07-28 15:31:47,762 | INFO | SELECT users.id AS users_id, users.name AS users_name, users.email AS users_email, users.password AS users_password, users.created_at AS users_created_at 
FROM users 
WHERE users.email = %(email_1)s 
 LIMIT %(param_1)s
2026-07-28 15:31:47,762 | INFO | [cached since 9200s ago] {'email_1': 'mkevatraj@gmail.com', 'param_1': 1}
2026-07-28 15:31:47,768 | INFO | SELECT notes.id AS notes_id, notes.title AS notes_title, notes.content AS notes_content, notes.tag AS notes_tag, notes.owner_id AS notes_owner_id, notes.created_at AS notes_created_at 
FROM notes 
WHERE notes.owner_id = %(owner_id_1)s
2026-07-28 15:31:47,769 | INFO | [cached since 332.7s ago] {'owner_id_1': 4}
2026-07-28 15:31:47,825 | INFO | POST /notes/semantic-search Status=200 Time=72.86ms
2026-07-28 15:31:47,827 | INFO | ROLLBACK
2026-07-28 15:31:49,469 | INFO | BEGIN (implicit)
2026-07-28 15:31:49,470 | INFO | SELECT users.id AS users_id, users.name AS users_name, users.email AS users_email, users.password AS users_password, users.created_at AS users_created_at 
FROM users 
WHERE users.email = %(email_1)s 
 LIMIT %(param_1)s
2026-07-28 15:31:49,471 | INFO | [cached since 9202s ago] {'email_1': 'mkevatraj@gmail.com', 'param_1': 1}
2026-07-28 15:31:49,479 | INFO | SELECT notes.id AS notes_id, notes.title AS notes_title, notes.content AS notes_content, notes.tag AS notes_tag, notes.owner_id AS notes_owner_id, notes.created_at AS notes_created_at 
FROM notes 
WHERE notes.owner_id = %(owner_id_1)s
2026-07-28 15:31:49,481 | INFO | [cached since 334.4s ago] {'owner_id_1': 4}
2026-07-28 15:31:49,533 | INFO | POST /notes/semantic-search Status=200 Time=72.65ms
2026-07-28 15:31:49,535 | INFO | ROLLBACK
2026-07-28 15:31:50,567 | INFO | BEGIN (implicit)
2026-07-28 15:31:50,568 | INFO | SELECT users.id AS users_id, users.name AS users_name, users.email AS users_email, users.password AS users_password, users.created_at AS users_created_at 
FROM users 
WHERE users.email = %(email_1)s 
 LIMIT %(param_1)s
2026-07-28 15:31:50,569 | INFO | [cached since 9203s ago] {'email_1': 'mkevatraj@gmail.com', 'param_1': 1}
2026-07-28 15:31:50,572 | INFO | SELECT notes.id AS notes_id, notes.title AS notes_title, notes.content AS notes_content, notes.tag AS notes_tag, notes.owner_id AS notes_owner_id, notes.created_at AS notes_created_at 
FROM notes 
WHERE notes.owner_id = %(owner_id_1)s
2026-07-28 15:31:50,572 | INFO | [cached since 335.5s ago] {'owner_id_1': 4}
2026-07-28 15:31:50,620 | INFO | POST /notes/semantic-search Status=200 Time=57.15ms
2026-07-28 15:31:50,621 | INFO | ROLLBACK
2026-07-28 15:31:51,619 | INFO | BEGIN (implicit)
2026-07-28 15:31:51,621 | INFO | SELECT users.id AS users_id, users.name AS users_name, users.email AS users_email, users.password AS users_password, users.created_at AS users_created_at 
FROM users 
WHERE users.email = %(email_1)s 
 LIMIT %(param_1)s
2026-07-28 15:31:51,622 | INFO | [cached since 9204s ago] {'email_1': 'mkevatraj@gmail.com', 'param_1': 1}
2026-07-28 15:31:51,629 | INFO | SELECT notes.id AS notes_id, notes.title AS notes_title, notes.content AS notes_content, notes.tag AS notes_tag, notes.owner_id AS notes_owner_id, notes.created_at AS notes_created_at 
FROM notes 
WHERE notes.owner_id = %(owner_id_1)s
2026-07-28 15:31:51,631 | INFO | [cached since 336.6s ago] {'owner_id_1': 4}
2026-07-28 15:31:51,697 | INFO | POST /notes/semantic-search Status=200 Time=85.07ms
2026-07-28 15:31:51,698 | INFO | ROLLBACK
2026-07-28 15:31:51,983 | INFO | BEGIN (implicit)
2026-07-28 15:31:51,984 | INFO | SELECT users.id AS users_id, users.name AS users_name, users.email AS users_email, users.password AS users_password, users.created_at AS users_created_at 
FROM users 
WHERE users.email = %(email_1)s 
 LIMIT %(param_1)s
2026-07-28 15:31:51,985 | INFO | [cached since 9204s ago] {'email_1': 'mkevatraj@gmail.com', 'param_1': 1}
2026-07-28 15:31:51,990 | INFO | SELECT notes.id AS notes_id, notes.title AS notes_title, notes.content AS notes_content, notes.tag AS notes_tag, notes.owner_id AS notes_owner_id, notes.created_at AS notes_created_at 
FROM notes 
WHERE notes.owner_id = %(owner_id_1)s
2026-07-28 15:31:51,991 | INFO | [cached since 336.9s ago] {'owner_id_1': 4}
2026-07-28 15:31:52,071 | INFO | POST /notes/semantic-search Status=200 Time=96.89ms
2026-07-28 15:31:52,072 | INFO | ROLLBACK
2026-07-28 15:31:52,199 | INFO | BEGIN (implicit)
2026-07-28 15:31:52,200 | INFO | SELECT users.id AS users_id, users.name AS users_name, users.email AS users_email, users.password AS users_password, users.created_at AS users_created_at 
FROM users 
WHERE users.email = %(email_1)s 
 LIMIT %(param_1)s
2026-07-28 15:31:52,200 | INFO | [cached since 9204s ago] {'email_1': 'mkevatraj@gmail.com', 'param_1': 1}
2026-07-28 15:31:52,202 | INFO | SELECT notes.id AS notes_id, notes.title AS notes_title, notes.content AS notes_content, notes.tag AS notes_tag, notes.owner_id AS notes_owner_id, notes.created_at AS notes_created_at 
FROM notes 
WHERE notes.owner_id = %(owner_id_1)s
2026-07-28 15:31:52,203 | INFO | [cached since 337.1s ago] {'owner_id_1': 4}
2026-07-28 15:31:52,276 | INFO | POST /notes/semantic-search Status=200 Time=78.89ms
2026-07-28 15:31:52,309 | INFO | ROLLBACK
2026-07-28 15:33:25,378 | INFO | BEGIN (implicit)
2026-07-28 15:33:25,389 | INFO | SELECT users.id AS users_id, users.name AS users_name, users.email AS users_email, users.password AS users_password, users.created_at AS users_created_at 
FROM users 
WHERE users.email = %(email_1)s 
 LIMIT %(param_1)s
2026-07-28 15:33:25,390 | INFO | [cached since 9298s ago] {'email_1': 'mkevatraj@gmail.com', 'param_1': 1}
2026-07-28 15:33:25,397 | INFO | SELECT notes.id AS notes_id, notes.title AS notes_title, notes.content AS notes_content, notes.tag AS notes_tag, notes.owner_id AS notes_owner_id, notes.created_at AS notes_created_at 
FROM notes 
WHERE notes.owner_id = %(owner_id_1)s 
 LIMIT %(param_1)s, %(param_2)s
2026-07-28 15:33:25,398 | INFO | [cached since 8943s ago] {'owner_id_1': 4, 'param_1': 0, 'param_2': 10}
2026-07-28 15:33:25,401 | INFO | GET /notes Status=200 Time=24.73ms
2026-07-28 15:33:25,403 | INFO | ROLLBACK
2026-07-28 15:33:27,517 | INFO | BEGIN (implicit)
2026-07-28 15:33:27,518 | INFO | SELECT users.id AS users_id, users.name AS users_name, users.email AS users_email, users.password AS users_password, users.created_at AS users_created_at 
FROM users 
WHERE users.email = %(email_1)s 
 LIMIT %(param_1)s
2026-07-28 15:33:27,518 | INFO | [cached since 9300s ago] {'email_1': 'mkevatraj@gmail.com', 'param_1': 1}
2026-07-28 15:33:27,522 | INFO | SELECT notes.id AS notes_id, notes.title AS notes_title, notes.content AS notes_content, notes.tag AS notes_tag, notes.owner_id AS notes_owner_id, notes.created_at AS notes_created_at 
FROM notes 
WHERE notes.owner_id = %(owner_id_1)s 
 LIMIT %(param_1)s, %(param_2)s
2026-07-28 15:33:27,522 | INFO | [cached since 8946s ago] {'owner_id_1': 4, 'param_1': 0, 'param_2': 10}
2026-07-28 15:33:27,525 | INFO | GET /notes Status=200 Time=10.45ms
2026-07-28 15:33:27,528 | INFO | ROLLBACK
2026-07-28 15:33:28,147 | INFO | BEGIN (implicit)
2026-07-28 15:33:28,148 | INFO | SELECT users.id AS users_id, users.name AS users_name, users.email AS users_email, users.password AS users_password, users.created_at AS users_created_at 
FROM users 
WHERE users.email = %(email_1)s 
 LIMIT %(param_1)s
2026-07-28 15:33:28,152 | INFO | [cached since 9300s ago] {'email_1': 'mkevatraj@gmail.com', 'param_1': 1}
2026-07-28 15:33:28,158 | INFO | SELECT notes.id AS notes_id, notes.title AS notes_title, notes.content AS notes_content, notes.tag AS notes_tag, notes.owner_id AS notes_owner_id, notes.created_at AS notes_created_at 
FROM notes 
WHERE notes.owner_id = %(owner_id_1)s 
 LIMIT %(param_1)s, %(param_2)s
2026-07-28 15:33:28,158 | INFO | [cached since 8946s ago] {'owner_id_1': 4, 'param_1': 0, 'param_2': 10}
2026-07-28 15:33:28,164 | INFO | GET /notes Status=200 Time=23.02ms
2026-07-28 15:33:28,166 | INFO | ROLLBACK
2026-07-28 15:33:28,536 | INFO | BEGIN (implicit)
2026-07-28 15:33:28,537 | INFO | SELECT users.id AS users_id, users.name AS users_name, users.email AS users_email, users.password AS users_password, users.created_at AS users_created_at 
FROM users 
WHERE users.email = %(email_1)s 
 LIMIT %(param_1)s
2026-07-28 15:33:28,537 | INFO | [cached since 9301s ago] {'email_1': 'mkevatraj@gmail.com', 'param_1': 1}
2026-07-28 15:33:28,541 | INFO | SELECT notes.id AS notes_id, notes.title AS notes_title, notes.content AS notes_content, notes.tag AS notes_tag, notes.owner_id AS notes_owner_id, notes.created_at AS notes_created_at 
FROM notes 
WHERE notes.owner_id = %(owner_id_1)s 
 LIMIT %(param_1)s, %(param_2)s
2026-07-28 15:33:28,541 | INFO | [cached since 8947s ago] {'owner_id_1': 4, 'param_1': 0, 'param_2': 10}
2026-07-28 15:33:28,545 | INFO | GET /notes Status=200 Time=10.49ms
2026-07-28 15:33:28,546 | INFO | ROLLBACK
2026-07-28 15:33:28,826 | INFO | BEGIN (implicit)
2026-07-28 15:33:28,830 | INFO | SELECT users.id AS users_id, users.name AS users_name, users.email AS users_email, users.password AS users_password, users.created_at AS users_created_at 
FROM users 
WHERE users.email = %(email_1)s 
 LIMIT %(param_1)s
2026-07-28 15:33:28,831 | INFO | [cached since 9301s ago] {'email_1': 'mkevatraj@gmail.com', 'param_1': 1}
2026-07-28 15:33:28,834 | INFO | SELECT notes.id AS notes_id, notes.title AS notes_title, notes.content AS notes_content, notes.tag AS notes_tag, notes.owner_id AS notes_owner_id, notes.created_at AS notes_created_at 
FROM notes 
WHERE notes.owner_id = %(owner_id_1)s 
 LIMIT %(param_1)s, %(param_2)s
2026-07-28 15:33:28,835 | INFO | [cached since 8947s ago] {'owner_id_1': 4, 'param_1': 0, 'param_2': 10}
2026-07-28 15:33:28,838 | INFO | GET /notes Status=200 Time=14.3ms
2026-07-28 15:33:28,840 | INFO | ROLLBACK
2026-07-28 15:33:29,564 | INFO | BEGIN (implicit)
2026-07-28 15:33:29,565 | INFO | SELECT users.id AS users_id, users.name AS users_name, users.email AS users_email, users.password AS users_password, users.created_at AS users_created_at 
FROM users 
WHERE users.email = %(email_1)s 
 LIMIT %(param_1)s
2026-07-28 15:33:29,565 | INFO | [cached since 9302s ago] {'email_1': 'mkevatraj@gmail.com', 'param_1': 1}
2026-07-28 15:33:29,568 | INFO | SELECT notes.id AS notes_id, notes.title AS notes_title, notes.content AS notes_content, notes.tag AS notes_tag, notes.owner_id AS notes_owner_id, notes.created_at AS notes_created_at 
FROM notes 
WHERE notes.owner_id = %(owner_id_1)s 
 LIMIT %(param_1)s, %(param_2)s
2026-07-28 15:33:29,570 | INFO | [cached since 8948s ago] {'owner_id_1': 4, 'param_1': 0, 'param_2': 10}
2026-07-28 15:33:29,574 | INFO | GET /notes Status=200 Time=13.41ms
2026-07-28 15:33:29,576 | INFO | ROLLBACK
2026-07-28 15:33:31,703 | INFO | BEGIN (implicit)
2026-07-28 15:33:31,704 | INFO | SELECT users.id AS users_id, users.name AS users_name, users.email AS users_email, users.password AS users_password, users.created_at AS users_created_at 
FROM users 
WHERE users.email = %(email_1)s 
 LIMIT %(param_1)s
2026-07-28 15:33:31,704 | INFO | [cached since 9304s ago] {'email_1': 'mkevatraj@gmail.com', 'param_1': 1}
2026-07-28 15:33:31,708 | INFO | SELECT notes.id AS notes_id, notes.title AS notes_title, notes.content AS notes_content, notes.tag AS notes_tag, notes.owner_id AS notes_owner_id, notes.created_at AS notes_created_at 
FROM notes 
WHERE notes.owner_id = %(owner_id_1)s 
 LIMIT %(param_1)s, %(param_2)s
2026-07-28 15:33:31,708 | INFO | [cached since 8950s ago] {'owner_id_1': 4, 'param_1': 0, 'param_2': 10}
2026-07-28 15:33:31,713 | INFO | GET /notes Status=200 Time=12.89ms
2026-07-28 15:33:31,715 | INFO | ROLLBACK
2026-07-28 15:33:32,125 | INFO | BEGIN (implicit)
2026-07-28 15:33:32,126 | INFO | SELECT users.id AS users_id, users.name AS users_name, users.email AS users_email, users.password AS users_password, users.created_at AS users_created_at 
FROM users 
WHERE users.email = %(email_1)s 
 LIMIT %(param_1)s
2026-07-28 15:33:32,126 | INFO | [cached since 9304s ago] {'email_1': 'mkevatraj@gmail.com', 'param_1': 1}
2026-07-28 15:33:32,130 | INFO | SELECT notes.id AS notes_id, notes.title AS notes_title, notes.content AS notes_content, notes.tag AS notes_tag, notes.owner_id AS notes_owner_id, notes.created_at AS notes_created_at 
FROM notes 
WHERE notes.owner_id = %(owner_id_1)s 
 LIMIT %(param_1)s, %(param_2)s
2026-07-28 15:33:32,130 | INFO | [cached since 8950s ago] {'owner_id_1': 4, 'param_1': 0, 'param_2': 10}
2026-07-28 15:33:32,134 | INFO | GET /notes Status=200 Time=11.23ms
2026-07-28 15:33:32,136 | INFO | ROLLBACK
2026-07-28 15:33:32,487 | INFO | BEGIN (implicit)
2026-07-28 15:33:32,493 | INFO | SELECT users.id AS users_id, users.name AS users_name, users.email AS users_email, users.password AS users_password, users.created_at AS users_created_at 
FROM users 
WHERE users.email = %(email_1)s 
 LIMIT %(param_1)s
2026-07-28 15:33:32,497 | INFO | [cached since 9305s ago] {'email_1': 'mkevatraj@gmail.com', 'param_1': 1}
2026-07-28 15:33:32,501 | INFO | SELECT notes.id AS notes_id, notes.title AS notes_title, notes.content AS notes_content, notes.tag AS notes_tag, notes.owner_id AS notes_owner_id, notes.created_at AS notes_created_at 
FROM notes 
WHERE notes.owner_id = %(owner_id_1)s 
 LIMIT %(param_1)s, %(param_2)s
2026-07-28 15:33:32,503 | INFO | [cached since 8951s ago] {'owner_id_1': 4, 'param_1': 0, 'param_2': 10}
2026-07-28 15:33:32,508 | INFO | GET /notes Status=200 Time=22.63ms
2026-07-28 15:33:32,511 | INFO | ROLLBACK
2026-07-28 15:33:33,076 | INFO | BEGIN (implicit)
2026-07-28 15:33:33,077 | INFO | SELECT users.id AS users_id, users.name AS users_name, users.email AS users_email, users.password AS users_password, users.created_at AS users_created_at 
FROM users 
WHERE users.email = %(email_1)s 
 LIMIT %(param_1)s
2026-07-28 15:33:33,077 | INFO | [cached since 9305s ago] {'email_1': 'mkevatraj@gmail.com', 'param_1': 1}
2026-07-28 15:33:33,081 | INFO | SELECT notes.id AS notes_id, notes.title AS notes_title, notes.content AS notes_content, notes.tag AS notes_tag, notes.owner_id AS notes_owner_id, notes.created_at AS notes_created_at 
FROM notes 
WHERE notes.owner_id = %(owner_id_1)s 
 LIMIT %(param_1)s, %(param_2)s
2026-07-28 15:33:33,082 | INFO | [cached since 8951s ago] {'owner_id_1': 4, 'param_1': 0, 'param_2': 10}
2026-07-28 15:33:33,085 | INFO | GET /notes Status=200 Time=11.77ms
2026-07-28 15:33:33,087 | INFO | ROLLBACK
2026-07-28 15:33:37,569 | INFO | BEGIN (implicit)
2026-07-28 15:33:37,602 | INFO | SELECT users.id AS users_id, users.name AS users_name, users.email AS users_email, users.password AS users_password, users.created_at AS users_created_at 
FROM users 
WHERE users.email = %(email_1)s 
 LIMIT %(param_1)s
2026-07-28 15:33:37,602 | INFO | [cached since 9310s ago] {'email_1': 'mkevatraj@gmail.com', 'param_1': 1}
2026-07-28 15:33:37,607 | INFO | SELECT notes.id AS notes_id, notes.title AS notes_title, notes.content AS notes_content, notes.tag AS notes_tag, notes.owner_id AS notes_owner_id, notes.created_at AS notes_created_at 
FROM notes 
WHERE notes.owner_id = %(owner_id_1)s 
 LIMIT %(param_1)s, %(param_2)s
2026-07-28 15:33:37,616 | INFO | [cached since 8956s ago] {'owner_id_1': 4, 'param_1': 0, 'param_2': 10}
2026-07-28 15:33:37,620 | INFO | GET /notes Status=200 Time=59.33ms
2026-07-28 15:33:37,636 | INFO | ROLLBACK
2026-07-28 15:33:41,312 | INFO | BEGIN (implicit)
2026-07-28 15:33:41,313 | INFO | SELECT users.id AS users_id, users.name AS users_name, users.email AS users_email, users.password AS users_password, users.created_at AS users_created_at 
FROM users 
WHERE users.email = %(email_1)s 
 LIMIT %(param_1)s
2026-07-28 15:33:41,313 | INFO | [cached since 9313s ago] {'email_1': 'mkevatraj@gmail.com', 'param_1': 1}
2026-07-28 15:33:41,315 | INFO | SELECT notes.id AS notes_id, notes.title AS notes_title, notes.content AS notes_content, notes.tag AS notes_tag, notes.owner_id AS notes_owner_id, notes.created_at AS notes_created_at 
FROM notes 
WHERE notes.owner_id = %(owner_id_1)s
2026-07-28 15:33:41,316 | INFO | [cached since 446.2s ago] {'owner_id_1': 4}
2026-07-28 15:33:41,355 | INFO | POST /notes/semantic-search Status=200 Time=46.73ms
2026-07-28 15:33:41,357 | INFO | ROLLBACK
2026-07-28 15:33:43,029 | INFO | BEGIN (implicit)
2026-07-28 15:33:43,031 | INFO | SELECT users.id AS users_id, users.name AS users_name, users.email AS users_email, users.password AS users_password, users.created_at AS users_created_at 
FROM users 
WHERE users.email = %(email_1)s 
 LIMIT %(param_1)s
2026-07-28 15:33:43,032 | INFO | [cached since 9315s ago] {'email_1': 'mkevatraj@gmail.com', 'param_1': 1}
2026-07-28 15:33:43,036 | INFO | SELECT notes.id AS notes_id, notes.title AS notes_title, notes.content AS notes_content, notes.tag AS notes_tag, notes.owner_id AS notes_owner_id, notes.created_at AS notes_created_at 
FROM notes 
WHERE notes.owner_id = %(owner_id_1)s
2026-07-28 15:33:43,037 | INFO | [cached since 448s ago] {'owner_id_1': 4}
2026-07-28 15:33:43,095 | INFO | POST /notes/semantic-search Status=200 Time=76.45ms
2026-07-28 15:33:43,096 | INFO | ROLLBACK
2026-07-28 15:33:43,295 | INFO | BEGIN (implicit)
2026-07-28 15:33:43,295 | INFO | SELECT users.id AS users_id, users.name AS users_name, users.email AS users_email, users.password AS users_password, users.created_at AS users_created_at 
FROM users 
WHERE users.email = %(email_1)s 
 LIMIT %(param_1)s
2026-07-28 15:33:43,296 | INFO | [cached since 9315s ago] {'email_1': 'mkevatraj@gmail.com', 'param_1': 1}
2026-07-28 15:33:43,298 | INFO | SELECT notes.id AS notes_id, notes.title AS notes_title, notes.content AS notes_content, notes.tag AS notes_tag, notes.owner_id AS notes_owner_id, notes.created_at AS notes_created_at 
FROM notes 
WHERE notes.owner_id = %(owner_id_1)s
2026-07-28 15:33:43,298 | INFO | [cached since 448.2s ago] {'owner_id_1': 4}
2026-07-28 15:33:43,340 | INFO | POST /notes/semantic-search Status=200 Time=48.43ms
2026-07-28 15:33:43,342 | INFO | ROLLBACK
2026-07-28 15:33:43,465 | INFO | BEGIN (implicit)
2026-07-28 15:33:43,466 | INFO | SELECT users.id AS users_id, users.name AS users_name, users.email AS users_email, users.password AS users_password, users.created_at AS users_created_at 
FROM users 
WHERE users.email = %(email_1)s 
 LIMIT %(param_1)s
2026-07-28 15:33:43,466 | INFO | [cached since 9316s ago] {'email_1': 'mkevatraj@gmail.com', 'param_1': 1}
2026-07-28 15:33:43,469 | INFO | SELECT notes.id AS notes_id, notes.title AS notes_title, notes.content AS notes_content, notes.tag AS notes_tag, notes.owner_id AS notes_owner_id, notes.created_at AS notes_created_at 
FROM notes 
WHERE notes.owner_id = %(owner_id_1)s
2026-07-28 15:33:43,469 | INFO | [cached since 448.4s ago] {'owner_id_1': 4}
2026-07-28 15:33:43,528 | INFO | POST /notes/semantic-search Status=200 Time=65.39ms
2026-07-28 15:33:43,529 | INFO | ROLLBACK
2026-07-28 15:33:43,560 | INFO | BEGIN (implicit)
2026-07-28 15:33:43,561 | INFO | SELECT users.id AS users_id, users.name AS users_name, users.email AS users_email, users.password AS users_password, users.created_at AS users_created_at 
FROM users 
WHERE users.email = %(email_1)s 
 LIMIT %(param_1)s
2026-07-28 15:33:43,561 | INFO | [cached since 9316s ago] {'email_1': 'mkevatraj@gmail.com', 'param_1': 1}
2026-07-28 15:33:43,563 | INFO | SELECT notes.id AS notes_id, notes.title AS notes_title, notes.content AS notes_content, notes.tag AS notes_tag, notes.owner_id AS notes_owner_id, notes.created_at AS notes_created_at 
FROM notes 
WHERE notes.owner_id = %(owner_id_1)s
2026-07-28 15:33:43,563 | INFO | [cached since 448.5s ago] {'owner_id_1': 4}
2026-07-28 15:33:43,619 | INFO | POST /notes/semantic-search Status=200 Time=62.74ms
2026-07-28 15:33:43,620 | INFO | ROLLBACK
2026-07-28 15:33:43,767 | INFO | BEGIN (implicit)
2026-07-28 15:33:43,767 | INFO | SELECT users.id AS users_id, users.name AS users_name, users.email AS users_email, users.password AS users_password, users.created_at AS users_created_at 
FROM users 
WHERE users.email = %(email_1)s 
 LIMIT %(param_1)s
2026-07-28 15:33:43,767 | INFO | [cached since 9316s ago] {'email_1': 'mkevatraj@gmail.com', 'param_1': 1}
2026-07-28 15:33:43,770 | INFO | SELECT notes.id AS notes_id, notes.title AS notes_title, notes.content AS notes_content, notes.tag AS notes_tag, notes.owner_id AS notes_owner_id, notes.created_at AS notes_created_at 
FROM notes 
WHERE notes.owner_id = %(owner_id_1)s
2026-07-28 15:33:43,770 | INFO | [cached since 448.7s ago] {'owner_id_1': 4}
2026-07-28 15:33:43,815 | INFO | POST /notes/semantic-search Status=200 Time=50.52ms
2026-07-28 15:33:43,816 | INFO | ROLLBACK
2026-07-28 15:35:58,448 | INFO | BEGIN (implicit)
2026-07-28 15:35:58,449 | INFO | SELECT users.id AS users_id, users.name AS users_name, users.email AS users_email, users.password AS users_password, users.created_at AS users_created_at 
FROM users 
WHERE users.email = %(email_1)s 
 LIMIT %(param_1)s
2026-07-28 15:35:58,451 | INFO | [cached since 9451s ago] {'email_1': 'mkevatraj@gmail.com', 'param_1': 1}
2026-07-28 15:35:58,456 | INFO | SELECT notes.id AS notes_id, notes.title AS notes_title, notes.content AS notes_content, notes.tag AS notes_tag, notes.owner_id AS notes_owner_id, notes.created_at AS notes_created_at 
FROM notes 
WHERE notes.owner_id = %(owner_id_1)s 
 LIMIT %(param_1)s, %(param_2)s
2026-07-28 15:35:58,459 | INFO | [cached since 9097s ago] {'owner_id_1': 4, 'param_1': 0, 'param_2': 10}
2026-07-28 15:35:58,462 | INFO | GET /notes Status=200 Time=16.99ms
2026-07-28 15:35:58,467 | INFO | ROLLBACK
2026-07-28 15:36:20,351 | INFO | BEGIN (implicit)
2026-07-28 15:36:20,355 | INFO | SELECT users.id AS users_id, users.name AS users_name, users.email AS users_email, users.password AS users_password, users.created_at AS users_created_at 
FROM users 
WHERE users.email = %(email_1)s 
 LIMIT %(param_1)s
2026-07-28 15:36:20,359 | INFO | [cached since 9472s ago] {'email_1': 'mkevatraj@gmail.com', 'param_1': 1}
2026-07-28 15:36:20,364 | INFO | SELECT notes.id AS notes_id, notes.title AS notes_title, notes.content AS notes_content, notes.tag AS notes_tag, notes.owner_id AS notes_owner_id, notes.created_at AS notes_created_at 
FROM notes 
WHERE notes.owner_id = %(owner_id_1)s 
 LIMIT %(param_1)s, %(param_2)s
2026-07-28 15:36:20,365 | INFO | [cached since 9118s ago] {'owner_id_1': 4, 'param_1': 0, 'param_2': 10}
2026-07-28 15:36:20,368 | INFO | GET /notes Status=200 Time=27.07ms
2026-07-28 15:36:20,370 | INFO | ROLLBACK
2026-07-28 15:36:20,920 | INFO | BEGIN (implicit)
2026-07-28 15:36:20,920 | INFO | SELECT users.id AS users_id, users.name AS users_name, users.email AS users_email, users.password AS users_password, users.created_at AS users_created_at 
FROM users 
WHERE users.email = %(email_1)s 
 LIMIT %(param_1)s
2026-07-28 15:36:20,921 | INFO | [cached since 9473s ago] {'email_1': 'mkevatraj@gmail.com', 'param_1': 1}
2026-07-28 15:36:20,925 | INFO | SELECT notes.id AS notes_id, notes.title AS notes_title, notes.content AS notes_content, notes.tag AS notes_tag, notes.owner_id AS notes_owner_id, notes.created_at AS notes_created_at 
FROM notes 
WHERE notes.owner_id = %(owner_id_1)s 
 LIMIT %(param_1)s, %(param_2)s
2026-07-28 15:36:20,926 | INFO | [cached since 9119s ago] {'owner_id_1': 4, 'param_1': 0, 'param_2': 10}
2026-07-28 15:36:20,932 | INFO | GET /notes Status=200 Time=17.49ms
2026-07-28 15:36:20,934 | INFO | ROLLBACK
2026-07-28 15:36:23,958 | INFO | OPTIONS /notes/semantic-search Status=200 Time=1.98ms
2026-07-28 15:36:23,970 | INFO | BEGIN (implicit)
2026-07-28 15:36:23,971 | INFO | SELECT users.id AS users_id, users.name AS users_name, users.email AS users_email, users.password AS users_password, users.created_at AS users_created_at 
FROM users 
WHERE users.email = %(email_1)s 
 LIMIT %(param_1)s
2026-07-28 15:36:23,972 | INFO | [cached since 9476s ago] {'email_1': 'mkevatraj@gmail.com', 'param_1': 1}
2026-07-28 15:36:23,976 | INFO | SELECT notes.id AS notes_id, notes.title AS notes_title, notes.content AS notes_content, notes.tag AS notes_tag, notes.owner_id AS notes_owner_id, notes.created_at AS notes_created_at 
FROM notes 
WHERE notes.owner_id = %(owner_id_1)s
2026-07-28 15:36:23,976 | INFO | [cached since 608.9s ago] {'owner_id_1': 4}
2026-07-28 15:36:24,044 | INFO | POST /notes/semantic-search Status=200 Time=77.65ms
2026-07-28 15:36:24,046 | INFO | ROLLBACK
2026-07-28 15:36:25,498 | INFO | BEGIN (implicit)
2026-07-28 15:36:25,499 | INFO | SELECT users.id AS users_id, users.name AS users_name, users.email AS users_email, users.password AS users_password, users.created_at AS users_created_at 
FROM users 
WHERE users.email = %(email_1)s 
 LIMIT %(param_1)s
2026-07-28 15:36:25,499 | INFO | [cached since 9478s ago] {'email_1': 'mkevatraj@gmail.com', 'param_1': 1}
2026-07-28 15:36:25,502 | INFO | SELECT notes.id AS notes_id, notes.title AS notes_title, notes.content AS notes_content, notes.tag AS notes_tag, notes.owner_id AS notes_owner_id, notes.created_at AS notes_created_at 
FROM notes 
WHERE notes.owner_id = %(owner_id_1)s
2026-07-28 15:36:25,502 | INFO | [cached since 610.4s ago] {'owner_id_1': 4}
2026-07-28 15:36:25,562 | INFO | POST /notes/semantic-search Status=200 Time=68.31ms
2026-07-28 15:36:25,564 | INFO | ROLLBACK
2026-07-28 15:36:26,590 | INFO | BEGIN (implicit)
2026-07-28 15:36:26,591 | INFO | SELECT users.id AS users_id, users.name AS users_name, users.email AS users_email, users.password AS users_password, users.created_at AS users_created_at 
FROM users 
WHERE users.email = %(email_1)s 
 LIMIT %(param_1)s
2026-07-28 15:36:26,591 | INFO | [cached since 9479s ago] {'email_1': 'mkevatraj@gmail.com', 'param_1': 1}
2026-07-28 15:36:26,593 | INFO | SELECT notes.id AS notes_id, notes.title AS notes_title, notes.content AS notes_content, notes.tag AS notes_tag, notes.owner_id AS notes_owner_id, notes.created_at AS notes_created_at 
FROM notes 
WHERE notes.owner_id = %(owner_id_1)s
2026-07-28 15:36:26,593 | INFO | [cached since 611.5s ago] {'owner_id_1': 4}
2026-07-28 15:36:26,642 | INFO | POST /notes/semantic-search Status=200 Time=54.16ms
2026-07-28 15:36:26,643 | INFO | ROLLBACK
2026-07-28 15:36:27,679 | INFO | BEGIN (implicit)
2026-07-28 15:36:27,680 | INFO | SELECT users.id AS users_id, users.name AS users_name, users.email AS users_email, users.password AS users_password, users.created_at AS users_created_at 
FROM users 
WHERE users.email = %(email_1)s 
 LIMIT %(param_1)s
2026-07-28 15:36:27,681 | INFO | [cached since 9480s ago] {'email_1': 'mkevatraj@gmail.com', 'param_1': 1}
2026-07-28 15:36:27,683 | INFO | SELECT notes.id AS notes_id, notes.title AS notes_title, notes.content AS notes_content, notes.tag AS notes_tag, notes.owner_id AS notes_owner_id, notes.created_at AS notes_created_at 
FROM notes 
WHERE notes.owner_id = %(owner_id_1)s
2026-07-28 15:36:27,683 | INFO | [cached since 612.6s ago] {'owner_id_1': 4}
2026-07-28 15:36:27,733 | INFO | POST /notes/semantic-search Status=200 Time=57.15ms
2026-07-28 15:36:27,734 | INFO | ROLLBACK
2026-07-28 15:36:27,926 | INFO | BEGIN (implicit)
2026-07-28 15:36:27,927 | INFO | SELECT users.id AS users_id, users.name AS users_name, users.email AS users_email, users.password AS users_password, users.created_at AS users_created_at 
FROM users 
WHERE users.email = %(email_1)s 
 LIMIT %(param_1)s
2026-07-28 15:36:27,927 | INFO | [cached since 9480s ago] {'email_1': 'mkevatraj@gmail.com', 'param_1': 1}
2026-07-28 15:36:27,930 | INFO | SELECT notes.id AS notes_id, notes.title AS notes_title, notes.content AS notes_content, notes.tag AS notes_tag, notes.owner_id AS notes_owner_id, notes.created_at AS notes_created_at 
FROM notes 
WHERE notes.owner_id = %(owner_id_1)s
2026-07-28 15:36:27,930 | INFO | [cached since 612.9s ago] {'owner_id_1': 4}
2026-07-28 15:36:27,968 | INFO | POST /notes/semantic-search Status=200 Time=43.72ms
2026-07-28 15:36:27,969 | INFO | ROLLBACK
2026-07-28 15:36:28,151 | INFO | BEGIN (implicit)
2026-07-28 15:36:28,151 | INFO | SELECT users.id AS users_id, users.name AS users_name, users.email AS users_email, users.password AS users_password, users.created_at AS users_created_at 
FROM users 
WHERE users.email = %(email_1)s 
 LIMIT %(param_1)s
2026-07-28 15:36:28,151 | INFO | [cached since 9480s ago] {'email_1': 'mkevatraj@gmail.com', 'param_1': 1}
2026-07-28 15:36:28,153 | INFO | SELECT notes.id AS notes_id, notes.title AS notes_title, notes.content AS notes_content, notes.tag AS notes_tag, notes.owner_id AS notes_owner_id, notes.created_at AS notes_created_at 
FROM notes 
WHERE notes.owner_id = %(owner_id_1)s
2026-07-28 15:36:28,154 | INFO | [cached since 613.1s ago] {'owner_id_1': 4}
2026-07-28 15:36:28,199 | INFO | POST /notes/semantic-search Status=200 Time=50.92ms
2026-07-28 15:36:28,200 | INFO | ROLLBACK
2026-07-28 15:39:39,202 | INFO | GET /docs Status=200 Time=3.7ms
2026-07-28 15:39:39,409 | INFO | GET /openapi.json Status=200 Time=4.59ms
2026-07-28 15:39:55,906 | INFO | BEGIN (implicit)
2026-07-28 15:39:55,917 | INFO | SELECT users.id AS users_id, users.name AS users_name, users.email AS users_email, users.password AS users_password, users.created_at AS users_created_at 
FROM users 
WHERE users.email = %(email_1)s 
 LIMIT %(param_1)s
2026-07-28 15:39:55,924 | INFO | [cached since 9688s ago] {'email_1': 'mkevatraj@gmail.com', 'param_1': 1}
2026-07-28 15:39:55,928 | INFO | SELECT notes.id AS notes_id, notes.title AS notes_title, notes.content AS notes_content, notes.tag AS notes_tag, notes.owner_id AS notes_owner_id, notes.created_at AS notes_created_at 
FROM notes 
WHERE notes.owner_id = %(owner_id_1)s 
 LIMIT %(param_1)s, %(param_2)s
2026-07-28 15:39:55,935 | INFO | [cached since 9334s ago] {'owner_id_1': 4, 'param_1': 0, 'param_2': 10}
2026-07-28 15:39:55,938 | INFO | GET /notes Status=200 Time=34.71ms
2026-07-28 15:39:55,941 | INFO | ROLLBACK
2026-07-28 15:40:26,265 | INFO | BEGIN (implicit)
2026-07-28 15:40:26,274 | INFO | SELECT users.id AS users_id, users.name AS users_name, users.email AS users_email, users.password AS users_password, users.created_at AS users_created_at 
FROM users 
WHERE users.email = %(email_1)s 
 LIMIT %(param_1)s
2026-07-28 15:40:26,289 | INFO | [cached since 9718s ago] {'email_1': 'mkevatraj@gmail.com', 'param_1': 1}
2026-07-28 15:40:26,297 | INFO | SELECT notes.id AS notes_id, notes.title AS notes_title, notes.content AS notes_content, notes.tag AS notes_tag, notes.owner_id AS notes_owner_id, notes.created_at AS notes_created_at 
FROM notes 
WHERE notes.owner_id = %(owner_id_1)s 
 LIMIT %(param_1)s, %(param_2)s
2026-07-28 15:40:26,301 | INFO | [cached since 9364s ago] {'owner_id_1': 4, 'param_1': 0, 'param_2': 10}
2026-07-28 15:40:26,307 | INFO | GET /notes Status=200 Time=47.02ms
2026-07-28 15:40:26,310 | INFO | ROLLBACK
2026-07-28 15:40:33,922 | INFO | OPTIONS /notes Status=200 Time=0.41ms
2026-07-28 15:40:33,948 | INFO | BEGIN (implicit)
2026-07-28 15:40:33,949 | INFO | SELECT users.id AS users_id, users.name AS users_name, users.email AS users_email, users.password AS users_password, users.created_at AS users_created_at 
FROM users 
WHERE users.email = %(email_1)s 
 LIMIT %(param_1)s
2026-07-28 15:40:33,949 | INFO | [cached since 9726s ago] {'email_1': 'mkevatraj@gmail.com', 'param_1': 1}
2026-07-28 15:40:33,955 | INFO | SELECT notes.id AS notes_id, notes.title AS notes_title, notes.content AS notes_content, notes.tag AS notes_tag, notes.owner_id AS notes_owner_id, notes.created_at AS notes_created_at 
FROM notes 
WHERE notes.owner_id = %(owner_id_1)s 
 LIMIT %(param_1)s, %(param_2)s
2026-07-28 15:40:33,955 | INFO | [cached since 9372s ago] {'owner_id_1': 4, 'param_1': 0, 'param_2': 10}
2026-07-28 15:40:33,963 | INFO | GET /notes Status=200 Time=21.07ms
2026-07-28 15:40:33,965 | INFO | ROLLBACK
2026-07-28 15:40:34,456 | INFO | BEGIN (implicit)
2026-07-28 15:40:34,460 | INFO | SELECT users.id AS users_id, users.name AS users_name, users.email AS users_email, users.password AS users_password, users.created_at AS users_created_at 
FROM users 
WHERE users.email = %(email_1)s 
 LIMIT %(param_1)s
2026-07-28 15:40:34,463 | INFO | [cached since 9727s ago] {'email_1': 'mkevatraj@gmail.com', 'param_1': 1}
2026-07-28 15:40:34,474 | INFO | SELECT notes.id AS notes_id, notes.title AS notes_title, notes.content AS notes_content, notes.tag AS notes_tag, notes.owner_id AS notes_owner_id, notes.created_at AS notes_created_at 
FROM notes 
WHERE notes.owner_id = %(owner_id_1)s 
 LIMIT %(param_1)s, %(param_2)s
2026-07-28 15:40:34,475 | INFO | [cached since 9373s ago] {'owner_id_1': 4, 'param_1': 0, 'param_2': 10}
2026-07-28 15:40:34,482 | INFO | GET /notes Status=200 Time=29.07ms
2026-07-28 15:40:34,487 | INFO | ROLLBACK
2026-07-28 15:40:39,029 | INFO | BEGIN (implicit)
2026-07-28 15:40:39,031 | INFO | SELECT users.id AS users_id, users.name AS users_name, users.email AS users_email, users.password AS users_password, users.created_at AS users_created_at 
FROM users 
WHERE users.email = %(email_1)s 
 LIMIT %(param_1)s
2026-07-28 15:40:39,032 | INFO | [cached since 9731s ago] {'email_1': 'mkevatraj@gmail.com', 'param_1': 1}
2026-07-28 15:40:39,038 | INFO | SELECT notes.id AS notes_id, notes.title AS notes_title, notes.content AS notes_content, notes.tag AS notes_tag, notes.owner_id AS notes_owner_id, notes.created_at AS notes_created_at 
FROM notes 
WHERE notes.owner_id = %(owner_id_1)s
2026-07-28 15:40:39,039 | INFO | [cached since 864s ago] {'owner_id_1': 4}
2026-07-28 15:40:39,100 | INFO | POST /notes/semantic-search Status=200 Time=80.0ms
2026-07-28 15:40:39,102 | INFO | ROLLBACK
2026-07-28 15:40:39,573 | INFO | BEGIN (implicit)
2026-07-28 15:40:39,575 | INFO | SELECT users.id AS users_id, users.name AS users_name, users.email AS users_email, users.password AS users_password, users.created_at AS users_created_at 
FROM users 
WHERE users.email = %(email_1)s 
 LIMIT %(param_1)s
2026-07-28 15:40:39,575 | INFO | [cached since 9732s ago] {'email_1': 'mkevatraj@gmail.com', 'param_1': 1}
2026-07-28 15:40:39,578 | INFO | SELECT notes.id AS notes_id, notes.title AS notes_title, notes.content AS notes_content, notes.tag AS notes_tag, notes.owner_id AS notes_owner_id, notes.created_at AS notes_created_at 
FROM notes 
WHERE notes.owner_id = %(owner_id_1)s
2026-07-28 15:40:39,578 | INFO | [cached since 864.5s ago] {'owner_id_1': 4}
2026-07-28 15:40:39,625 | INFO | POST /notes/semantic-search Status=200 Time=60.26ms
2026-07-28 15:40:39,626 | INFO | ROLLBACK
2026-07-28 15:40:40,097 | INFO | BEGIN (implicit)
2026-07-28 15:40:40,099 | INFO | SELECT users.id AS users_id, users.name AS users_name, users.email AS users_email, users.password AS users_password, users.created_at AS users_created_at 
FROM users 
WHERE users.email = %(email_1)s 
 LIMIT %(param_1)s
2026-07-28 15:40:40,100 | INFO | [cached since 9732s ago] {'email_1': 'mkevatraj@gmail.com', 'param_1': 1}
2026-07-28 15:40:40,108 | INFO | SELECT notes.id AS notes_id, notes.title AS notes_title, notes.content AS notes_content, notes.tag AS notes_tag, notes.owner_id AS notes_owner_id, notes.created_at AS notes_created_at 
FROM notes 
WHERE notes.owner_id = %(owner_id_1)s
2026-07-28 15:40:40,109 | INFO | [cached since 865s ago] {'owner_id_1': 4}
2026-07-28 15:40:40,165 | INFO | POST /notes/semantic-search Status=200 Time=73.3ms
2026-07-28 15:40:40,166 | INFO | ROLLBACK
2026-07-28 15:40:40,626 | INFO | BEGIN (implicit)
2026-07-28 15:40:40,627 | INFO | SELECT users.id AS users_id, users.name AS users_name, users.email AS users_email, users.password AS users_password, users.created_at AS users_created_at 
FROM users 
WHERE users.email = %(email_1)s 
 LIMIT %(param_1)s
2026-07-28 15:40:40,627 | INFO | [cached since 9733s ago] {'email_1': 'mkevatraj@gmail.com', 'param_1': 1}
2026-07-28 15:40:40,630 | INFO | SELECT notes.id AS notes_id, notes.title AS notes_title, notes.content AS notes_content, notes.tag AS notes_tag, notes.owner_id AS notes_owner_id, notes.created_at AS notes_created_at 
FROM notes 
WHERE notes.owner_id = %(owner_id_1)s
2026-07-28 15:40:40,630 | INFO | [cached since 865.6s ago] {'owner_id_1': 4}
2026-07-28 15:40:40,682 | INFO | POST /notes/semantic-search Status=200 Time=60.49ms
2026-07-28 15:40:40,683 | INFO | ROLLBACK
2026-07-28 15:54:35,833 | INFO | OPTIONS /notes Status=200 Time=0.39ms
2026-07-28 15:54:35,843 | INFO | BEGIN (implicit)
2026-07-28 15:54:35,844 | INFO | SELECT users.id AS users_id, users.name AS users_name, users.email AS users_email, users.password AS users_password, users.created_at AS users_created_at 
FROM users 
WHERE users.email = %(email_1)s 
 LIMIT %(param_1)s
2026-07-28 15:54:35,845 | INFO | [cached since 1.057e+04s ago] {'email_1': 'mkevatraj@gmail.com', 'param_1': 1}
2026-07-28 15:54:35,851 | INFO | SELECT notes.id AS notes_id, notes.title AS notes_title, notes.content AS notes_content, notes.tag AS notes_tag, notes.owner_id AS notes_owner_id, notes.created_at AS notes_created_at 
FROM notes 
WHERE notes.owner_id = %(owner_id_1)s 
 LIMIT %(param_1)s, %(param_2)s
2026-07-28 15:54:35,862 | INFO | [cached since 1.021e+04s ago] {'owner_id_1': 4, 'param_1': 0, 'param_2': 10}
2026-07-28 15:54:35,867 | INFO | GET /notes Status=200 Time=28.99ms
2026-07-28 15:54:35,870 | INFO | ROLLBACK
2026-07-28 15:54:36,271 | INFO | BEGIN (implicit)
2026-07-28 15:54:36,271 | INFO | SELECT users.id AS users_id, users.name AS users_name, users.email AS users_email, users.password AS users_password, users.created_at AS users_created_at 
FROM users 
WHERE users.email = %(email_1)s 
 LIMIT %(param_1)s
2026-07-28 15:54:36,272 | INFO | [cached since 1.057e+04s ago] {'email_1': 'mkevatraj@gmail.com', 'param_1': 1}
2026-07-28 15:54:36,277 | INFO | SELECT notes.id AS notes_id, notes.title AS notes_title, notes.content AS notes_content, notes.tag AS notes_tag, notes.owner_id AS notes_owner_id, notes.created_at AS notes_created_at 
FROM notes 
WHERE notes.owner_id = %(owner_id_1)s 
 LIMIT %(param_1)s, %(param_2)s
2026-07-28 15:54:36,277 | INFO | [cached since 1.021e+04s ago] {'owner_id_1': 4, 'param_1': 0, 'param_2': 10}
2026-07-28 15:54:36,280 | INFO | GET /notes Status=200 Time=11.45ms
2026-07-28 15:54:36,281 | INFO | ROLLBACK
2026-07-28 15:54:36,784 | INFO | BEGIN (implicit)
2026-07-28 15:54:36,785 | INFO | SELECT users.id AS users_id, users.name AS users_name, users.email AS users_email, users.password AS users_password, users.created_at AS users_created_at 
FROM users 
WHERE users.email = %(email_1)s 
 LIMIT %(param_1)s
2026-07-28 15:54:36,786 | INFO | [cached since 1.057e+04s ago] {'email_1': 'mkevatraj@gmail.com', 'param_1': 1}
2026-07-28 15:54:36,789 | INFO | SELECT notes.id AS notes_id, notes.title AS notes_title, notes.content AS notes_content, notes.tag AS notes_tag, notes.owner_id AS notes_owner_id, notes.created_at AS notes_created_at 
FROM notes 
WHERE notes.owner_id = %(owner_id_1)s 
 LIMIT %(param_1)s, %(param_2)s
2026-07-28 15:54:36,791 | INFO | [cached since 1.021e+04s ago] {'owner_id_1': 4, 'param_1': 0, 'param_2': 10}
2026-07-28 15:54:36,794 | INFO | GET /notes Status=200 Time=12.05ms
2026-07-28 15:54:36,796 | INFO | ROLLBACK
2026-07-28 15:55:21,276 | INFO | BEGIN (implicit)
2026-07-28 15:55:21,278 | INFO | SELECT users.id AS users_id, users.name AS users_name, users.email AS users_email, users.password AS users_password, users.created_at AS users_created_at 
FROM users 
WHERE users.email = %(email_1)s 
 LIMIT %(param_1)s
2026-07-28 15:55:21,280 | INFO | [cached since 1.061e+04s ago] {'email_1': 'mkevatraj@gmail.com', 'param_1': 1}
2026-07-28 15:55:21,289 | INFO | SELECT notes.id AS notes_id, notes.title AS notes_title, notes.content AS notes_content, notes.tag AS notes_tag, notes.owner_id AS notes_owner_id, notes.created_at AS notes_created_at 
FROM notes 
WHERE notes.owner_id = %(owner_id_1)s 
 LIMIT %(param_1)s, %(param_2)s
2026-07-28 15:55:21,289 | INFO | [cached since 1.026e+04s ago] {'owner_id_1': 4, 'param_1': 0, 'param_2': 10}
2026-07-28 15:55:21,292 | INFO | GET /notes Status=200 Time=18.93ms
2026-07-28 15:55:21,294 | INFO | ROLLBACK
2026-07-28 15:55:26,176 | INFO | BEGIN (implicit)
2026-07-28 15:55:26,192 | INFO | SELECT users.id AS users_id, users.name AS users_name, users.email AS users_email, users.password AS users_password, users.created_at AS users_created_at 
FROM users 
WHERE users.email = %(email_1)s 
 LIMIT %(param_1)s
2026-07-28 15:55:26,193 | INFO | [cached since 1.062e+04s ago] {'email_1': 'mkevatraj@gmail.com', 'param_1': 1}
2026-07-28 15:55:26,198 | INFO | SELECT notes.id AS notes_id, notes.title AS notes_title, notes.content AS notes_content, notes.tag AS notes_tag, notes.owner_id AS notes_owner_id, notes.created_at AS notes_created_at 
FROM notes 
WHERE notes.owner_id = %(owner_id_1)s 
 LIMIT %(param_1)s, %(param_2)s
2026-07-28 15:55:26,205 | INFO | [cached since 1.026e+04s ago] {'owner_id_1': 4, 'param_1': 0, 'param_2': 10}
2026-07-28 15:55:26,209 | INFO | GET /notes Status=200 Time=35.07ms
2026-07-28 15:55:26,215 | INFO | ROLLBACK
2026-07-28 15:55:59,733 | INFO | BEGIN (implicit)
2026-07-28 15:55:59,735 | INFO | SELECT users.id AS users_id, users.name AS users_name, users.email AS users_email, users.password AS users_password, users.created_at AS users_created_at 
FROM users 
WHERE users.email = %(email_1)s 
 LIMIT %(param_1)s
2026-07-28 15:55:59,736 | INFO | [cached since 1.065e+04s ago] {'email_1': 'mkevatraj@gmail.com', 'param_1': 1}
2026-07-28 15:55:59,739 | INFO | SELECT notes.id AS notes_id, notes.title AS notes_title, notes.content AS notes_content, notes.tag AS notes_tag, notes.owner_id AS notes_owner_id, notes.created_at AS notes_created_at 
FROM notes 
WHERE notes.owner_id = %(owner_id_1)s 
 LIMIT %(param_1)s, %(param_2)s
2026-07-28 15:55:59,739 | INFO | [cached since 1.03e+04s ago] {'owner_id_1': 4, 'param_1': 0, 'param_2': 10}
2026-07-28 15:55:59,753 | INFO | GET /notes Status=200 Time=22.22ms
2026-07-28 15:55:59,755 | INFO | ROLLBACK
2026-07-28 15:55:59,945 | INFO | BEGIN (implicit)
2026-07-28 15:55:59,946 | INFO | SELECT users.id AS users_id, users.name AS users_name, users.email AS users_email, users.password AS users_password, users.created_at AS users_created_at 
FROM users 
WHERE users.email = %(email_1)s 
 LIMIT %(param_1)s
2026-07-28 15:55:59,946 | INFO | [cached since 1.065e+04s ago] {'email_1': 'mkevatraj@gmail.com', 'param_1': 1}
2026-07-28 15:55:59,950 | INFO | SELECT notes.id AS notes_id, notes.title AS notes_title, notes.content AS notes_content, notes.tag AS notes_tag, notes.owner_id AS notes_owner_id, notes.created_at AS notes_created_at 
FROM notes 
WHERE notes.owner_id = %(owner_id_1)s 
 LIMIT %(param_1)s, %(param_2)s
2026-07-28 15:55:59,951 | INFO | [cached since 1.03e+04s ago] {'owner_id_1': 4, 'param_1': 0, 'param_2': 10}
2026-07-28 15:55:59,956 | INFO | GET /notes Status=200 Time=12.48ms
2026-07-28 15:55:59,958 | INFO | ROLLBACK
2026-07-28 15:56:00,177 | INFO | BEGIN (implicit)
2026-07-28 15:56:00,178 | INFO | SELECT users.id AS users_id, users.name AS users_name, users.email AS users_email, users.password AS users_password, users.created_at AS users_created_at 
FROM users 
WHERE users.email = %(email_1)s 
 LIMIT %(param_1)s
2026-07-28 15:56:00,178 | INFO | [cached since 1.065e+04s ago] {'email_1': 'mkevatraj@gmail.com', 'param_1': 1}
2026-07-28 15:56:00,181 | INFO | SELECT notes.id AS notes_id, notes.title AS notes_title, notes.content AS notes_content, notes.tag AS notes_tag, notes.owner_id AS notes_owner_id, notes.created_at AS notes_created_at 
FROM notes 
WHERE notes.owner_id = %(owner_id_1)s 
 LIMIT %(param_1)s, %(param_2)s
2026-07-28 15:56:00,182 | INFO | [cached since 1.03e+04s ago] {'owner_id_1': 4, 'param_1': 0, 'param_2': 10}
2026-07-28 15:56:00,186 | INFO | GET /notes Status=200 Time=11.2ms
2026-07-28 15:56:00,187 | INFO | ROLLBACK
2026-07-28 15:56:01,065 | INFO | BEGIN (implicit)
2026-07-28 15:56:01,066 | INFO | SELECT users.id AS users_id, users.name AS users_name, users.email AS users_email, users.password AS users_password, users.created_at AS users_created_at 
FROM users 
WHERE users.email = %(email_1)s 
 LIMIT %(param_1)s
2026-07-28 15:56:01,067 | INFO | [cached since 1.065e+04s ago] {'email_1': 'mkevatraj@gmail.com', 'param_1': 1}
2026-07-28 15:56:01,070 | INFO | SELECT notes.id AS notes_id, notes.title AS notes_title, notes.content AS notes_content, notes.tag AS notes_tag, notes.owner_id AS notes_owner_id, notes.created_at AS notes_created_at 
FROM notes 
WHERE notes.owner_id = %(owner_id_1)s 
 LIMIT %(param_1)s, %(param_2)s
2026-07-28 15:56:01,070 | INFO | [cached since 1.03e+04s ago] {'owner_id_1': 4, 'param_1': 0, 'param_2': 10}
2026-07-28 15:56:01,074 | INFO | GET /notes Status=200 Time=10.0ms
2026-07-28 15:56:01,075 | INFO | ROLLBACK
2026-07-28 15:56:16,961 | INFO | BEGIN (implicit)
2026-07-28 15:56:16,963 | INFO | SELECT users.id AS users_id, users.name AS users_name, users.email AS users_email, users.password AS users_password, users.created_at AS users_created_at 
FROM users 
WHERE users.email = %(email_1)s 
 LIMIT %(param_1)s
2026-07-28 15:56:16,964 | INFO | [cached since 1.067e+04s ago] {'email_1': 'mkevatraj@gmail.com', 'param_1': 1}
2026-07-28 15:56:16,967 | INFO | SELECT notes.id AS notes_id, notes.title AS notes_title, notes.content AS notes_content, notes.tag AS notes_tag, notes.owner_id AS notes_owner_id, notes.created_at AS notes_created_at 
FROM notes 
WHERE notes.owner_id = %(owner_id_1)s 
 LIMIT %(param_1)s, %(param_2)s
2026-07-28 15:56:16,973 | INFO | [cached since 1.032e+04s ago] {'owner_id_1': 4, 'param_1': 0, 'param_2': 10}
2026-07-28 15:56:16,977 | INFO | GET /notes Status=200 Time=19.06ms
2026-07-28 15:56:16,979 | INFO | ROLLBACK
2026-07-28 15:56:17,146 | INFO | BEGIN (implicit)
2026-07-28 15:56:17,148 | INFO | SELECT users.id AS users_id, users.name AS users_name, users.email AS users_email, users.password AS users_password, users.created_at AS users_created_at 
FROM users 
WHERE users.email = %(email_1)s 
 LIMIT %(param_1)s
2026-07-28 15:56:17,149 | INFO | [cached since 1.067e+04s ago] {'email_1': 'mkevatraj@gmail.com', 'param_1': 1}
2026-07-28 15:56:17,154 | INFO | SELECT notes.id AS notes_id, notes.title AS notes_title, notes.content AS notes_content, notes.tag AS notes_tag, notes.owner_id AS notes_owner_id, notes.created_at AS notes_created_at 
FROM notes 
WHERE notes.owner_id = %(owner_id_1)s 
 LIMIT %(param_1)s, %(param_2)s
2026-07-28 15:56:17,160 | INFO | [cached since 1.032e+04s ago] {'owner_id_1': 4, 'param_1': 0, 'param_2': 10}
2026-07-28 15:56:17,165 | INFO | GET /notes Status=200 Time=20.78ms
2026-07-28 15:56:17,168 | INFO | ROLLBACK
2026-07-28 15:56:17,380 | INFO | BEGIN (implicit)
2026-07-28 15:56:17,383 | INFO | SELECT users.id AS users_id, users.name AS users_name, users.email AS users_email, users.password AS users_password, users.created_at AS users_created_at 
FROM users 
WHERE users.email = %(email_1)s 
 LIMIT %(param_1)s
2026-07-28 15:56:17,384 | INFO | [cached since 1.067e+04s ago] {'email_1': 'mkevatraj@gmail.com', 'param_1': 1}
2026-07-28 15:56:17,389 | INFO | SELECT notes.id AS notes_id, notes.title AS notes_title, notes.content AS notes_content, notes.tag AS notes_tag, notes.owner_id AS notes_owner_id, notes.created_at AS notes_created_at 
FROM notes 
WHERE notes.owner_id = %(owner_id_1)s 
 LIMIT %(param_1)s, %(param_2)s
2026-07-28 15:56:17,391 | INFO | [cached since 1.032e+04s ago] {'owner_id_1': 4, 'param_1': 0, 'param_2': 10}
2026-07-28 15:56:17,395 | INFO | GET /notes Status=200 Time=17.95ms
2026-07-28 15:56:17,398 | INFO | ROLLBACK
2026-07-28 15:56:17,984 | INFO | BEGIN (implicit)
2026-07-28 15:56:17,999 | INFO | SELECT users.id AS users_id, users.name AS users_name, users.email AS users_email, users.password AS users_password, users.created_at AS users_created_at 
FROM users 
WHERE users.email = %(email_1)s 
 LIMIT %(param_1)s
2026-07-28 15:56:18,011 | INFO | [cached since 1.067e+04s ago] {'email_1': 'mkevatraj@gmail.com', 'param_1': 1}
2026-07-28 15:56:18,016 | INFO | SELECT notes.id AS notes_id, notes.title AS notes_title, notes.content AS notes_content, notes.tag AS notes_tag, notes.owner_id AS notes_owner_id, notes.created_at AS notes_created_at 
FROM notes 
WHERE notes.owner_id = %(owner_id_1)s 
 LIMIT %(param_1)s, %(param_2)s
2026-07-28 15:56:18,018 | INFO | [cached since 1.032e+04s ago] {'owner_id_1': 4, 'param_1': 0, 'param_2': 10}
2026-07-28 15:56:18,023 | INFO | GET /notes Status=200 Time=41.13ms
2026-07-28 15:56:18,026 | INFO | ROLLBACK
2026-07-28 16:02:09,533 | INFO | BEGIN (implicit)
2026-07-28 16:02:09,534 | INFO | SELECT users.id AS users_id, users.name AS users_name, users.email AS users_email, users.password AS users_password, users.created_at AS users_created_at 
FROM users 
WHERE users.email = %(email_1)s 
 LIMIT %(param_1)s
2026-07-28 16:02:09,535 | INFO | [cached since 1.102e+04s ago] {'email_1': 'mkevatraj@gmail.com', 'param_1': 1}
2026-07-28 16:02:09,539 | INFO | SELECT notes.id AS notes_id, notes.title AS notes_title, notes.content AS notes_content, notes.tag AS notes_tag, notes.owner_id AS notes_owner_id, notes.created_at AS notes_created_at 
FROM notes 
WHERE notes.owner_id = %(owner_id_1)s 
 LIMIT %(param_1)s, %(param_2)s
2026-07-28 16:02:09,541 | INFO | [cached since 1.067e+04s ago] {'owner_id_1': 4, 'param_1': 0, 'param_2': 10}
2026-07-28 16:02:09,545 | INFO | GET /notes Status=200 Time=15.44ms
2026-07-28 16:02:09,553 | INFO | ROLLBACK
2026-07-28 16:02:11,175 | INFO | BEGIN (implicit)
2026-07-28 16:02:11,179 | INFO | SELECT users.id AS users_id, users.name AS users_name, users.email AS users_email, users.password AS users_password, users.created_at AS users_created_at 
FROM users 
WHERE users.email = %(email_1)s 
 LIMIT %(param_1)s
2026-07-28 16:02:11,180 | INFO | [cached since 1.102e+04s ago] {'email_1': 'mkevatraj@gmail.com', 'param_1': 1}
2026-07-28 16:02:11,195 | INFO | SELECT notes.id AS notes_id, notes.title AS notes_title, notes.content AS notes_content, notes.tag AS notes_tag, notes.owner_id AS notes_owner_id, notes.created_at AS notes_created_at 
FROM notes 
WHERE notes.owner_id = %(owner_id_1)s 
 LIMIT %(param_1)s, %(param_2)s
2026-07-28 16:02:11,212 | INFO | [cached since 1.067e+04s ago] {'owner_id_1': 4, 'param_1': 0, 'param_2': 10}
2026-07-28 16:02:11,217 | INFO | GET /notes Status=200 Time=43.16ms
2026-07-28 16:02:11,218 | INFO | ROLLBACK
2026-07-28 16:38:36,579 | INFO | OPTIONS /notes Status=200 Time=0.85ms
2026-07-28 16:38:36,612 | INFO | GET /notes Status=401 Time=20.22ms
2026-07-28 16:38:36,792 | INFO | GET /notes Status=401 Time=5.17ms
2026-07-28 16:38:37,330 | INFO | GET /notes Status=401 Time=5.72ms
2026-07-28 16:38:37,768 | INFO | GET /notes Status=401 Time=4.29ms
2026-07-28 19:24:38,601 | INFO | GET /docs Status=200 Time=13.66ms
2026-07-28 19:24:38,833 | INFO | GET /openapi.json Status=200 Time=17.47ms
2026-07-28 19:24:41,731 | INFO | OPTIONS /notes Status=200 Time=0.91ms
2026-07-28 19:24:41,776 | INFO | GET /notes Status=401 Time=32.05ms
2026-07-28 19:24:54,599 | INFO | BEGIN (implicit)
2026-07-28 19:24:54,614 | INFO | SELECT users.id AS users_id, users.name AS users_name, users.email AS users_email, users.password AS users_password, users.created_at AS users_created_at 
FROM users 
WHERE users.email = %(email_1)s 
 LIMIT %(param_1)s
2026-07-28 19:24:54,620 | INFO | [cached since 2.319e+04s ago] {'email_1': 'mkevatraj@gmail.com', 'param_1': 1}
2026-07-28 19:24:54,995 | INFO | POST /login Status=200 Time=458.26ms
2026-07-28 19:24:54,997 | INFO | ROLLBACK
2026-07-28 19:29:19,268 | INFO | OPTIONS /notes/semantic-search Status=200 Time=0.72ms
2026-07-28 19:29:19,277 | INFO | BEGIN (implicit)
2026-07-28 19:29:19,278 | INFO | SELECT users.id AS users_id, users.name AS users_name, users.email AS users_email, users.password AS users_password, users.created_at AS users_created_at 
FROM users 
WHERE users.email = %(email_1)s 
 LIMIT %(param_1)s
2026-07-28 19:29:19,278 | INFO | [cached since 2.345e+04s ago] {'email_1': 'mkevatraj@gmail.com', 'param_1': 1}
2026-07-28 19:29:19,288 | INFO | SELECT notes.id AS notes_id, notes.title AS notes_title, notes.content AS notes_content, notes.tag AS notes_tag, notes.owner_id AS notes_owner_id, notes.created_at AS notes_created_at 
FROM notes 
WHERE notes.owner_id = %(owner_id_1)s
2026-07-28 19:29:19,289 | INFO | [cached since 1.458e+04s ago] {'owner_id_1': 4}
2026-07-28 19:29:19,440 | INFO | POST /notes/semantic-search Status=200 Time=166.97ms
2026-07-28 19:29:19,441 | INFO | ROLLBACK
2026-07-28 19:29:20,858 | INFO | BEGIN (implicit)
2026-07-28 19:29:20,861 | INFO | SELECT users.id AS users_id, users.name AS users_name, users.email AS users_email, users.password AS users_password, users.created_at AS users_created_at 
FROM users 
WHERE users.email = %(email_1)s 
 LIMIT %(param_1)s
2026-07-28 19:29:20,863 | INFO | [cached since 2.345e+04s ago] {'email_1': 'mkevatraj@gmail.com', 'param_1': 1}
2026-07-28 19:29:20,876 | INFO | SELECT notes.id AS notes_id, notes.title AS notes_title, notes.content AS notes_content, notes.tag AS notes_tag, notes.owner_id AS notes_owner_id, notes.created_at AS notes_created_at 
FROM notes 
WHERE notes.owner_id = %(owner_id_1)s
2026-07-28 19:29:20,877 | INFO | [cached since 1.459e+04s ago] {'owner_id_1': 4}
2026-07-28 19:29:20,948 | INFO | POST /notes/semantic-search Status=200 Time=100.65ms
2026-07-28 19:29:20,950 | INFO | ROLLBACK
2026-07-28 19:29:21,091 | INFO | BEGIN (implicit)
2026-07-28 19:29:21,091 | INFO | SELECT users.id AS users_id, users.name AS users_name, users.email AS users_email, users.password AS users_password, users.created_at AS users_created_at 
FROM users 
WHERE users.email = %(email_1)s 
 LIMIT %(param_1)s
2026-07-28 19:29:21,092 | INFO | [cached since 2.345e+04s ago] {'email_1': 'mkevatraj@gmail.com', 'param_1': 1}
2026-07-28 19:29:21,094 | INFO | SELECT notes.id AS notes_id, notes.title AS notes_title, notes.content AS notes_content, notes.tag AS notes_tag, notes.owner_id AS notes_owner_id, notes.created_at AS notes_created_at 
FROM notes 
WHERE notes.owner_id = %(owner_id_1)s
2026-07-28 19:29:21,094 | INFO | [cached since 1.459e+04s ago] {'owner_id_1': 4}
2026-07-28 19:29:21,140 | INFO | POST /notes/semantic-search Status=200 Time=51.61ms
2026-07-28 19:29:21,141 | INFO | ROLLBACK
2026-07-28 19:29:24,272 | INFO | BEGIN (implicit)
2026-07-28 19:29:24,274 | INFO | SELECT users.id AS users_id, users.name AS users_name, users.email AS users_email, users.password AS users_password, users.created_at AS users_created_at 
FROM users 
WHERE users.email = %(email_1)s 
 LIMIT %(param_1)s
2026-07-28 19:29:24,274 | INFO | [cached since 2.346e+04s ago] {'email_1': 'mkevatraj@gmail.com', 'param_1': 1}
2026-07-28 19:29:24,280 | INFO | SELECT notes.id AS notes_id, notes.title AS notes_title, notes.content AS notes_content, notes.tag AS notes_tag, notes.owner_id AS notes_owner_id, notes.created_at AS notes_created_at 
FROM notes 
WHERE notes.owner_id = %(owner_id_1)s
2026-07-28 19:29:24,280 | INFO | [cached since 1.459e+04s ago] {'owner_id_1': 4}
2026-07-28 19:29:24,349 | INFO | POST /notes/semantic-search Status=200 Time=85.29ms
2026-07-28 19:29:24,350 | INFO | ROLLBACK
2026-07-28 19:29:24,498 | INFO | BEGIN (implicit)
2026-07-28 19:29:24,499 | INFO | SELECT users.id AS users_id, users.name AS users_name, users.email AS users_email, users.password AS users_password, users.created_at AS users_created_at 
FROM users 
WHERE users.email = %(email_1)s 
 LIMIT %(param_1)s
2026-07-28 19:29:24,499 | INFO | [cached since 2.346e+04s ago] {'email_1': 'mkevatraj@gmail.com', 'param_1': 1}
2026-07-28 19:29:24,504 | INFO | SELECT notes.id AS notes_id, notes.title AS notes_title, notes.content AS notes_content, notes.tag AS notes_tag, notes.owner_id AS notes_owner_id, notes.created_at AS notes_created_at 
FROM notes 
WHERE notes.owner_id = %(owner_id_1)s
2026-07-28 19:29:24,504 | INFO | [cached since 1.459e+04s ago] {'owner_id_1': 4}
2026-07-28 19:29:24,546 | INFO | POST /notes/semantic-search Status=200 Time=50.36ms
2026-07-28 19:29:24,547 | INFO | ROLLBACK
2026-07-28 19:29:24,738 | INFO | BEGIN (implicit)
2026-07-28 19:29:24,739 | INFO | SELECT users.id AS users_id, users.name AS users_name, users.email AS users_email, users.password AS users_password, users.created_at AS users_created_at 
FROM users 
WHERE users.email = %(email_1)s 
 LIMIT %(param_1)s
2026-07-28 19:29:24,739 | INFO | [cached since 2.346e+04s ago] {'email_1': 'mkevatraj@gmail.com', 'param_1': 1}
2026-07-28 19:29:24,742 | INFO | SELECT notes.id AS notes_id, notes.title AS notes_title, notes.content AS notes_content, notes.tag AS notes_tag, notes.owner_id AS notes_owner_id, notes.created_at AS notes_created_at 
FROM notes 
WHERE notes.owner_id = %(owner_id_1)s
2026-07-28 19:29:24,742 | INFO | [cached since 1.459e+04s ago] {'owner_id_1': 4}
2026-07-28 19:29:24,781 | INFO | POST /notes/semantic-search Status=200 Time=45.87ms
2026-07-28 19:29:24,783 | INFO | ROLLBACK
2026-07-28 19:31:10,969 | INFO | BEGIN (implicit)
2026-07-28 19:31:10,969 | INFO | SELECT users.id AS users_id, users.name AS users_name, users.email AS users_email, users.password AS users_password, users.created_at AS users_created_at 
FROM users 
WHERE users.email = %(email_1)s 
 LIMIT %(param_1)s
2026-07-28 19:31:10,970 | INFO | [cached since 2.356e+04s ago] {'email_1': 'mkevatraj@gmail.com', 'param_1': 1}
2026-07-28 19:31:10,986 | INFO | INSERT INTO notes (title, content, tag, owner_id) VALUES (%(title)s, %(content)s, %(tag)s, %(owner_id)s)
2026-07-28 19:31:10,986 | INFO | [cached since 2.351e+04s ago] {'title': 'CSS', 'content': 'This is styling Css language', 'tag': 'Work', 'owner_id': 4}
2026-07-28 19:31:10,996 | INFO | COMMIT
2026-07-28 19:31:11,006 | INFO | BEGIN (implicit)
2026-07-28 19:31:11,008 | INFO | SELECT notes.id, notes.title, notes.content, notes.tag, notes.owner_id, notes.created_at 
FROM notes 
WHERE notes.id = %(pk_1)s
2026-07-28 19:31:11,009 | INFO | [cached since 2.351e+04s ago] {'pk_1': 12}
2026-07-28 19:31:11,013 | INFO | POST /notes Status=200 Time=48.12ms
2026-07-28 19:31:12,314 | INFO | BEGIN (implicit)
2026-07-28 19:31:12,315 | INFO | SELECT users.id AS users_id, users.name AS users_name, users.email AS users_email, users.password AS users_password, users.created_at AS users_created_at 
FROM users 
WHERE users.email = %(email_1)s 
 LIMIT %(param_1)s
2026-07-28 19:31:12,317 | INFO | [cached since 2.356e+04s ago] {'email_1': 'mkevatraj@gmail.com', 'param_1': 1}
2026-07-28 19:31:12,325 | INFO | SELECT notes.id AS notes_id, notes.title AS notes_title, notes.content AS notes_content, notes.tag AS notes_tag, notes.owner_id AS notes_owner_id, notes.created_at AS notes_created_at 
FROM notes 
WHERE notes.owner_id = %(owner_id_1)s 
 LIMIT %(param_1)s, %(param_2)s
2026-07-28 19:31:12,326 | INFO | [cached since 2.321e+04s ago] {'owner_id_1': 4, 'param_1': 0, 'param_2': 10}
2026-07-28 19:31:12,330 | INFO | GET /notes Status=200 Time=32.38ms
2026-07-28 19:31:12,331 | INFO | ROLLBACK
2026-07-28 19:31:13,016 | INFO | Background indexing completed for Note ID 12
2026-07-28 19:31:13,021 | INFO | ROLLBACK
2026-07-28 19:31:17,968 | INFO | BEGIN (implicit)
2026-07-28 19:31:17,973 | INFO | SELECT users.id AS users_id, users.name AS users_name, users.email AS users_email, users.password AS users_password, users.created_at AS users_created_at 
FROM users 
WHERE users.email = %(email_1)s 
 LIMIT %(param_1)s
2026-07-28 19:31:17,974 | INFO | [cached since 2.357e+04s ago] {'email_1': 'mkevatraj@gmail.com', 'param_1': 1}
2026-07-28 19:31:17,979 | INFO | SELECT notes.id AS notes_id, notes.title AS notes_title, notes.content AS notes_content, notes.tag AS notes_tag, notes.owner_id AS notes_owner_id, notes.created_at AS notes_created_at 
FROM notes 
WHERE notes.owner_id = %(owner_id_1)s 
 LIMIT %(param_1)s, %(param_2)s
2026-07-28 19:31:17,980 | INFO | [cached since 2.322e+04s ago] {'owner_id_1': 4, 'param_1': 0, 'param_2': 10}
2026-07-28 19:31:17,988 | INFO | GET /notes Status=200 Time=25.41ms
2026-07-28 19:31:17,990 | INFO | ROLLBACK
2026-07-28 19:35:26,705 | INFO | OPTIONS /notes Status=200 Time=0.62ms
2026-07-28 19:35:26,718 | INFO | BEGIN (implicit)
2026-07-28 19:35:26,720 | INFO | SELECT users.id AS users_id, users.name AS users_name, users.email AS users_email, users.password AS users_password, users.created_at AS users_created_at 
FROM users 
WHERE users.email = %(email_1)s 
 LIMIT %(param_1)s
2026-07-28 19:35:26,721 | INFO | [cached since 2.382e+04s ago] {'email_1': 'mkevatraj@gmail.com', 'param_1': 1}
2026-07-28 19:35:26,726 | INFO | SELECT notes.id AS notes_id, notes.title AS notes_title, notes.content AS notes_content, notes.tag AS notes_tag, notes.owner_id AS notes_owner_id, notes.created_at AS notes_created_at 
FROM notes 
WHERE notes.owner_id = %(owner_id_1)s 
 LIMIT %(param_1)s, %(param_2)s
2026-07-28 19:35:26,727 | INFO | [cached since 2.346e+04s ago] {'owner_id_1': 4, 'param_1': 0, 'param_2': 10}
2026-07-28 19:35:26,732 | INFO | GET /notes Status=200 Time=17.78ms
2026-07-28 19:35:26,734 | INFO | ROLLBACK
2026-07-28 19:35:26,983 | INFO | BEGIN (implicit)
2026-07-28 19:35:26,988 | INFO | SELECT users.id AS users_id, users.name AS users_name, users.email AS users_email, users.password AS users_password, users.created_at AS users_created_at 
FROM users 
WHERE users.email = %(email_1)s 
 LIMIT %(param_1)s
2026-07-28 19:35:26,989 | INFO | [cached since 2.382e+04s ago] {'email_1': 'mkevatraj@gmail.com', 'param_1': 1}
2026-07-28 19:35:27,000 | INFO | SELECT notes.id AS notes_id, notes.title AS notes_title, notes.content AS notes_content, notes.tag AS notes_tag, notes.owner_id AS notes_owner_id, notes.created_at AS notes_created_at 
FROM notes 
WHERE notes.owner_id = %(owner_id_1)s 
 LIMIT %(param_1)s, %(param_2)s
2026-07-28 19:35:27,000 | INFO | [cached since 2.347e+04s ago] {'owner_id_1': 4, 'param_1': 0, 'param_2': 10}
2026-07-28 19:35:27,005 | INFO | GET /notes Status=200 Time=25.29ms
2026-07-28 19:35:27,008 | INFO | ROLLBACK
2026-07-28 19:35:28,345 | INFO | BEGIN (implicit)
2026-07-28 19:35:28,346 | INFO | SELECT users.id AS users_id, users.name AS users_name, users.email AS users_email, users.password AS users_password, users.created_at AS users_created_at 
FROM users 
WHERE users.email = %(email_1)s 
 LIMIT %(param_1)s
2026-07-28 19:35:28,346 | INFO | [cached since 2.382e+04s ago] {'email_1': 'mkevatraj@gmail.com', 'param_1': 1}
2026-07-28 19:35:28,350 | INFO | SELECT notes.id AS notes_id, notes.title AS notes_title, notes.content AS notes_content, notes.tag AS notes_tag, notes.owner_id AS notes_owner_id, notes.created_at AS notes_created_at 
FROM notes 
WHERE notes.owner_id = %(owner_id_1)s 
 LIMIT %(param_1)s, %(param_2)s
2026-07-28 19:35:28,350 | INFO | [cached since 2.347e+04s ago] {'owner_id_1': 4, 'param_1': 0, 'param_2': 10}
2026-07-28 19:35:28,353 | INFO | GET /notes Status=200 Time=10.61ms
2026-07-28 19:35:28,355 | INFO | ROLLBACK
2026-07-28 19:37:11,170 | INFO | BEGIN (implicit)
2026-07-28 19:37:11,191 | INFO | SELECT users.id AS users_id, users.name AS users_name, users.email AS users_email, users.password AS users_password, users.created_at AS users_created_at 
FROM users 
WHERE users.email = %(email_1)s 
 LIMIT %(param_1)s
2026-07-28 19:37:11,192 | INFO | [cached since 2.392e+04s ago] {'email_1': 'mkevatraj@gmail.com', 'param_1': 1}
2026-07-28 19:37:11,196 | INFO | SELECT notes.id AS notes_id, notes.title AS notes_title, notes.content AS notes_content, notes.tag AS notes_tag, notes.owner_id AS notes_owner_id, notes.created_at AS notes_created_at 
FROM notes 
WHERE notes.owner_id = %(owner_id_1)s 
 LIMIT %(param_1)s, %(param_2)s
2026-07-28 19:37:11,198 | INFO | [cached since 2.357e+04s ago] {'owner_id_1': 4, 'param_1': 0, 'param_2': 10}
2026-07-28 19:37:11,203 | INFO | GET /notes Status=200 Time=35.59ms
2026-07-28 19:37:11,205 | INFO | ROLLBACK
2026-07-28 19:43:38,940 | INFO | BEGIN (implicit)
2026-07-28 19:43:38,951 | INFO | SELECT users.id AS users_id, users.name AS users_name, users.email AS users_email, users.password AS users_password, users.created_at AS users_created_at 
FROM users 
WHERE users.email = %(email_1)s 
 LIMIT %(param_1)s
2026-07-28 19:43:38,959 | INFO | [cached since 2.431e+04s ago] {'email_1': 'mkevatraj@gmail.com', 'param_1': 1}
2026-07-28 19:43:38,964 | INFO | SELECT notes.id AS notes_id, notes.title AS notes_title, notes.content AS notes_content, notes.tag AS notes_tag, notes.owner_id AS notes_owner_id, notes.created_at AS notes_created_at 
FROM notes 
WHERE notes.owner_id = %(owner_id_1)s 
 LIMIT %(param_1)s, %(param_2)s
2026-07-28 19:43:38,965 | INFO | [cached since 2.396e+04s ago] {'owner_id_1': 4, 'param_1': 0, 'param_2': 10}
2026-07-28 19:43:38,970 | INFO | GET /notes Status=200 Time=34.4ms
2026-07-28 19:43:38,973 | INFO | ROLLBACK
2026-07-28 19:43:41,490 | INFO | BEGIN (implicit)
2026-07-28 19:43:41,491 | INFO | SELECT users.id AS users_id, users.name AS users_name, users.email AS users_email, users.password AS users_password, users.created_at AS users_created_at 
FROM users 
WHERE users.email = %(email_1)s 
 LIMIT %(param_1)s
2026-07-28 19:43:41,492 | INFO | [cached since 2.431e+04s ago] {'email_1': 'mkevatraj@gmail.com', 'param_1': 1}
2026-07-28 19:43:41,495 | INFO | SELECT notes.id AS notes_id, notes.title AS notes_title, notes.content AS notes_content, notes.tag AS notes_tag, notes.owner_id AS notes_owner_id, notes.created_at AS notes_created_at 
FROM notes 
WHERE notes.owner_id = %(owner_id_1)s 
 LIMIT %(param_1)s, %(param_2)s
2026-07-28 19:43:41,496 | INFO | [cached since 2.396e+04s ago] {'owner_id_1': 4, 'param_1': 0, 'param_2': 10}
2026-07-28 19:43:41,502 | INFO | GET /notes Status=200 Time=15.48ms
2026-07-28 19:43:41,505 | INFO | ROLLBACK
2026-07-28 19:43:43,927 | INFO | BEGIN (implicit)
2026-07-28 19:43:43,928 | INFO | SELECT users.id AS users_id, users.name AS users_name, users.email AS users_email, users.password AS users_password, users.created_at AS users_created_at 
FROM users 
WHERE users.email = %(email_1)s 
 LIMIT %(param_1)s
2026-07-28 19:43:43,928 | INFO | [cached since 2.432e+04s ago] {'email_1': 'mkevatraj@gmail.com', 'param_1': 1}
2026-07-28 19:43:43,932 | INFO | SELECT notes.id AS notes_id, notes.title AS notes_title, notes.content AS notes_content, notes.tag AS notes_tag, notes.owner_id AS notes_owner_id, notes.created_at AS notes_created_at 
FROM notes 
WHERE notes.owner_id = %(owner_id_1)s 
 LIMIT %(param_1)s, %(param_2)s
2026-07-28 19:43:43,932 | INFO | [cached since 2.396e+04s ago] {'owner_id_1': 4, 'param_1': 0, 'param_2': 10}
2026-07-28 19:43:43,936 | INFO | GET /notes Status=200 Time=10.89ms
2026-07-28 19:43:43,937 | INFO | ROLLBACK
2026-07-28 19:43:44,901 | INFO | BEGIN (implicit)
2026-07-28 19:43:44,902 | INFO | SELECT users.id AS users_id, users.name AS users_name, users.email AS users_email, users.password AS users_password, users.created_at AS users_created_at 
FROM users 
WHERE users.email = %(email_1)s 
 LIMIT %(param_1)s
2026-07-28 19:43:44,902 | INFO | [cached since 2.432e+04s ago] {'email_1': 'mkevatraj@gmail.com', 'param_1': 1}
2026-07-28 19:43:44,906 | INFO | SELECT notes.id AS notes_id, notes.title AS notes_title, notes.content AS notes_content, notes.tag AS notes_tag, notes.owner_id AS notes_owner_id, notes.created_at AS notes_created_at 
FROM notes 
WHERE notes.owner_id = %(owner_id_1)s 
 LIMIT %(param_1)s, %(param_2)s
2026-07-28 19:43:44,907 | INFO | [cached since 2.396e+04s ago] {'owner_id_1': 4, 'param_1': 0, 'param_2': 10}
2026-07-28 19:43:44,910 | INFO | GET /notes Status=200 Time=11.54ms
2026-07-28 19:43:44,911 | INFO | ROLLBACK
2026-07-28 19:44:01,797 | INFO | BEGIN (implicit)
2026-07-28 19:44:01,798 | INFO | SELECT users.id AS users_id, users.name AS users_name, users.email AS users_email, users.password AS users_password, users.created_at AS users_created_at 
FROM users 
WHERE users.email = %(email_1)s 
 LIMIT %(param_1)s
2026-07-28 19:44:01,799 | INFO | [cached since 2.433e+04s ago] {'email_1': 'mkevatraj@gmail.com', 'param_1': 1}
2026-07-28 19:44:01,802 | INFO | SELECT notes.id AS notes_id, notes.title AS notes_title, notes.content AS notes_content, notes.tag AS notes_tag, notes.owner_id AS notes_owner_id, notes.created_at AS notes_created_at 
FROM notes 
WHERE notes.owner_id = %(owner_id_1)s 
 LIMIT %(param_1)s, %(param_2)s
2026-07-28 19:44:01,805 | INFO | [cached since 2.398e+04s ago] {'owner_id_1': 4, 'param_1': 0, 'param_2': 10}
2026-07-28 19:44:01,812 | INFO | GET /notes Status=200 Time=16.58ms
2026-07-28 19:44:01,816 | INFO | ROLLBACK
2026-07-28 19:44:04,016 | INFO | OPTIONS /notes/semantic-search Status=200 Time=1.25ms
2026-07-28 19:44:04,022 | INFO | BEGIN (implicit)
2026-07-28 19:44:04,023 | INFO | SELECT users.id AS users_id, users.name AS users_name, users.email AS users_email, users.password AS users_password, users.created_at AS users_created_at 
FROM users 
WHERE users.email = %(email_1)s 
 LIMIT %(param_1)s
2026-07-28 19:44:04,023 | INFO | [cached since 2.434e+04s ago] {'email_1': 'mkevatraj@gmail.com', 'param_1': 1}
2026-07-28 19:44:04,027 | INFO | SELECT notes.id AS notes_id, notes.title AS notes_title, notes.content AS notes_content, notes.tag AS notes_tag, notes.owner_id AS notes_owner_id, notes.created_at AS notes_created_at 
FROM notes 
WHERE notes.owner_id = %(owner_id_1)s
2026-07-28 19:44:04,028 | INFO | [cached since 1.547e+04s ago] {'owner_id_1': 4}
2026-07-28 19:44:04,102 | INFO | POST /notes/semantic-search Status=200 Time=81.86ms
2026-07-28 19:44:04,103 | INFO | ROLLBACK
2026-07-28 19:44:04,209 | INFO | BEGIN (implicit)
2026-07-28 19:44:04,210 | INFO | SELECT users.id AS users_id, users.name AS users_name, users.email AS users_email, users.password AS users_password, users.created_at AS users_created_at 
FROM users 
WHERE users.email = %(email_1)s 
 LIMIT %(param_1)s
2026-07-28 19:44:04,210 | INFO | [cached since 2.434e+04s ago] {'email_1': 'mkevatraj@gmail.com', 'param_1': 1}
2026-07-28 19:44:04,213 | INFO | SELECT notes.id AS notes_id, notes.title AS notes_title, notes.content AS notes_content, notes.tag AS notes_tag, notes.owner_id AS notes_owner_id, notes.created_at AS notes_created_at 
FROM notes 
WHERE notes.owner_id = %(owner_id_1)s
2026-07-28 19:44:04,213 | INFO | [cached since 1.547e+04s ago] {'owner_id_1': 4}
2026-07-28 19:44:04,275 | INFO | POST /notes/semantic-search Status=200 Time=67.53ms
2026-07-28 19:44:04,276 | INFO | ROLLBACK
2026-07-28 19:44:05,129 | INFO | BEGIN (implicit)
2026-07-28 19:44:05,130 | INFO | SELECT users.id AS users_id, users.name AS users_name, users.email AS users_email, users.password AS users_password, users.created_at AS users_created_at 
FROM users 
WHERE users.email = %(email_1)s 
 LIMIT %(param_1)s
2026-07-28 19:44:05,130 | INFO | [cached since 2.434e+04s ago] {'email_1': 'mkevatraj@gmail.com', 'param_1': 1}
2026-07-28 19:44:05,132 | INFO | SELECT notes.id AS notes_id, notes.title AS notes_title, notes.content AS notes_content, notes.tag AS notes_tag, notes.owner_id AS notes_owner_id, notes.created_at AS notes_created_at 
FROM notes 
WHERE notes.owner_id = %(owner_id_1)s
2026-07-28 19:44:05,133 | INFO | [cached since 1.547e+04s ago] {'owner_id_1': 4}
2026-07-28 19:44:05,198 | INFO | POST /notes/semantic-search Status=200 Time=71.6ms
2026-07-28 19:44:05,199 | INFO | ROLLBACK
2026-07-28 19:44:05,297 | INFO | BEGIN (implicit)
2026-07-28 19:44:05,298 | INFO | SELECT users.id AS users_id, users.name AS users_name, users.email AS users_email, users.password AS users_password, users.created_at AS users_created_at 
FROM users 
WHERE users.email = %(email_1)s 
 LIMIT %(param_1)s
2026-07-28 19:44:05,298 | INFO | [cached since 2.434e+04s ago] {'email_1': 'mkevatraj@gmail.com', 'param_1': 1}
2026-07-28 19:44:05,301 | INFO | SELECT notes.id AS notes_id, notes.title AS notes_title, notes.content AS notes_content, notes.tag AS notes_tag, notes.owner_id AS notes_owner_id, notes.created_at AS notes_created_at 
FROM notes 
WHERE notes.owner_id = %(owner_id_1)s 
 LIMIT %(param_1)s, %(param_2)s
2026-07-28 19:44:05,302 | INFO | [cached since 2.398e+04s ago] {'owner_id_1': 4, 'param_1': 0, 'param_2': 10}
2026-07-28 19:44:05,305 | INFO | GET /notes Status=200 Time=9.22ms
2026-07-28 19:44:05,306 | INFO | ROLLBACK
2026-07-28 19:44:06,444 | INFO | BEGIN (implicit)
2026-07-28 19:44:06,444 | INFO | SELECT users.id AS users_id, users.name AS users_name, users.email AS users_email, users.password AS users_password, users.created_at AS users_created_at 
FROM users 
WHERE users.email = %(email_1)s 
 LIMIT %(param_1)s
2026-07-28 19:44:06,445 | INFO | [cached since 2.434e+04s ago] {'email_1': 'mkevatraj@gmail.com', 'param_1': 1}
2026-07-28 19:44:06,447 | INFO | SELECT notes.id AS notes_id, notes.title AS notes_title, notes.content AS notes_content, notes.tag AS notes_tag, notes.owner_id AS notes_owner_id, notes.created_at AS notes_created_at 
FROM notes 
WHERE notes.owner_id = %(owner_id_1)s
2026-07-28 19:44:06,447 | INFO | [cached since 1.547e+04s ago] {'owner_id_1': 4}
2026-07-28 19:44:06,505 | INFO | POST /notes/semantic-search Status=200 Time=66.36ms
2026-07-28 19:44:06,507 | INFO | ROLLBACK
2026-07-28 19:44:07,917 | INFO | BEGIN (implicit)
2026-07-28 19:44:07,919 | INFO | SELECT users.id AS users_id, users.name AS users_name, users.email AS users_email, users.password AS users_password, users.created_at AS users_created_at 
FROM users 
WHERE users.email = %(email_1)s 
 LIMIT %(param_1)s
2026-07-28 19:44:07,920 | INFO | [cached since 2.434e+04s ago] {'email_1': 'mkevatraj@gmail.com', 'param_1': 1}
2026-07-28 19:44:07,927 | INFO | SELECT notes.id AS notes_id, notes.title AS notes_title, notes.content AS notes_content, notes.tag AS notes_tag, notes.owner_id AS notes_owner_id, notes.created_at AS notes_created_at 
FROM notes 
WHERE notes.owner_id = %(owner_id_1)s
2026-07-28 19:44:07,928 | INFO | [cached since 1.547e+04s ago] {'owner_id_1': 4}
2026-07-28 19:44:07,987 | INFO | POST /notes/semantic-search Status=200 Time=76.81ms
2026-07-28 19:44:07,989 | INFO | ROLLBACK
2026-07-28 19:44:08,120 | INFO | BEGIN (implicit)
2026-07-28 19:44:08,121 | INFO | SELECT users.id AS users_id, users.name AS users_name, users.email AS users_email, users.password AS users_password, users.created_at AS users_created_at 
FROM users 
WHERE users.email = %(email_1)s 
 LIMIT %(param_1)s
2026-07-28 19:44:08,121 | INFO | [cached since 2.434e+04s ago] {'email_1': 'mkevatraj@gmail.com', 'param_1': 1}
2026-07-28 19:44:08,123 | INFO | SELECT notes.id AS notes_id, notes.title AS notes_title, notes.content AS notes_content, notes.tag AS notes_tag, notes.owner_id AS notes_owner_id, notes.created_at AS notes_created_at 
FROM notes 
WHERE notes.owner_id = %(owner_id_1)s
2026-07-28 19:44:08,124 | INFO | [cached since 1.547e+04s ago] {'owner_id_1': 4}
2026-07-28 19:44:08,183 | INFO | POST /notes/semantic-search Status=200 Time=65.27ms
2026-07-28 19:44:08,185 | INFO | ROLLBACK
2026-07-28 19:44:08,290 | INFO | BEGIN (implicit)
2026-07-28 19:44:08,291 | INFO | SELECT users.id AS users_id, users.name AS users_name, users.email AS users_email, users.password AS users_password, users.created_at AS users_created_at 
FROM users 
WHERE users.email = %(email_1)s 
 LIMIT %(param_1)s
2026-07-28 19:44:08,291 | INFO | [cached since 2.434e+04s ago] {'email_1': 'mkevatraj@gmail.com', 'param_1': 1}
2026-07-28 19:44:08,293 | INFO | SELECT notes.id AS notes_id, notes.title AS notes_title, notes.content AS notes_content, notes.tag AS notes_tag, notes.owner_id AS notes_owner_id, notes.created_at AS notes_created_at 
FROM notes 
WHERE notes.owner_id = %(owner_id_1)s
2026-07-28 19:44:08,294 | INFO | [cached since 1.547e+04s ago] {'owner_id_1': 4}
2026-07-28 19:44:08,338 | INFO | POST /notes/semantic-search Status=200 Time=51.59ms
2026-07-28 19:44:08,339 | INFO | ROLLBACK
2026-07-28 19:44:08,376 | INFO | BEGIN (implicit)
2026-07-28 19:44:08,376 | INFO | SELECT users.id AS users_id, users.name AS users_name, users.email AS users_email, users.password AS users_password, users.created_at AS users_created_at 
FROM users 
WHERE users.email = %(email_1)s 
 LIMIT %(param_1)s
2026-07-28 19:44:08,377 | INFO | [cached since 2.434e+04s ago] {'email_1': 'mkevatraj@gmail.com', 'param_1': 1}
2026-07-28 19:44:08,379 | INFO | SELECT notes.id AS notes_id, notes.title AS notes_title, notes.content AS notes_content, notes.tag AS notes_tag, notes.owner_id AS notes_owner_id, notes.created_at AS notes_created_at 
FROM notes 
WHERE notes.owner_id = %(owner_id_1)s
2026-07-28 19:44:08,380 | INFO | [cached since 1.547e+04s ago] {'owner_id_1': 4}
2026-07-28 19:44:08,436 | INFO | POST /notes/semantic-search Status=200 Time=62.83ms
2026-07-28 19:44:08,438 | INFO | ROLLBACK
2026-07-28 19:44:08,561 | INFO | BEGIN (implicit)
2026-07-28 19:44:08,562 | INFO | SELECT users.id AS users_id, users.name AS users_name, users.email AS users_email, users.password AS users_password, users.created_at AS users_created_at 
FROM users 
WHERE users.email = %(email_1)s 
 LIMIT %(param_1)s
2026-07-28 19:44:08,562 | INFO | [cached since 2.434e+04s ago] {'email_1': 'mkevatraj@gmail.com', 'param_1': 1}
2026-07-28 19:44:08,564 | INFO | SELECT notes.id AS notes_id, notes.title AS notes_title, notes.content AS notes_content, notes.tag AS notes_tag, notes.owner_id AS notes_owner_id, notes.created_at AS notes_created_at 
FROM notes 
WHERE notes.owner_id = %(owner_id_1)s
2026-07-28 19:44:08,564 | INFO | [cached since 1.547e+04s ago] {'owner_id_1': 4}
2026-07-28 19:44:08,609 | INFO | POST /notes/semantic-search Status=200 Time=50.41ms
2026-07-28 19:44:08,611 | INFO | ROLLBACK
2026-07-28 19:44:11,072 | INFO | BEGIN (implicit)
2026-07-28 19:44:11,074 | INFO | SELECT users.id AS users_id, users.name AS users_name, users.email AS users_email, users.password AS users_password, users.created_at AS users_created_at 
FROM users 
WHERE users.email = %(email_1)s 
 LIMIT %(param_1)s
2026-07-28 19:44:11,075 | INFO | [cached since 2.434e+04s ago] {'email_1': 'mkevatraj@gmail.com', 'param_1': 1}
2026-07-28 19:44:11,081 | INFO | SELECT notes.id AS notes_id, notes.title AS notes_title, notes.content AS notes_content, notes.tag AS notes_tag, notes.owner_id AS notes_owner_id, notes.created_at AS notes_created_at 
FROM notes 
WHERE notes.owner_id = %(owner_id_1)s
2026-07-28 19:44:11,082 | INFO | [cached since 1.548e+04s ago] {'owner_id_1': 4}
2026-07-28 19:44:11,141 | INFO | POST /notes/semantic-search Status=200 Time=79.82ms
2026-07-28 19:44:11,143 | INFO | ROLLBACK
2026-07-28 19:44:11,653 | INFO | BEGIN (implicit)
2026-07-28 19:44:11,654 | INFO | SELECT users.id AS users_id, users.name AS users_name, users.email AS users_email, users.password AS users_password, users.created_at AS users_created_at 
FROM users 
WHERE users.email = %(email_1)s 
 LIMIT %(param_1)s
2026-07-28 19:44:11,655 | INFO | [cached since 2.434e+04s ago] {'email_1': 'mkevatraj@gmail.com', 'param_1': 1}
2026-07-28 19:44:11,661 | INFO | SELECT notes.id AS notes_id, notes.title AS notes_title, notes.content AS notes_content, notes.tag AS notes_tag, notes.owner_id AS notes_owner_id, notes.created_at AS notes_created_at 
FROM notes 
WHERE notes.owner_id = %(owner_id_1)s
2026-07-28 19:44:11,662 | INFO | [cached since 1.548e+04s ago] {'owner_id_1': 4}
2026-07-28 19:44:11,737 | INFO | POST /notes/semantic-search Status=200 Time=90.34ms
2026-07-28 19:44:11,738 | INFO | ROLLBACK
2026-07-28 19:44:12,747 | INFO | BEGIN (implicit)
2026-07-28 19:44:12,748 | INFO | SELECT users.id AS users_id, users.name AS users_name, users.email AS users_email, users.password AS users_password, users.created_at AS users_created_at 
FROM users 
WHERE users.email = %(email_1)s 
 LIMIT %(param_1)s
2026-07-28 19:44:12,750 | INFO | [cached since 2.434e+04s ago] {'email_1': 'mkevatraj@gmail.com', 'param_1': 1}
2026-07-28 19:44:12,756 | INFO | SELECT notes.id AS notes_id, notes.title AS notes_title, notes.content AS notes_content, notes.tag AS notes_tag, notes.owner_id AS notes_owner_id, notes.created_at AS notes_created_at 
FROM notes 
WHERE notes.owner_id = %(owner_id_1)s
2026-07-28 19:44:12,757 | INFO | [cached since 1.548e+04s ago] {'owner_id_1': 4}
2026-07-28 19:44:12,815 | INFO | POST /notes/semantic-search Status=200 Time=73.98ms
2026-07-28 19:44:12,817 | INFO | ROLLBACK
2026-07-28 19:44:13,531 | INFO | BEGIN (implicit)
2026-07-28 19:44:13,533 | INFO | SELECT users.id AS users_id, users.name AS users_name, users.email AS users_email, users.password AS users_password, users.created_at AS users_created_at 
FROM users 
WHERE users.email = %(email_1)s 
 LIMIT %(param_1)s
2026-07-28 19:44:13,534 | INFO | [cached since 2.435e+04s ago] {'email_1': 'mkevatraj@gmail.com', 'param_1': 1}
2026-07-28 19:44:13,539 | INFO | SELECT notes.id AS notes_id, notes.title AS notes_title, notes.content AS notes_content, notes.tag AS notes_tag, notes.owner_id AS notes_owner_id, notes.created_at AS notes_created_at 
FROM notes 
WHERE notes.owner_id = %(owner_id_1)s
2026-07-28 19:44:13,540 | INFO | [cached since 1.548e+04s ago] {'owner_id_1': 4}
2026-07-28 19:44:13,595 | INFO | POST /notes/semantic-search Status=200 Time=71.38ms
2026-07-28 19:44:13,597 | INFO | ROLLBACK
2026-07-28 19:44:15,535 | INFO | BEGIN (implicit)
2026-07-28 19:44:15,536 | INFO | SELECT users.id AS users_id, users.name AS users_name, users.email AS users_email, users.password AS users_password, users.created_at AS users_created_at 
FROM users 
WHERE users.email = %(email_1)s 
 LIMIT %(param_1)s
2026-07-28 19:44:15,537 | INFO | [cached since 2.435e+04s ago] {'email_1': 'mkevatraj@gmail.com', 'param_1': 1}
2026-07-28 19:44:15,545 | INFO | SELECT notes.id AS notes_id, notes.title AS notes_title, notes.content AS notes_content, notes.tag AS notes_tag, notes.owner_id AS notes_owner_id, notes.created_at AS notes_created_at 
FROM notes 
WHERE notes.owner_id = %(owner_id_1)s
2026-07-28 19:44:15,568 | INFO | [cached since 1.548e+04s ago] {'owner_id_1': 4}
2026-07-28 19:44:15,653 | INFO | POST /notes/semantic-search Status=200 Time=123.38ms
2026-07-28 19:44:15,654 | INFO | ROLLBACK
2026-07-28 19:44:18,111 | INFO | BEGIN (implicit)
2026-07-28 19:44:18,113 | INFO | SELECT users.id AS users_id, users.name AS users_name, users.email AS users_email, users.password AS users_password, users.created_at AS users_created_at 
FROM users 
WHERE users.email = %(email_1)s 
 LIMIT %(param_1)s
2026-07-28 19:44:18,114 | INFO | [cached since 2.435e+04s ago] {'email_1': 'mkevatraj@gmail.com', 'param_1': 1}
2026-07-28 19:44:18,122 | INFO | SELECT notes.id AS notes_id, notes.title AS notes_title, notes.content AS notes_content, notes.tag AS notes_tag, notes.owner_id AS notes_owner_id, notes.created_at AS notes_created_at 
FROM notes 
WHERE notes.owner_id = %(owner_id_1)s 
 LIMIT %(param_1)s, %(param_2)s
2026-07-28 19:44:18,123 | INFO | [cached since 2.4e+04s ago] {'owner_id_1': 4, 'param_1': 0, 'param_2': 10}
2026-07-28 19:44:18,131 | INFO | GET /notes Status=200 Time=24.43ms
2026-07-28 19:44:18,134 | INFO | ROLLBACK
2026-07-28 19:44:18,941 | INFO | BEGIN (implicit)
2026-07-28 19:44:18,943 | INFO | SELECT users.id AS users_id, users.name AS users_name, users.email AS users_email, users.password AS users_password, users.created_at AS users_created_at 
FROM users 
WHERE users.email = %(email_1)s 
 LIMIT %(param_1)s
2026-07-28 19:44:18,944 | INFO | [cached since 2.435e+04s ago] {'email_1': 'mkevatraj@gmail.com', 'param_1': 1}
2026-07-28 19:44:18,952 | INFO | SELECT notes.id AS notes_id, notes.title AS notes_title, notes.content AS notes_content, notes.tag AS notes_tag, notes.owner_id AS notes_owner_id, notes.created_at AS notes_created_at 
FROM notes 
WHERE notes.owner_id = %(owner_id_1)s
2026-07-28 19:44:18,953 | INFO | [cached since 1.548e+04s ago] {'owner_id_1': 4}
2026-07-28 19:44:19,017 | INFO | POST /notes/semantic-search Status=200 Time=81.79ms
2026-07-28 19:44:19,018 | INFO | ROLLBACK
2026-07-28 19:44:20,558 | INFO | BEGIN (implicit)
2026-07-28 19:44:20,559 | INFO | SELECT users.id AS users_id, users.name AS users_name, users.email AS users_email, users.password AS users_password, users.created_at AS users_created_at 
FROM users 
WHERE users.email = %(email_1)s 
 LIMIT %(param_1)s
2026-07-28 19:44:20,560 | INFO | [cached since 2.435e+04s ago] {'email_1': 'mkevatraj@gmail.com', 'param_1': 1}
2026-07-28 19:44:20,566 | INFO | SELECT notes.id AS notes_id, notes.title AS notes_title, notes.content AS notes_content, notes.tag AS notes_tag, notes.owner_id AS notes_owner_id, notes.created_at AS notes_created_at 
FROM notes 
WHERE notes.owner_id = %(owner_id_1)s
2026-07-28 19:44:20,567 | INFO | [cached since 1.549e+04s ago] {'owner_id_1': 4}
2026-07-28 19:44:20,627 | INFO | POST /notes/semantic-search Status=200 Time=78.28ms
2026-07-28 19:44:20,628 | INFO | ROLLBACK
2026-07-28 19:44:21,941 | INFO | BEGIN (implicit)
2026-07-28 19:44:21,943 | INFO | SELECT users.id AS users_id, users.name AS users_name, users.email AS users_email, users.password AS users_password, users.created_at AS users_created_at 
FROM users 
WHERE users.email = %(email_1)s 
 LIMIT %(param_1)s
2026-07-28 19:44:21,943 | INFO | [cached since 2.435e+04s ago] {'email_1': 'mkevatraj@gmail.com', 'param_1': 1}
2026-07-28 19:44:21,950 | INFO | SELECT notes.id AS notes_id, notes.title AS notes_title, notes.content AS notes_content, notes.tag AS notes_tag, notes.owner_id AS notes_owner_id, notes.created_at AS notes_created_at 
FROM notes 
WHERE notes.owner_id = %(owner_id_1)s
2026-07-28 19:44:21,951 | INFO | [cached since 1.549e+04s ago] {'owner_id_1': 4}
2026-07-28 19:44:22,009 | INFO | POST /notes/semantic-search Status=200 Time=73.73ms
2026-07-28 19:44:22,010 | INFO | ROLLBACK
2026-07-28 19:44:23,486 | INFO | BEGIN (implicit)
2026-07-28 19:44:23,487 | INFO | SELECT users.id AS users_id, users.name AS users_name, users.email AS users_email, users.password AS users_password, users.created_at AS users_created_at 
FROM users 
WHERE users.email = %(email_1)s 
 LIMIT %(param_1)s
2026-07-28 19:44:23,487 | INFO | [cached since 2.436e+04s ago] {'email_1': 'mkevatraj@gmail.com', 'param_1': 1}
2026-07-28 19:44:23,490 | INFO | SELECT notes.id AS notes_id, notes.title AS notes_title, notes.content AS notes_content, notes.tag AS notes_tag, notes.owner_id AS notes_owner_id, notes.created_at AS notes_created_at 
FROM notes 
WHERE notes.owner_id = %(owner_id_1)s
2026-07-28 19:44:23,491 | INFO | [cached since 1.549e+04s ago] {'owner_id_1': 4}
2026-07-28 19:44:23,545 | INFO | POST /notes/semantic-search Status=200 Time=65.67ms
2026-07-28 19:44:23,546 | INFO | ROLLBACK
2026-07-28 19:44:24,639 | INFO | BEGIN (implicit)
2026-07-28 19:44:24,640 | INFO | SELECT users.id AS users_id, users.name AS users_name, users.email AS users_email, users.password AS users_password, users.created_at AS users_created_at 
FROM users 
WHERE users.email = %(email_1)s 
 LIMIT %(param_1)s
2026-07-28 19:44:24,641 | INFO | [cached since 2.436e+04s ago] {'email_1': 'mkevatraj@gmail.com', 'param_1': 1}
2026-07-28 19:44:24,648 | INFO | SELECT notes.id AS notes_id, notes.title AS notes_title, notes.content AS notes_content, notes.tag AS notes_tag, notes.owner_id AS notes_owner_id, notes.created_at AS notes_created_at 
FROM notes 
WHERE notes.owner_id = %(owner_id_1)s
2026-07-28 19:44:24,649 | INFO | [cached since 1.549e+04s ago] {'owner_id_1': 4}
2026-07-28 19:44:24,717 | INFO | POST /notes/semantic-search Status=200 Time=85.31ms
2026-07-28 19:44:24,718 | INFO | ROLLBACK
2026-07-28 19:44:25,517 | INFO | BEGIN (implicit)
2026-07-28 19:44:25,519 | INFO | SELECT users.id AS users_id, users.name AS users_name, users.email AS users_email, users.password AS users_password, users.created_at AS users_created_at 
FROM users 
WHERE users.email = %(email_1)s 
 LIMIT %(param_1)s
2026-07-28 19:44:25,520 | INFO | [cached since 2.436e+04s ago] {'email_1': 'mkevatraj@gmail.com', 'param_1': 1}
2026-07-28 19:44:25,526 | INFO | SELECT notes.id AS notes_id, notes.title AS notes_title, notes.content AS notes_content, notes.tag AS notes_tag, notes.owner_id AS notes_owner_id, notes.created_at AS notes_created_at 
FROM notes 
WHERE notes.owner_id = %(owner_id_1)s
2026-07-28 19:44:25,527 | INFO | [cached since 1.549e+04s ago] {'owner_id_1': 4}
2026-07-28 19:44:25,591 | INFO | POST /notes/semantic-search Status=200 Time=80.39ms
2026-07-28 19:44:25,592 | INFO | ROLLBACK
2026-07-28 19:47:38,613 | INFO | OPTIONS /notes Status=200 Time=0.71ms
2026-07-28 19:47:38,632 | INFO | BEGIN (implicit)
2026-07-28 19:47:38,635 | INFO | SELECT users.id AS users_id, users.name AS users_name, users.email AS users_email, users.password AS users_password, users.created_at AS users_created_at 
FROM users 
WHERE users.email = %(email_1)s 
 LIMIT %(param_1)s
2026-07-28 19:47:38,636 | INFO | [cached since 2.455e+04s ago] {'email_1': 'mkevatraj@gmail.com', 'param_1': 1}
2026-07-28 19:47:38,642 | INFO | SELECT notes.id AS notes_id, notes.title AS notes_title, notes.content AS notes_content, notes.tag AS notes_tag, notes.owner_id AS notes_owner_id, notes.created_at AS notes_created_at 
FROM notes 
WHERE notes.owner_id = %(owner_id_1)s 
 LIMIT %(param_1)s, %(param_2)s
2026-07-28 19:47:38,643 | INFO | [cached since 2.42e+04s ago] {'owner_id_1': 4, 'param_1': 0, 'param_2': 10}
2026-07-28 19:47:38,648 | INFO | GET /notes Status=200 Time=20.39ms
2026-07-28 19:47:38,652 | INFO | ROLLBACK
2026-07-28 19:48:58,796 | INFO | BEGIN (implicit)
2026-07-28 19:48:58,811 | INFO | SELECT users.id AS users_id, users.name AS users_name, users.email AS users_email, users.password AS users_password, users.created_at AS users_created_at 
FROM users 
WHERE users.email = %(email_1)s 
 LIMIT %(param_1)s
2026-07-28 19:48:58,839 | INFO | [cached since 2.463e+04s ago] {'email_1': 'mkevatraj@gmail.com', 'param_1': 1}
2026-07-28 19:48:58,844 | INFO | SELECT notes.id AS notes_id, notes.title AS notes_title, notes.content AS notes_content, notes.tag AS notes_tag, notes.owner_id AS notes_owner_id, notes.created_at AS notes_created_at 
FROM notes 
WHERE notes.owner_id = %(owner_id_1)s 
 LIMIT %(param_1)s, %(param_2)s
2026-07-28 19:48:58,845 | INFO | [cached since 2.428e+04s ago] {'owner_id_1': 4, 'param_1': 0, 'param_2': 10}
2026-07-28 19:48:58,848 | INFO | GET /notes Status=200 Time=55.48ms
2026-07-28 19:48:58,852 | INFO | ROLLBACK
2026-07-28 19:49:00,588 | INFO | BEGIN (implicit)
2026-07-28 19:49:00,589 | INFO | SELECT users.id AS users_id, users.name AS users_name, users.email AS users_email, users.password AS users_password, users.created_at AS users_created_at 
FROM users 
WHERE users.email = %(email_1)s 
 LIMIT %(param_1)s
2026-07-28 19:49:00,589 | INFO | [cached since 2.463e+04s ago] {'email_1': 'mkevatraj@gmail.com', 'param_1': 1}
2026-07-28 19:49:00,593 | INFO | SELECT notes.id AS notes_id, notes.title AS notes_title, notes.content AS notes_content, notes.tag AS notes_tag, notes.owner_id AS notes_owner_id, notes.created_at AS notes_created_at 
FROM notes 
WHERE notes.owner_id = %(owner_id_1)s 
 LIMIT %(param_1)s, %(param_2)s
2026-07-28 19:49:00,593 | INFO | [cached since 2.428e+04s ago] {'owner_id_1': 4, 'param_1': 0, 'param_2': 10}
2026-07-28 19:49:00,596 | INFO | GET /notes Status=200 Time=9.97ms
2026-07-28 19:49:00,598 | INFO | ROLLBACK
2026-07-28 19:49:20,353 | INFO | BEGIN (implicit)
2026-07-28 19:49:20,354 | INFO | SELECT users.id AS users_id, users.name AS users_name, users.email AS users_email, users.password AS users_password, users.created_at AS users_created_at 
FROM users 
WHERE users.email = %(email_1)s 
 LIMIT %(param_1)s
2026-07-28 19:49:20,354 | INFO | [cached since 2.465e+04s ago] {'email_1': 'mkevatraj@gmail.com', 'param_1': 1}
2026-07-28 19:49:20,357 | INFO | SELECT notes.id AS notes_id, notes.title AS notes_title, notes.content AS notes_content, notes.tag AS notes_tag, notes.owner_id AS notes_owner_id, notes.created_at AS notes_created_at 
FROM notes 
WHERE notes.owner_id = %(owner_id_1)s 
 LIMIT %(param_1)s, %(param_2)s
2026-07-28 19:49:20,361 | INFO | [cached since 2.43e+04s ago] {'owner_id_1': 4, 'param_1': 0, 'param_2': 10}
2026-07-28 19:49:20,365 | INFO | GET /notes Status=200 Time=14.59ms
2026-07-28 19:49:20,367 | INFO | ROLLBACK
2026-07-28 19:49:48,803 | INFO | BEGIN (implicit)
2026-07-28 19:49:48,804 | INFO | SELECT users.id AS users_id, users.name AS users_name, users.email AS users_email, users.password AS users_password, users.created_at AS users_created_at 
FROM users 
WHERE users.email = %(email_1)s 
 LIMIT %(param_1)s
2026-07-28 19:49:48,805 | INFO | [cached since 2.468e+04s ago] {'email_1': 'mkevatraj@gmail.com', 'param_1': 1}
2026-07-28 19:49:48,809 | INFO | SELECT notes.id AS notes_id, notes.title AS notes_title, notes.content AS notes_content, notes.tag AS notes_tag, notes.owner_id AS notes_owner_id, notes.created_at AS notes_created_at 
FROM notes 
WHERE notes.owner_id = %(owner_id_1)s 
 LIMIT %(param_1)s, %(param_2)s
2026-07-28 19:49:48,812 | INFO | [cached since 2.433e+04s ago] {'owner_id_1': 4, 'param_1': 0, 'param_2': 10}
2026-07-28 19:49:48,816 | INFO | GET /notes Status=200 Time=14.84ms
2026-07-28 19:49:48,818 | INFO | ROLLBACK
2026-07-28 19:49:55,512 | INFO | BEGIN (implicit)
2026-07-28 19:49:55,513 | INFO | SELECT users.id AS users_id, users.name AS users_name, users.email AS users_email, users.password AS users_password, users.created_at AS users_created_at 
FROM users 
WHERE users.email = %(email_1)s 
 LIMIT %(param_1)s
2026-07-28 19:49:55,513 | INFO | [cached since 2.469e+04s ago] {'email_1': 'mkevatraj@gmail.com', 'param_1': 1}
2026-07-28 19:49:55,516 | INFO | SELECT notes.id AS notes_id, notes.title AS notes_title, notes.content AS notes_content, notes.tag AS notes_tag, notes.owner_id AS notes_owner_id, notes.created_at AS notes_created_at 
FROM notes 
WHERE notes.owner_id = %(owner_id_1)s 
 LIMIT %(param_1)s, %(param_2)s
2026-07-28 19:49:55,519 | INFO | [cached since 2.433e+04s ago] {'owner_id_1': 4, 'param_1': 0, 'param_2': 10}
2026-07-28 19:49:55,522 | INFO | GET /notes Status=200 Time=12.57ms
2026-07-28 19:49:55,525 | INFO | ROLLBACK
2026-07-28 19:50:17,152 | INFO | BEGIN (implicit)
2026-07-28 19:50:17,160 | INFO | SELECT users.id AS users_id, users.name AS users_name, users.email AS users_email, users.password AS users_password, users.created_at AS users_created_at 
FROM users 
WHERE users.email = %(email_1)s 
 LIMIT %(param_1)s
2026-07-28 19:50:17,161 | INFO | [cached since 2.471e+04s ago] {'email_1': 'mkevatraj@gmail.com', 'param_1': 1}
2026-07-28 19:50:17,165 | INFO | SELECT notes.id AS notes_id, notes.title AS notes_title, notes.content AS notes_content, notes.tag AS notes_tag, notes.owner_id AS notes_owner_id, notes.created_at AS notes_created_at 
FROM notes 
WHERE notes.owner_id = %(owner_id_1)s 
 LIMIT %(param_1)s, %(param_2)s
2026-07-28 19:50:17,166 | INFO | [cached since 2.436e+04s ago] {'owner_id_1': 4, 'param_1': 0, 'param_2': 10}
2026-07-28 19:50:17,174 | INFO | GET /notes Status=200 Time=24.24ms
2026-07-28 19:50:17,176 | INFO | ROLLBACK
2026-07-28 19:50:18,199 | INFO | BEGIN (implicit)
2026-07-28 19:50:18,200 | INFO | SELECT users.id AS users_id, users.name AS users_name, users.email AS users_email, users.password AS users_password, users.created_at AS users_created_at 
FROM users 
WHERE users.email = %(email_1)s 
 LIMIT %(param_1)s
2026-07-28 19:50:18,201 | INFO | [cached since 2.471e+04s ago] {'email_1': 'mkevatraj@gmail.com', 'param_1': 1}
2026-07-28 19:50:18,204 | INFO | SELECT notes.id AS notes_id, notes.title AS notes_title, notes.content AS notes_content, notes.tag AS notes_tag, notes.owner_id AS notes_owner_id, notes.created_at AS notes_created_at 
FROM notes 
WHERE notes.owner_id = %(owner_id_1)s 
 LIMIT %(param_1)s, %(param_2)s
2026-07-28 19:50:18,205 | INFO | [cached since 2.436e+04s ago] {'owner_id_1': 4, 'param_1': 0, 'param_2': 10}
2026-07-28 19:50:18,208 | INFO | GET /notes Status=200 Time=9.52ms
2026-07-28 19:50:18,209 | INFO | ROLLBACK
2026-07-28 19:50:27,376 | INFO | OPTIONS /notes/9 Status=200 Time=0.34ms
2026-07-28 19:50:27,387 | INFO | BEGIN (implicit)
2026-07-28 19:50:27,388 | INFO | SELECT users.id AS users_id, users.name AS users_name, users.email AS users_email, users.password AS users_password, users.created_at AS users_created_at 
FROM users 
WHERE users.email = %(email_1)s 
 LIMIT %(param_1)s
2026-07-28 19:50:27,388 | INFO | [cached since 2.472e+04s ago] {'email_1': 'mkevatraj@gmail.com', 'param_1': 1}
2026-07-28 19:50:27,398 | INFO | SELECT notes.id AS notes_id, notes.title AS notes_title, notes.content AS notes_content, notes.tag AS notes_tag, notes.owner_id AS notes_owner_id, notes.created_at AS notes_created_at 
FROM notes 
WHERE notes.id = %(id_1)s AND notes.owner_id = %(owner_id_1)s 
 LIMIT %(param_1)s
2026-07-28 19:50:27,399 | INFO | [cached since 2.25e+04s ago] {'id_1': 9, 'owner_id_1': 4, 'param_1': 1}
2026-07-28 19:50:27,405 | INFO | UPDATE notes SET content=%(content)s WHERE notes.id = %(notes_id)s
2026-07-28 19:50:27,406 | INFO | [cached since 2.25e+04s ago] {'content': 'This is Java java', 'notes_id': 9}
2026-07-28 19:50:27,414 | INFO | COMMIT
2026-07-28 19:50:27,429 | INFO | BEGIN (implicit)
2026-07-28 19:50:27,429 | INFO | SELECT notes.id, notes.title, notes.content, notes.tag, notes.owner_id, notes.created_at 
FROM notes 
WHERE notes.id = %(pk_1)s
2026-07-28 19:50:27,430 | INFO | [cached since 2.466e+04s ago] {'pk_1': 9}
2026-07-28 19:50:27,432 | INFO | PUT /notes/9 Status=200 Time=52.38ms
2026-07-28 19:50:27,433 | INFO | ROLLBACK
2026-07-28 19:50:27,440 | INFO | BEGIN (implicit)
2026-07-28 19:50:27,441 | INFO | SELECT users.id AS users_id, users.name AS users_name, users.email AS users_email, users.password AS users_password, users.created_at AS users_created_at 
FROM users 
WHERE users.email = %(email_1)s 
 LIMIT %(param_1)s
2026-07-28 19:50:27,441 | INFO | [cached since 2.472e+04s ago] {'email_1': 'mkevatraj@gmail.com', 'param_1': 1}
2026-07-28 19:50:27,443 | INFO | SELECT notes.id AS notes_id, notes.title AS notes_title, notes.content AS notes_content, notes.tag AS notes_tag, notes.owner_id AS notes_owner_id, notes.created_at AS notes_created_at 
FROM notes 
WHERE notes.owner_id = %(owner_id_1)s 
 LIMIT %(param_1)s, %(param_2)s
2026-07-28 19:50:27,444 | INFO | [cached since 2.437e+04s ago] {'owner_id_1': 4, 'param_1': 0, 'param_2': 10}
2026-07-28 19:50:27,447 | INFO | GET /notes Status=200 Time=9.22ms
2026-07-28 19:50:27,448 | INFO | ROLLBACK
2026-07-28 19:50:31,379 | INFO | BEGIN (implicit)
2026-07-28 19:50:31,380 | INFO | SELECT users.id AS users_id, users.name AS users_name, users.email AS users_email, users.password AS users_password, users.created_at AS users_created_at 
FROM users 
WHERE users.email = %(email_1)s 
 LIMIT %(param_1)s
2026-07-28 19:50:31,380 | INFO | [cached since 2.472e+04s ago] {'email_1': 'mkevatraj@gmail.com', 'param_1': 1}
2026-07-28 19:50:31,383 | INFO | SELECT notes.id AS notes_id, notes.title AS notes_title, notes.content AS notes_content, notes.tag AS notes_tag, notes.owner_id AS notes_owner_id, notes.created_at AS notes_created_at 
FROM notes 
WHERE notes.id = %(id_1)s AND notes.owner_id = %(owner_id_1)s 
 LIMIT %(param_1)s
2026-07-28 19:50:31,385 | INFO | [cached since 2.25e+04s ago] {'id_1': 9, 'owner_id_1': 4, 'param_1': 1}
2026-07-28 19:50:31,395 | INFO | DELETE FROM notes WHERE notes.id = %(id)s
2026-07-28 19:50:31,395 | INFO | [cached since 2.239e+04s ago] {'id': 9}
2026-07-28 19:50:31,399 | INFO | COMMIT
2026-07-28 19:50:31,414 | INFO | DELETE /notes/9 Status=200 Time=36.99ms
2026-07-28 19:50:32,572 | INFO | BEGIN (implicit)
2026-07-28 19:50:32,574 | INFO | SELECT users.id AS users_id, users.name AS users_name, users.email AS users_email, users.password AS users_password, users.created_at AS users_created_at 
FROM users 
WHERE users.email = %(email_1)s 
 LIMIT %(param_1)s
2026-07-28 19:50:32,574 | INFO | [cached since 2.472e+04s ago] {'email_1': 'mkevatraj@gmail.com', 'param_1': 1}
2026-07-28 19:50:32,578 | INFO | SELECT notes.id AS notes_id, notes.title AS notes_title, notes.content AS notes_content, notes.tag AS notes_tag, notes.owner_id AS notes_owner_id, notes.created_at AS notes_created_at 
FROM notes 
WHERE notes.owner_id = %(owner_id_1)s 
 LIMIT %(param_1)s, %(param_2)s
2026-07-28 19:50:32,578 | INFO | [cached since 2.437e+04s ago] {'owner_id_1': 4, 'param_1': 0, 'param_2': 10}
2026-07-28 19:50:32,581 | INFO | GET /notes Status=200 Time=12.89ms
2026-07-28 19:50:32,584 | INFO | ROLLBACK
2026-07-28 20:40:15,246 | INFO | BEGIN (implicit)
2026-07-28 20:40:15,249 | INFO | SELECT users.id AS users_id, users.name AS users_name, users.email AS users_email, users.password AS users_password, users.created_at AS users_created_at 
FROM users 
WHERE users.email = %(email_1)s 
 LIMIT %(param_1)s
2026-07-28 20:40:15,250 | INFO | [cached since 2.771e+04s ago] {'email_1': 'mkevatraj@gmail.com', 'param_1': 1}
2026-07-28 20:40:15,588 | INFO | POST /login Status=200 Time=364.87ms
2026-07-28 20:40:15,590 | INFO | ROLLBACK
2026-07-28 20:40:29,026 | INFO | OPTIONS /notes Status=200 Time=0.55ms
2026-07-28 20:40:29,044 | INFO | BEGIN (implicit)
2026-07-28 20:40:29,047 | INFO | SELECT users.id AS users_id, users.name AS users_name, users.email AS users_email, users.password AS users_password, users.created_at AS users_created_at 
FROM users 
WHERE users.email = %(email_1)s 
 LIMIT %(param_1)s
2026-07-28 20:40:29,049 | INFO | [cached since 2.772e+04s ago] {'email_1': 'mkevatraj@gmail.com', 'param_1': 1}
2026-07-28 20:40:29,057 | INFO | SELECT notes.id AS notes_id, notes.title AS notes_title, notes.content AS notes_content, notes.tag AS notes_tag, notes.owner_id AS notes_owner_id, notes.created_at AS notes_created_at 
FROM notes 
WHERE notes.owner_id = %(owner_id_1)s 
 LIMIT %(param_1)s, %(param_2)s
2026-07-28 20:40:29,059 | INFO | [cached since 2.737e+04s ago] {'owner_id_1': 4, 'param_1': 0, 'param_2': 10}
2026-07-28 20:40:29,075 | INFO | GET /notes Status=200 Time=34.8ms
2026-07-28 20:40:29,077 | INFO | ROLLBACK
2026-07-28 20:40:40,003 | INFO | OPTIONS /notes/semantic-search Status=200 Time=2.44ms
2026-07-28 20:40:40,015 | INFO | BEGIN (implicit)
2026-07-28 20:40:40,016 | INFO | SELECT users.id AS users_id, users.name AS users_name, users.email AS users_email, users.password AS users_password, users.created_at AS users_created_at 
FROM users 
WHERE users.email = %(email_1)s 
 LIMIT %(param_1)s
2026-07-28 20:40:40,016 | INFO | [cached since 2.773e+04s ago] {'email_1': 'mkevatraj@gmail.com', 'param_1': 1}
2026-07-28 20:40:40,020 | INFO | SELECT notes.id AS notes_id, notes.title AS notes_title, notes.content AS notes_content, notes.tag AS notes_tag, notes.owner_id AS notes_owner_id, notes.created_at AS notes_created_at 
FROM notes 
WHERE notes.owner_id = %(owner_id_1)s
2026-07-28 20:40:40,021 | INFO | [cached since 1.886e+04s ago] {'owner_id_1': 4}
2026-07-28 20:40:40,145 | INFO | POST /notes/semantic-search Status=200 Time=133.72ms
2026-07-28 20:40:40,149 | INFO | ROLLBACK
2026-07-28 20:40:40,282 | INFO | BEGIN (implicit)
2026-07-28 20:40:40,284 | INFO | SELECT users.id AS users_id, users.name AS users_name, users.email AS users_email, users.password AS users_password, users.created_at AS users_created_at 
FROM users 
WHERE users.email = %(email_1)s 
 LIMIT %(param_1)s
2026-07-28 20:40:40,284 | INFO | [cached since 2.773e+04s ago] {'email_1': 'mkevatraj@gmail.com', 'param_1': 1}
2026-07-28 20:40:40,287 | INFO | SELECT notes.id AS notes_id, notes.title AS notes_title, notes.content AS notes_content, notes.tag AS notes_tag, notes.owner_id AS notes_owner_id, notes.created_at AS notes_created_at 
FROM notes 
WHERE notes.owner_id = %(owner_id_1)s
2026-07-28 20:40:40,287 | INFO | [cached since 1.887e+04s ago] {'owner_id_1': 4}
2026-07-28 20:40:40,353 | INFO | POST /notes/semantic-search Status=200 Time=78.29ms
2026-07-28 20:40:40,355 | INFO | ROLLBACK
2026-07-28 20:40:41,742 | INFO | BEGIN (implicit)
2026-07-28 20:40:41,744 | INFO | SELECT users.id AS users_id, users.name AS users_name, users.email AS users_email, users.password AS users_password, users.created_at AS users_created_at 
FROM users 
WHERE users.email = %(email_1)s 
 LIMIT %(param_1)s
2026-07-28 20:40:41,745 | INFO | [cached since 2.773e+04s ago] {'email_1': 'mkevatraj@gmail.com', 'param_1': 1}
2026-07-28 20:40:41,750 | INFO | SELECT notes.id AS notes_id, notes.title AS notes_title, notes.content AS notes_content, notes.tag AS notes_tag, notes.owner_id AS notes_owner_id, notes.created_at AS notes_created_at 
FROM notes 
WHERE notes.owner_id = %(owner_id_1)s
2026-07-28 20:40:41,750 | INFO | [cached since 1.887e+04s ago] {'owner_id_1': 4}
2026-07-28 20:40:41,830 | INFO | POST /notes/semantic-search Status=200 Time=93.65ms
2026-07-28 20:40:41,832 | INFO | ROLLBACK
2026-07-28 20:40:41,911 | INFO | BEGIN (implicit)
2026-07-28 20:40:41,912 | INFO | SELECT users.id AS users_id, users.name AS users_name, users.email AS users_email, users.password AS users_password, users.created_at AS users_created_at 
FROM users 
WHERE users.email = %(email_1)s 
 LIMIT %(param_1)s
2026-07-28 20:40:41,912 | INFO | [cached since 2.773e+04s ago] {'email_1': 'mkevatraj@gmail.com', 'param_1': 1}
2026-07-28 20:40:41,916 | INFO | SELECT notes.id AS notes_id, notes.title AS notes_title, notes.content AS notes_content, notes.tag AS notes_tag, notes.owner_id AS notes_owner_id, notes.created_at AS notes_created_at 
FROM notes 
WHERE notes.owner_id = %(owner_id_1)s 
 LIMIT %(param_1)s, %(param_2)s
2026-07-28 20:40:41,917 | INFO | [cached since 2.738e+04s ago] {'owner_id_1': 4, 'param_1': 0, 'param_2': 10}
2026-07-28 20:40:41,920 | INFO | GET /notes Status=200 Time=12.27ms
2026-07-28 20:40:41,922 | INFO | ROLLBACK
2026-07-28 20:40:42,602 | INFO | BEGIN (implicit)
2026-07-28 20:40:42,604 | INFO | SELECT users.id AS users_id, users.name AS users_name, users.email AS users_email, users.password AS users_password, users.created_at AS users_created_at 
FROM users 
WHERE users.email = %(email_1)s 
 LIMIT %(param_1)s
2026-07-28 20:40:42,605 | INFO | [cached since 2.773e+04s ago] {'email_1': 'mkevatraj@gmail.com', 'param_1': 1}
2026-07-28 20:40:42,610 | INFO | SELECT notes.id AS notes_id, notes.title AS notes_title, notes.content AS notes_content, notes.tag AS notes_tag, notes.owner_id AS notes_owner_id, notes.created_at AS notes_created_at 
FROM notes 
WHERE notes.owner_id = %(owner_id_1)s
2026-07-28 20:40:42,611 | INFO | [cached since 1.887e+04s ago] {'owner_id_1': 4}
2026-07-28 20:40:42,675 | INFO | POST /notes/semantic-search Status=200 Time=83.43ms
2026-07-28 20:40:42,679 | INFO | ROLLBACK
2026-07-28 20:40:42,789 | INFO | BEGIN (implicit)
2026-07-28 20:40:42,790 | INFO | SELECT users.id AS users_id, users.name AS users_name, users.email AS users_email, users.password AS users_password, users.created_at AS users_created_at 
FROM users 
WHERE users.email = %(email_1)s 
 LIMIT %(param_1)s
2026-07-28 20:40:42,790 | INFO | [cached since 2.773e+04s ago] {'email_1': 'mkevatraj@gmail.com', 'param_1': 1}
2026-07-28 20:40:42,793 | INFO | SELECT notes.id AS notes_id, notes.title AS notes_title, notes.content AS notes_content, notes.tag AS notes_tag, notes.owner_id AS notes_owner_id, notes.created_at AS notes_created_at 
FROM notes 
WHERE notes.owner_id = %(owner_id_1)s
2026-07-28 20:40:42,793 | INFO | [cached since 1.887e+04s ago] {'owner_id_1': 4}
2026-07-28 20:40:42,849 | INFO | POST /notes/semantic-search Status=200 Time=63.09ms
2026-07-28 20:40:42,851 | INFO | ROLLBACK
2026-07-28 20:40:42,865 | INFO | BEGIN (implicit)
2026-07-28 20:40:42,866 | INFO | SELECT users.id AS users_id, users.name AS users_name, users.email AS users_email, users.password AS users_password, users.created_at AS users_created_at 
FROM users 
WHERE users.email = %(email_1)s 
 LIMIT %(param_1)s
2026-07-28 20:40:42,866 | INFO | [cached since 2.774e+04s ago] {'email_1': 'mkevatraj@gmail.com', 'param_1': 1}
2026-07-28 20:40:42,869 | INFO | SELECT notes.id AS notes_id, notes.title AS notes_title, notes.content AS notes_content, notes.tag AS notes_tag, notes.owner_id AS notes_owner_id, notes.created_at AS notes_created_at 
FROM notes 
WHERE notes.owner_id = %(owner_id_1)s
2026-07-28 20:40:42,869 | INFO | [cached since 1.887e+04s ago] {'owner_id_1': 4}
2026-07-28 20:40:42,939 | INFO | POST /notes/semantic-search Status=200 Time=80.12ms
2026-07-28 20:40:42,941 | INFO | ROLLBACK
2026-07-28 20:40:43,731 | INFO | BEGIN (implicit)
2026-07-28 20:40:43,733 | INFO | SELECT users.id AS users_id, users.name AS users_name, users.email AS users_email, users.password AS users_password, users.created_at AS users_created_at 
FROM users 
WHERE users.email = %(email_1)s 
 LIMIT %(param_1)s
2026-07-28 20:40:43,733 | INFO | [cached since 2.774e+04s ago] {'email_1': 'mkevatraj@gmail.com', 'param_1': 1}
2026-07-28 20:40:43,737 | INFO | SELECT notes.id AS notes_id, notes.title AS notes_title, notes.content AS notes_content, notes.tag AS notes_tag, notes.owner_id AS notes_owner_id, notes.created_at AS notes_created_at 
FROM notes 
WHERE notes.owner_id = %(owner_id_1)s
2026-07-28 20:40:43,737 | INFO | [cached since 1.887e+04s ago] {'owner_id_1': 4}
2026-07-28 20:40:43,817 | INFO | POST /notes/semantic-search Status=200 Time=92.97ms
2026-07-28 20:40:43,819 | INFO | ROLLBACK
2026-07-28 20:40:43,879 | INFO | BEGIN (implicit)
2026-07-28 20:40:43,880 | INFO | SELECT users.id AS users_id, users.name AS users_name, users.email AS users_email, users.password AS users_password, users.created_at AS users_created_at 
FROM users 
WHERE users.email = %(email_1)s 
 LIMIT %(param_1)s
2026-07-28 20:40:43,880 | INFO | [cached since 2.774e+04s ago] {'email_1': 'mkevatraj@gmail.com', 'param_1': 1}
2026-07-28 20:40:43,883 | INFO | SELECT notes.id AS notes_id, notes.title AS notes_title, notes.content AS notes_content, notes.tag AS notes_tag, notes.owner_id AS notes_owner_id, notes.created_at AS notes_created_at 
FROM notes 
WHERE notes.owner_id = %(owner_id_1)s
2026-07-28 20:40:43,883 | INFO | [cached since 1.887e+04s ago] {'owner_id_1': 4}
2026-07-28 20:40:43,947 | INFO | POST /notes/semantic-search Status=200 Time=71.47ms
2026-07-28 20:40:43,949 | INFO | ROLLBACK
2026-07-28 20:40:44,919 | INFO | BEGIN (implicit)
2026-07-28 20:40:44,920 | INFO | SELECT users.id AS users_id, users.name AS users_name, users.email AS users_email, users.password AS users_password, users.created_at AS users_created_at 
FROM users 
WHERE users.email = %(email_1)s 
 LIMIT %(param_1)s
2026-07-28 20:40:44,921 | INFO | [cached since 2.774e+04s ago] {'email_1': 'mkevatraj@gmail.com', 'param_1': 1}
2026-07-28 20:40:44,928 | INFO | SELECT notes.id AS notes_id, notes.title AS notes_title, notes.content AS notes_content, notes.tag AS notes_tag, notes.owner_id AS notes_owner_id, notes.created_at AS notes_created_at 
FROM notes 
WHERE notes.owner_id = %(owner_id_1)s 
 LIMIT %(param_1)s, %(param_2)s
2026-07-28 20:40:44,929 | INFO | [cached since 2.738e+04s ago] {'owner_id_1': 4, 'param_1': 0, 'param_2': 10}
2026-07-28 20:40:44,934 | INFO | GET /notes Status=200 Time=18.88ms
2026-07-28 20:40:44,936 | INFO | ROLLBACK
2026-07-28 20:41:02,246 | INFO | BEGIN (implicit)
2026-07-28 20:41:02,246 | INFO | SELECT users.id AS users_id, users.name AS users_name, users.email AS users_email, users.password AS users_password, users.created_at AS users_created_at 
FROM users 
WHERE users.email = %(email_1)s 
 LIMIT %(param_1)s
2026-07-28 20:41:02,247 | INFO | [cached since 2.775e+04s ago] {'email_1': 'mkevatraj@gmail.com', 'param_1': 1}
2026-07-28 20:41:02,249 | INFO | SELECT notes.id AS notes_id, notes.title AS notes_title, notes.content AS notes_content, notes.tag AS notes_tag, notes.owner_id AS notes_owner_id, notes.created_at AS notes_created_at 
FROM notes 
WHERE notes.owner_id = %(owner_id_1)s 
 LIMIT %(param_1)s, %(param_2)s
2026-07-28 20:41:02,250 | INFO | [cached since 2.74e+04s ago] {'owner_id_1': 4, 'param_1': 0, 'param_2': 10}
2026-07-28 20:41:02,252 | INFO | GET /notes Status=200 Time=7.91ms
2026-07-28 20:41:02,254 | INFO | ROLLBACK
2026-07-28 20:41:12,542 | INFO | OPTIONS /notes/10 Status=200 Time=0.44ms
2026-07-28 20:41:12,550 | INFO | BEGIN (implicit)
2026-07-28 20:41:12,551 | INFO | SELECT users.id AS users_id, users.name AS users_name, users.email AS users_email, users.password AS users_password, users.created_at AS users_created_at 
FROM users 
WHERE users.email = %(email_1)s 
 LIMIT %(param_1)s
2026-07-28 20:41:12,551 | INFO | [cached since 2.776e+04s ago] {'email_1': 'mkevatraj@gmail.com', 'param_1': 1}
2026-07-28 20:41:12,556 | INFO | SELECT notes.id AS notes_id, notes.title AS notes_title, notes.content AS notes_content, notes.tag AS notes_tag, notes.owner_id AS notes_owner_id, notes.created_at AS notes_created_at 
FROM notes 
WHERE notes.id = %(id_1)s AND notes.owner_id = %(owner_id_1)s 
 LIMIT %(param_1)s
2026-07-28 20:41:12,557 | INFO | [cached since 2.554e+04s ago] {'id_1': 10, 'owner_id_1': 4, 'param_1': 1}
2026-07-28 20:41:12,564 | INFO | UPDATE notes SET content=%(content)s WHERE notes.id = %(notes_id)s
2026-07-28 20:41:12,564 | INFO | [cached since 2.554e+04s ago] {'content': 'This is html html', 'notes_id': 10}
2026-07-28 20:41:12,568 | INFO | COMMIT
2026-07-28 20:41:12,575 | INFO | BEGIN (implicit)
2026-07-28 20:41:12,576 | INFO | SELECT notes.id, notes.title, notes.content, notes.tag, notes.owner_id, notes.created_at 
FROM notes 
WHERE notes.id = %(pk_1)s
2026-07-28 20:41:12,577 | INFO | [cached since 2.771e+04s ago] {'pk_1': 10}
2026-07-28 20:41:12,579 | INFO | PUT /notes/10 Status=200 Time=31.8ms
2026-07-28 20:41:12,581 | INFO | ROLLBACK
2026-07-28 20:41:12,590 | INFO | BEGIN (implicit)
2026-07-28 20:41:12,591 | INFO | SELECT users.id AS users_id, users.name AS users_name, users.email AS users_email, users.password AS users_password, users.created_at AS users_created_at 
FROM users 
WHERE users.email = %(email_1)s 
 LIMIT %(param_1)s
2026-07-28 20:41:12,593 | INFO | [cached since 2.776e+04s ago] {'email_1': 'mkevatraj@gmail.com', 'param_1': 1}
2026-07-28 20:41:12,596 | INFO | SELECT notes.id AS notes_id, notes.title AS notes_title, notes.content AS notes_content, notes.tag AS notes_tag, notes.owner_id AS notes_owner_id, notes.created_at AS notes_created_at 
FROM notes 
WHERE notes.owner_id = %(owner_id_1)s 
 LIMIT %(param_1)s, %(param_2)s
2026-07-28 20:41:12,597 | INFO | [cached since 2.741e+04s ago] {'owner_id_1': 4, 'param_1': 0, 'param_2': 10}
2026-07-28 20:41:12,601 | INFO | GET /notes Status=200 Time=14.75ms
2026-07-28 20:41:12,602 | INFO | ROLLBACK
2026-07-28 20:41:22,851 | INFO | BEGIN (implicit)
2026-07-28 20:41:22,851 | INFO | SELECT users.id AS users_id, users.name AS users_name, users.email AS users_email, users.password AS users_password, users.created_at AS users_created_at 
FROM users 
WHERE users.email = %(email_1)s 
 LIMIT %(param_1)s
2026-07-28 20:41:22,852 | INFO | [cached since 2.777e+04s ago] {'email_1': 'mkevatraj@gmail.com', 'param_1': 1}
2026-07-28 20:41:22,859 | INFO | SELECT notes.id AS notes_id, notes.title AS notes_title, notes.content AS notes_content, notes.tag AS notes_tag, notes.owner_id AS notes_owner_id, notes.created_at AS notes_created_at 
FROM notes 
WHERE notes.id = %(id_1)s AND notes.owner_id = %(owner_id_1)s 
 LIMIT %(param_1)s
2026-07-28 20:41:22,859 | INFO | [cached since 2.555e+04s ago] {'id_1': 10, 'owner_id_1': 4, 'param_1': 1}
2026-07-28 20:41:22,864 | INFO | DELETE FROM notes WHERE notes.id = %(id)s
2026-07-28 20:41:22,864 | INFO | [cached since 2.544e+04s ago] {'id': 10}
2026-07-28 20:41:22,868 | INFO | COMMIT
2026-07-28 20:41:22,882 | INFO | DELETE /notes/10 Status=200 Time=32.96ms
2026-07-28 20:41:23,915 | INFO | BEGIN (implicit)
2026-07-28 20:41:23,915 | INFO | SELECT users.id AS users_id, users.name AS users_name, users.email AS users_email, users.password AS users_password, users.created_at AS users_created_at 
FROM users 
WHERE users.email = %(email_1)s 
 LIMIT %(param_1)s
2026-07-28 20:41:23,916 | INFO | [cached since 2.778e+04s ago] {'email_1': 'mkevatraj@gmail.com', 'param_1': 1}
2026-07-28 20:41:23,919 | INFO | SELECT notes.id AS notes_id, notes.title AS notes_title, notes.content AS notes_content, notes.tag AS notes_tag, notes.owner_id AS notes_owner_id, notes.created_at AS notes_created_at 
FROM notes 
WHERE notes.owner_id = %(owner_id_1)s 
 LIMIT %(param_1)s, %(param_2)s
2026-07-28 20:41:23,928 | INFO | [cached since 2.742e+04s ago] {'owner_id_1': 4, 'param_1': 0, 'param_2': 10}
2026-07-28 20:41:23,931 | INFO | GET /notes Status=200 Time=18.3ms
2026-07-28 20:41:23,933 | INFO | ROLLBACK
2026-07-28 21:02:58,859 | INFO | OPTIONS /notes Status=200 Time=0.69ms
2026-07-28 21:02:58,931 | INFO | BEGIN (implicit)
2026-07-28 21:02:58,936 | INFO | SELECT users.id AS users_id, users.name AS users_name, users.email AS users_email, users.password AS users_password, users.created_at AS users_created_at 
FROM users 
WHERE users.email = %(email_1)s 
 LIMIT %(param_1)s
2026-07-28 21:02:58,938 | INFO | [cached since 2.907e+04s ago] {'email_1': 'mkevatraj@gmail.com', 'param_1': 1}
2026-07-28 21:02:58,942 | INFO | SELECT notes.id AS notes_id, notes.title AS notes_title, notes.content AS notes_content, notes.tag AS notes_tag, notes.owner_id AS notes_owner_id, notes.created_at AS notes_created_at 
FROM notes 
WHERE notes.owner_id = %(owner_id_1)s 
 LIMIT %(param_1)s, %(param_2)s
2026-07-28 21:02:58,943 | INFO | [cached since 2.872e+04s ago] {'owner_id_1': 4, 'param_1': 0, 'param_2': 10}
2026-07-28 21:02:58,953 | INFO | GET /notes Status=200 Time=29.16ms
2026-07-28 21:02:58,956 | INFO | ROLLBACK
2026-07-28 21:35:17,572 | INFO | OPTIONS /notes Status=200 Time=1.21ms
2026-07-28 21:35:17,642 | INFO | BEGIN (implicit)
2026-07-28 21:35:17,644 | INFO | SELECT users.id AS users_id, users.name AS users_name, users.email AS users_email, users.password AS users_password, users.created_at AS users_created_at 
FROM users 
WHERE users.email = %(email_1)s 
 LIMIT %(param_1)s
2026-07-28 21:35:17,645 | INFO | [cached since 3.101e+04s ago] {'email_1': 'mkevatraj@gmail.com', 'param_1': 1}
2026-07-28 21:35:17,651 | INFO | SELECT notes.id AS notes_id, notes.title AS notes_title, notes.content AS notes_content, notes.tag AS notes_tag, notes.owner_id AS notes_owner_id, notes.created_at AS notes_created_at 
FROM notes 
WHERE notes.owner_id = %(owner_id_1)s 
 LIMIT %(param_1)s, %(param_2)s
2026-07-28 21:35:17,658 | INFO | [cached since 3.066e+04s ago] {'owner_id_1': 4, 'param_1': 0, 'param_2': 10}
2026-07-28 21:35:17,662 | INFO | GET /notes Status=200 Time=26.1ms
2026-07-28 21:35:17,664 | INFO | ROLLBACK
2026-07-28 21:36:06,914 | INFO | OPTIONS /notes/import Status=200 Time=0.31ms
2026-07-28 21:36:06,925 | INFO | POST /notes/import Status=405 Time=6.41ms
2026-07-28 21:39:22,895 | INFO | POST /notes/import Status=405 Time=1.04ms
2026-07-28 21:42:28,219 | INFO | GET /notes Status=401 Time=5.34ms
2026-07-28 21:43:08,197 | INFO | SELECT DATABASE()
2026-07-28 21:43:08,197 | INFO | [raw sql] {}
2026-07-28 21:43:08,199 | INFO | SELECT @@sql_mode
2026-07-28 21:43:08,199 | INFO | [raw sql] {}
2026-07-28 21:43:08,201 | INFO | SELECT @@lower_case_table_names
2026-07-28 21:43:08,201 | INFO | [raw sql] {}
2026-07-28 21:43:08,204 | INFO | BEGIN (implicit)
2026-07-28 21:43:08,205 | INFO | DESCRIBE `zomato_notes`.`users`
2026-07-28 21:43:08,205 | INFO | [raw sql] {}
2026-07-28 21:43:08,236 | INFO | DESCRIBE `zomato_notes`.`notes`
2026-07-28 21:43:08,236 | INFO | [raw sql] {}
2026-07-28 21:43:08,241 | INFO | COMMIT
2026-07-28 21:43:12,384 | INFO | GET /notes Status=401 Time=494.43ms
2026-07-28 21:43:12,544 | INFO | GET /notes Status=401 Time=4.48ms
2026-07-28 21:43:46,843 | INFO | SELECT DATABASE()
2026-07-28 21:43:46,843 | INFO | [raw sql] {}
2026-07-28 21:43:46,845 | INFO | SELECT @@sql_mode
2026-07-28 21:43:46,846 | INFO | [raw sql] {}
2026-07-28 21:43:46,847 | INFO | SELECT @@lower_case_table_names
2026-07-28 21:43:46,847 | INFO | [raw sql] {}
2026-07-28 21:43:46,849 | INFO | BEGIN (implicit)
2026-07-28 21:43:46,849 | INFO | DESCRIBE `zomato_notes`.`users`
2026-07-28 21:43:46,850 | INFO | [raw sql] {}
2026-07-28 21:43:46,862 | INFO | DESCRIBE `zomato_notes`.`notes`
2026-07-28 21:43:46,862 | INFO | [raw sql] {}
2026-07-28 21:43:46,866 | INFO | COMMIT
2026-07-28 21:43:46,998 | INFO | GET /notes Status=401 Time=17.39ms
2026-07-28 21:43:46,999 | INFO | GET /notes Status=401 Time=17.59ms
2026-07-28 21:43:47,834 | INFO | GET /notes Status=401 Time=5.25ms
2026-07-28 21:43:58,458 | INFO | POST /notes/import Status=401 Time=6.51ms
2026-07-28 21:44:01,384 | INFO | POST /notes/import Status=401 Time=7.53ms
2026-07-28 21:44:06,264 | INFO | GET /docs Status=200 Time=0.79ms
2026-07-28 21:44:06,590 | INFO | GET /openapi.json Status=200 Time=201.17ms
2026-07-28 21:44:10,996 | INFO | BEGIN (implicit)
2026-07-28 21:44:11,000 | INFO | SELECT users.id AS users_id, users.name AS users_name, users.email AS users_email, users.password AS users_password, users.created_at AS users_created_at 
FROM users 
WHERE users.email = %(email_1)s 
 LIMIT %(param_1)s
2026-07-28 21:44:11,001 | INFO | [generated in 0.00048s] {'email_1': 'manish5@example.com', 'param_1': 1}
2026-07-28 21:44:11,337 | INFO | POST /login Status=200 Time=354.96ms
2026-07-28 21:44:11,339 | INFO | ROLLBACK
2026-07-28 21:44:25,439 | INFO | GET /notes Status=401 Time=3.12ms
2026-07-28 21:45:59,169 | INFO | POST /notes/import Status=401 Time=5.76ms
2026-07-28 21:46:13,040 | INFO | OPTIONS /notes/import Status=200 Time=0.57ms
2026-07-28 21:46:13,055 | INFO | POST /notes/import Status=401 Time=3.93ms
2026-07-28 21:48:12,287 | INFO | OPTIONS /notes Status=200 Time=0.44ms
2026-07-28 21:48:12,298 | INFO | GET /notes Status=401 Time=2.97ms
2026-07-28 21:48:12,894 | INFO | GET /notes Status=401 Time=181.92ms
2026-07-28 21:48:13,697 | INFO | GET /notes Status=401 Time=2.97ms
2026-07-28 21:48:14,734 | INFO | GET /notes Status=401 Time=3.03ms
2026-07-28 21:48:15,480 | INFO | GET /notes Status=401 Time=3.08ms
2026-07-28 21:48:17,051 | INFO | GET /notes Status=401 Time=3.51ms
2026-07-28 21:48:17,514 | INFO | GET /notes Status=401 Time=2.79ms
2026-07-28 21:48:18,476 | INFO | GET /notes Status=401 Time=3.18ms
2026-07-28 21:48:29,339 | INFO | GET /notes Status=401 Time=3.43ms
2026-07-28 21:48:29,971 | INFO | GET /notes Status=401 Time=6.72ms
2026-07-28 21:48:30,238 | INFO | GET /notes Status=401 Time=12.91ms
2026-07-28 21:48:30,509 | INFO | GET /notes Status=401 Time=4.2ms
2026-07-28 21:48:37,706 | INFO | POST /notes/import Status=401 Time=5.55ms
2026-07-28 21:48:46,551 | INFO | POST /notes/import Status=401 Time=5.68ms
2026-07-28 21:48:58,352 | INFO | POST /notes/import Status=401 Time=5.3ms
2026-07-28 21:49:00,943 | INFO | POST /notes/import Status=401 Time=5.06ms
2026-07-28 21:51:45,416 | INFO | POST /notes/import Status=401 Time=5.95ms
2026-07-28 21:51:49,536 | INFO | POST /notes/import Status=401 Time=5.24ms
2026-07-28 21:53:52,248 | INFO | BEGIN (implicit)
2026-07-28 21:53:52,249 | INFO | SELECT users.id AS users_id, users.name AS users_name, users.email AS users_email, users.password AS users_password, users.created_at AS users_created_at 
FROM users 
WHERE users.email = %(email_1)s 
 LIMIT %(param_1)s
2026-07-28 21:53:52,249 | INFO | [cached since 581.2s ago] {'email_1': 'manish5@example.com', 'param_1': 1}
2026-07-28 21:53:52,256 | INFO | SELECT notes.id AS notes_id, notes.title AS notes_title, notes.content AS notes_content, notes.tag AS notes_tag, notes.owner_id AS notes_owner_id, notes.created_at AS notes_created_at 
FROM notes 
WHERE notes.owner_id = %(owner_id_1)s 
 LIMIT %(param_1)s, %(param_2)s
2026-07-28 21:53:52,256 | INFO | [generated in 0.00048s] {'owner_id_1': 3, 'param_1': 0, 'param_2': 10}
2026-07-28 21:53:52,266 | INFO | GET /notes Status=200 Time=21.35ms
2026-07-28 21:53:52,267 | INFO | ROLLBACK
2026-07-28 21:57:23,355 | INFO | GET /notes Status=401 Time=3.02ms
2026-07-28 21:57:53,417 | INFO | SELECT DATABASE()
2026-07-28 21:57:53,418 | INFO | [raw sql] {}
2026-07-28 21:57:53,419 | INFO | SELECT @@sql_mode
2026-07-28 21:57:53,420 | INFO | [raw sql] {}
2026-07-28 21:57:53,421 | INFO | SELECT @@lower_case_table_names
2026-07-28 21:57:53,421 | INFO | [raw sql] {}
2026-07-28 21:57:53,423 | INFO | BEGIN (implicit)
2026-07-28 21:57:53,423 | INFO | DESCRIBE `zomato_notes`.`users`
2026-07-28 21:57:53,423 | INFO | [raw sql] {}
2026-07-28 21:57:53,437 | INFO | DESCRIBE `zomato_notes`.`notes`
2026-07-28 21:57:53,437 | INFO | [raw sql] {}
2026-07-28 21:57:53,440 | INFO | COMMIT
2026-07-28 21:59:34,147 | INFO | SELECT DATABASE()
2026-07-28 21:59:34,147 | INFO | [raw sql] {}
2026-07-28 21:59:34,149 | INFO | SELECT @@sql_mode
2026-07-28 21:59:34,149 | INFO | [raw sql] {}
2026-07-28 21:59:34,150 | INFO | SELECT @@lower_case_table_names
2026-07-28 21:59:34,151 | INFO | [raw sql] {}
2026-07-28 21:59:34,153 | INFO | BEGIN (implicit)
2026-07-28 21:59:34,153 | INFO | DESCRIBE `zomato_notes`.`users`
2026-07-28 21:59:34,153 | INFO | [raw sql] {}
2026-07-28 21:59:34,169 | INFO | DESCRIBE `zomato_notes`.`notes`
2026-07-28 21:59:34,169 | INFO | [raw sql] {}
2026-07-28 21:59:34,173 | INFO | COMMIT
2026-07-28 21:59:45,127 | INFO | GET /docs Status=200 Time=0.42ms
2026-07-28 21:59:45,591 | INFO | GET /openapi.json Status=200 Time=179.18ms
2026-07-28 21:59:52,561 | INFO | BEGIN (implicit)
2026-07-28 21:59:52,566 | INFO | SELECT users.id AS users_id, users.name AS users_name, users.email AS users_email, users.password AS users_password, users.created_at AS users_created_at 
FROM users 
WHERE users.email = %(email_1)s 
 LIMIT %(param_1)s
2026-07-28 21:59:52,566 | INFO | [generated in 0.00048s] {'email_1': 'manish5@example.com', 'param_1': 1}
2026-07-28 21:59:52,927 | INFO | POST /login Status=200 Time=376.91ms
2026-07-28 21:59:52,930 | INFO | ROLLBACK
2026-07-28 21:59:56,424 | INFO | OPTIONS /notes Status=200 Time=0.45ms
2026-07-28 21:59:56,487 | INFO | GET /notes Status=401 Time=8.78ms
2026-07-28 21:59:59,291 | INFO | GET /notes Status=401 Time=4.58ms
2026-07-28 21:59:59,859 | INFO | GET /notes Status=401 Time=6.07ms
2026-07-28 22:00:00,259 | INFO | GET /notes Status=401 Time=7.15ms
2026-07-28 22:00:08,491 | INFO | OPTIONS /notes/import Status=200 Time=0.63ms
2026-07-28 22:00:08,506 | INFO | POST /notes/import Status=401 Time=8.77ms
2026-07-28 22:00:23,262 | INFO | POST /notes/import Status=401 Time=14.65ms
2026-07-28 22:03:06,513 | INFO | GET /notes Status=401 Time=586.97ms
2026-07-28 22:03:06,650 | INFO | GET /notes Status=401 Time=23.51ms
2026-07-28 22:03:45,565 | INFO | SELECT DATABASE()
2026-07-28 22:03:45,566 | INFO | [raw sql] {}
2026-07-28 22:03:45,567 | INFO | SELECT @@sql_mode
2026-07-28 22:03:45,567 | INFO | [raw sql] {}
2026-07-28 22:03:45,568 | INFO | SELECT @@lower_case_table_names
2026-07-28 22:03:45,569 | INFO | [raw sql] {}
2026-07-28 22:03:45,570 | INFO | BEGIN (implicit)
2026-07-28 22:03:45,571 | INFO | DESCRIBE `zomato_notes`.`users`
2026-07-28 22:03:45,571 | INFO | [raw sql] {}
2026-07-28 22:03:45,586 | INFO | DESCRIBE `zomato_notes`.`notes`
2026-07-28 22:03:45,587 | INFO | [raw sql] {}
2026-07-28 22:03:45,590 | INFO | COMMIT
2026-07-28 22:04:14,520 | INFO | SELECT DATABASE()
2026-07-28 22:04:14,520 | INFO | [raw sql] {}
2026-07-28 22:04:14,522 | INFO | SELECT @@sql_mode
2026-07-28 22:04:14,522 | INFO | [raw sql] {}
2026-07-28 22:04:14,523 | INFO | SELECT @@lower_case_table_names
2026-07-28 22:04:14,523 | INFO | [raw sql] {}
2026-07-28 22:04:14,524 | INFO | BEGIN (implicit)
2026-07-28 22:04:14,525 | INFO | DESCRIBE `zomato_notes`.`users`
2026-07-28 22:04:14,525 | INFO | [raw sql] {}
2026-07-28 22:04:14,533 | INFO | DESCRIBE `zomato_notes`.`notes`
2026-07-28 22:04:14,533 | INFO | [raw sql] {}
2026-07-28 22:04:14,536 | INFO | COMMIT
2026-07-28 22:04:14,627 | INFO | GET /notes Status=401 Time=18.84ms
2026-07-28 22:04:14,628 | INFO | GET /notes Status=401 Time=19.96ms
2026-07-28 22:04:14,629 | INFO | GET /notes Status=401 Time=20.62ms
2026-07-28 22:04:14,631 | INFO | GET /notes Status=401 Time=22.11ms
2026-07-28 22:05:04,267 | INFO | GET /notes Status=401 Time=5.03ms
2026-07-28 22:05:04,790 | INFO | GET /notes Status=401 Time=22.77ms
2026-07-28 22:05:12,618 | INFO | POST /notes/import Status=401 Time=11.34ms
2026-07-28 22:05:32,557 | INFO | GET /notes Status=401 Time=3.73ms
2026-07-28 22:05:33,172 | INFO | GET /notes Status=401 Time=13.46ms
2026-07-28 22:05:34,033 | INFO | GET /notes Status=401 Time=2.89ms
2026-07-28 22:06:26,866 | INFO | SELECT DATABASE()
2026-07-28 22:06:26,866 | INFO | [raw sql] {}
2026-07-28 22:06:26,868 | INFO | SELECT @@sql_mode
2026-07-28 22:06:26,868 | INFO | [raw sql] {}
2026-07-28 22:06:26,869 | INFO | SELECT @@lower_case_table_names
2026-07-28 22:06:26,869 | INFO | [raw sql] {}
2026-07-28 22:06:26,871 | INFO | BEGIN (implicit)
2026-07-28 22:06:26,871 | INFO | DESCRIBE `zomato_notes`.`users`
2026-07-28 22:06:26,871 | INFO | [raw sql] {}
2026-07-28 22:06:26,881 | INFO | DESCRIBE `zomato_notes`.`notes`
2026-07-28 22:06:26,881 | INFO | [raw sql] {}
2026-07-28 22:06:26,884 | INFO | COMMIT
2026-07-28 22:06:53,460 | INFO | SELECT DATABASE()
2026-07-28 22:06:53,460 | INFO | [raw sql] {}
2026-07-28 22:06:53,462 | INFO | SELECT @@sql_mode
2026-07-28 22:06:53,462 | INFO | [raw sql] {}
2026-07-28 22:06:53,463 | INFO | SELECT @@lower_case_table_names
2026-07-28 22:06:53,464 | INFO | [raw sql] {}
2026-07-28 22:06:53,465 | INFO | BEGIN (implicit)
2026-07-28 22:06:53,466 | INFO | DESCRIBE `zomato_notes`.`users`
2026-07-28 22:06:53,466 | INFO | [raw sql] {}
2026-07-28 22:06:53,480 | INFO | DESCRIBE `zomato_notes`.`notes`
2026-07-28 22:06:53,480 | INFO | [raw sql] {}
2026-07-28 22:06:53,483 | INFO | COMMIT
2026-07-28 22:07:19,514 | INFO | SELECT DATABASE()
2026-07-28 22:07:19,515 | INFO | [raw sql] {}
2026-07-28 22:07:19,516 | INFO | SELECT @@sql_mode
2026-07-28 22:07:19,517 | INFO | [raw sql] {}
2026-07-28 22:07:19,518 | INFO | SELECT @@lower_case_table_names
2026-07-28 22:07:19,518 | INFO | [raw sql] {}
2026-07-28 22:07:19,521 | INFO | BEGIN (implicit)
2026-07-28 22:07:19,522 | INFO | DESCRIBE `zomato_notes`.`users`
2026-07-28 22:07:19,522 | INFO | [raw sql] {}
2026-07-28 22:07:19,529 | INFO | DESCRIBE `zomato_notes`.`notes`
2026-07-28 22:07:19,529 | INFO | [raw sql] {}
2026-07-28 22:07:19,533 | INFO | COMMIT
2026-07-28 22:07:19,660 | INFO | GET /notes Status=401 Time=31.7ms
2026-07-28 22:07:19,660 | INFO | GET /notes Status=401 Time=33.01ms
2026-07-28 22:07:19,661 | INFO | GET /notes Status=401 Time=33.07ms
2026-07-28 22:07:19,661 | INFO | GET /notes Status=401 Time=33.31ms
2026-07-28 22:07:19,664 | INFO | GET /notes Status=401 Time=36.76ms
2026-07-28 22:07:19,665 | INFO | GET /notes Status=401 Time=37.07ms
2026-07-28 22:07:19,665 | INFO | POST /notes/import Status=401 Time=37.76ms
2026-07-28 22:07:48,737 | INFO | POST /notes Status=401 Time=6.1ms
2026-07-28 22:07:54,323 | INFO | POST /notes Status=401 Time=15.22ms
2026-07-28 22:07:54,327 | INFO | POST /notes/import Status=401 Time=16.73ms
2026-07-29 08:37:57,725 | INFO | SELECT DATABASE()
2026-07-29 08:37:57,734 | INFO | [raw sql] {}
2026-07-29 08:37:57,754 | INFO | SELECT @@sql_mode
2026-07-29 08:37:57,773 | INFO | [raw sql] {}
2026-07-29 08:37:57,776 | INFO | SELECT @@lower_case_table_names
2026-07-29 08:37:57,783 | INFO | [raw sql] {}
2026-07-29 08:37:57,785 | INFO | BEGIN (implicit)
2026-07-29 08:37:57,785 | INFO | DESCRIBE `zomato_notes`.`users`
2026-07-29 08:37:57,786 | INFO | [raw sql] {}
2026-07-29 08:37:57,803 | INFO | DESCRIBE `zomato_notes`.`notes`
2026-07-29 08:37:57,853 | INFO | [raw sql] {}
2026-07-29 08:37:57,902 | INFO | COMMIT
2026-07-29 08:37:58,202 | INFO | GET /docs Status=200 Time=1.35ms
2026-07-29 08:37:58,285 | INFO | OPTIONS /notes Status=200 Time=0.54ms
2026-07-29 08:37:58,456 | INFO | GET /notes Status=401 Time=89.95ms
2026-07-29 08:37:58,699 | INFO | GET /openapi.json Status=200 Time=129.06ms
2026-07-29 08:38:22,927 | INFO | BEGIN (implicit)
2026-07-29 08:38:22,931 | INFO | SELECT users.id AS users_id, users.name AS users_name, users.email AS users_email, users.password AS users_password, users.created_at AS users_created_at 
FROM users 
WHERE users.email = %(email_1)s 
 LIMIT %(param_1)s
2026-07-29 08:38:22,931 | INFO | [generated in 0.00056s] {'email_1': 'manish5@example.com', 'param_1': 1}
2026-07-29 08:38:23,276 | INFO | POST /login Status=200 Time=361.56ms
2026-07-29 08:38:23,277 | INFO | ROLLBACK
2026-07-29 08:38:47,133 | INFO | BEGIN (implicit)
2026-07-29 08:38:47,133 | INFO | SELECT users.id AS users_id, users.name AS users_name, users.email AS users_email, users.password AS users_password, users.created_at AS users_created_at 
FROM users 
WHERE users.email = %(email_1)s 
 LIMIT %(param_1)s
2026-07-29 08:38:47,134 | INFO | [cached since 24.2s ago] {'email_1': 'mkevatraj@gmail.com', 'param_1': 1}
2026-07-29 08:38:47,444 | INFO | ROLLBACK
2026-07-29 08:38:47,445 | INFO | POST /login Status=401 Time=315.41ms
2026-07-29 08:38:51,538 | INFO | BEGIN (implicit)
2026-07-29 08:38:51,538 | INFO | SELECT users.id AS users_id, users.name AS users_name, users.email AS users_email, users.password AS users_password, users.created_at AS users_created_at 
FROM users 
WHERE users.email = %(email_1)s 
 LIMIT %(param_1)s
2026-07-29 08:38:51,539 | INFO | [cached since 28.61s ago] {'email_1': 'mkevatraj@gmail.com', 'param_1': 1}
2026-07-29 08:38:51,849 | INFO | ROLLBACK
2026-07-29 08:38:51,851 | INFO | POST /login Status=401 Time=315.98ms
2026-07-29 08:38:59,443 | INFO | BEGIN (implicit)
2026-07-29 08:38:59,444 | INFO | SELECT users.id AS users_id, users.name AS users_name, users.email AS users_email, users.password AS users_password, users.created_at AS users_created_at 
FROM users 
WHERE users.email = %(email_1)s 
 LIMIT %(param_1)s
2026-07-29 08:38:59,444 | INFO | [cached since 36.51s ago] {'email_1': 'mkevatraj@gmail.com', 'param_1': 1}
2026-07-29 08:38:59,757 | INFO | POST /login Status=200 Time=315.62ms
2026-07-29 08:38:59,758 | INFO | ROLLBACK
2026-07-29 08:39:06,392 | INFO | BEGIN (implicit)
2026-07-29 08:39:06,393 | INFO | SELECT users.id AS users_id, users.name AS users_name, users.email AS users_email, users.password AS users_password, users.created_at AS users_created_at 
FROM users 
WHERE users.email = %(email_1)s 
 LIMIT %(param_1)s
2026-07-29 08:39:06,394 | INFO | [cached since 43.46s ago] {'email_1': 'mkevatraj@gmail.com', 'param_1': 1}
2026-07-29 08:39:06,403 | INFO | SELECT notes.id AS notes_id, notes.title AS notes_title, notes.content AS notes_content, notes.tag AS notes_tag, notes.owner_id AS notes_owner_id, notes.created_at AS notes_created_at 
FROM notes 
WHERE notes.owner_id = %(owner_id_1)s 
 LIMIT %(param_1)s, %(param_2)s
2026-07-29 08:39:06,403 | INFO | [generated in 0.00051s] {'owner_id_1': 4, 'param_1': 0, 'param_2': 10}
2026-07-29 08:39:06,418 | INFO | GET /notes Status=200 Time=29.98ms
2026-07-29 08:39:06,424 | INFO | ROLLBACK
2026-07-29 08:39:14,133 | INFO | OPTIONS /notes/import Status=200 Time=0.67ms
2026-07-29 08:39:14,147 | INFO | BEGIN (implicit)
2026-07-29 08:39:14,148 | INFO | SELECT users.id AS users_id, users.name AS users_name, users.email AS users_email, users.password AS users_password, users.created_at AS users_created_at 
FROM users 
WHERE users.email = %(email_1)s 
 LIMIT %(param_1)s
2026-07-29 08:39:14,149 | INFO | [cached since 51.22s ago] {'email_1': 'mkevatraj@gmail.com', 'param_1': 1}
2026-07-29 08:39:14,152 | INFO | POST /notes/import Status=200 Time=14.67ms
2026-07-29 08:39:14,155 | INFO | ROLLBACK
2026-07-29 08:39:19,923 | INFO | BEGIN (implicit)
2026-07-29 08:39:19,924 | INFO | SELECT users.id AS users_id, users.name AS users_name, users.email AS users_email, users.password AS users_password, users.created_at AS users_created_at 
FROM users 
WHERE users.email = %(email_1)s 
 LIMIT %(param_1)s
2026-07-29 08:39:19,924 | INFO | [cached since 56.99s ago] {'email_1': 'mkevatraj@gmail.com', 'param_1': 1}
2026-07-29 08:39:19,931 | INFO | SELECT notes.id AS notes_id, notes.title AS notes_title, notes.content AS notes_content, notes.tag AS notes_tag, notes.owner_id AS notes_owner_id, notes.created_at AS notes_created_at 
FROM notes 
WHERE notes.owner_id = %(owner_id_1)s 
 LIMIT %(param_1)s, %(param_2)s
2026-07-29 08:39:19,934 | INFO | [cached since 13.53s ago] {'owner_id_1': 4, 'param_1': 0, 'param_2': 10}
2026-07-29 08:39:19,938 | INFO | GET /notes Status=200 Time=17.6ms
2026-07-29 08:39:19,942 | INFO | ROLLBACK
2026-07-29 08:41:30,684 | INFO | BEGIN (implicit)
2026-07-29 08:41:30,685 | INFO | SELECT users.id AS users_id, users.name AS users_name, users.email AS users_email, users.password AS users_password, users.created_at AS users_created_at 
FROM users 
WHERE users.email = %(email_1)s 
 LIMIT %(param_1)s
2026-07-29 08:41:30,685 | INFO | [cached since 187.8s ago] {'email_1': 'mkevatraj@gmail.com', 'param_1': 1}
2026-07-29 08:41:30,694 | INFO | SELECT notes.id AS notes_id, notes.title AS notes_title, notes.content AS notes_content, notes.tag AS notes_tag, notes.owner_id AS notes_owner_id, notes.created_at AS notes_created_at 
FROM notes 
WHERE notes.owner_id = %(owner_id_1)s 
 LIMIT %(param_1)s, %(param_2)s
2026-07-29 08:41:30,698 | INFO | [cached since 144.3s ago] {'owner_id_1': 4, 'param_1': 0, 'param_2': 10}
2026-07-29 08:41:30,702 | INFO | GET /notes Status=200 Time=22.65ms
2026-07-29 08:41:30,705 | INFO | ROLLBACK
2026-07-29 08:41:31,279 | INFO | BEGIN (implicit)
2026-07-29 08:41:31,279 | INFO | SELECT users.id AS users_id, users.name AS users_name, users.email AS users_email, users.password AS users_password, users.created_at AS users_created_at 
FROM users 
WHERE users.email = %(email_1)s 
 LIMIT %(param_1)s
2026-07-29 08:41:31,280 | INFO | [cached since 188.3s ago] {'email_1': 'mkevatraj@gmail.com', 'param_1': 1}
2026-07-29 08:41:31,283 | INFO | SELECT notes.id AS notes_id, notes.title AS notes_title, notes.content AS notes_content, notes.tag AS notes_tag, notes.owner_id AS notes_owner_id, notes.created_at AS notes_created_at 
FROM notes 
WHERE notes.owner_id = %(owner_id_1)s 
 LIMIT %(param_1)s, %(param_2)s
2026-07-29 08:41:31,284 | INFO | [cached since 144.9s ago] {'owner_id_1': 4, 'param_1': 0, 'param_2': 10}
2026-07-29 08:41:31,290 | INFO | GET /notes Status=200 Time=13.46ms
2026-07-29 08:41:31,291 | INFO | ROLLBACK
2026-07-29 08:41:31,603 | INFO | BEGIN (implicit)
2026-07-29 08:41:31,603 | INFO | SELECT users.id AS users_id, users.name AS users_name, users.email AS users_email, users.password AS users_password, users.created_at AS users_created_at 
FROM users 
WHERE users.email = %(email_1)s 
 LIMIT %(param_1)s
2026-07-29 08:41:31,605 | INFO | [cached since 188.7s ago] {'email_1': 'mkevatraj@gmail.com', 'param_1': 1}
2026-07-29 08:41:31,608 | INFO | SELECT notes.id AS notes_id, notes.title AS notes_title, notes.content AS notes_content, notes.tag AS notes_tag, notes.owner_id AS notes_owner_id, notes.created_at AS notes_created_at 
FROM notes 
WHERE notes.owner_id = %(owner_id_1)s 
 LIMIT %(param_1)s, %(param_2)s
2026-07-29 08:41:31,611 | INFO | [cached since 145.2s ago] {'owner_id_1': 4, 'param_1': 0, 'param_2': 10}
2026-07-29 08:41:31,615 | INFO | GET /notes Status=200 Time=14.78ms
2026-07-29 08:41:31,617 | INFO | ROLLBACK
2026-07-29 08:42:59,119 | INFO | BEGIN (implicit)
2026-07-29 08:42:59,126 | INFO | SELECT users.id AS users_id, users.name AS users_name, users.email AS users_email, users.password AS users_password, users.created_at AS users_created_at 
FROM users 
WHERE users.email = %(email_1)s 
 LIMIT %(param_1)s
2026-07-29 08:42:59,126 | INFO | [cached since 276.2s ago] {'email_1': 'mkevatraj@gmail.com', 'param_1': 1}
2026-07-29 08:42:59,130 | INFO | SELECT notes.id AS notes_id, notes.title AS notes_title, notes.content AS notes_content, notes.tag AS notes_tag, notes.owner_id AS notes_owner_id, notes.created_at AS notes_created_at 
FROM notes 
WHERE notes.owner_id = %(owner_id_1)s 
 LIMIT %(param_1)s, %(param_2)s
2026-07-29 08:42:59,131 | INFO | [cached since 232.7s ago] {'owner_id_1': 4, 'param_1': 0, 'param_2': 10}
2026-07-29 08:42:59,134 | INFO | GET /notes Status=200 Time=51.51ms
2026-07-29 08:42:59,137 | INFO | ROLLBACK
2026-07-29 08:51:50,971 | INFO | OPTIONS /notes Status=200 Time=0.48ms
2026-07-29 08:51:50,983 | INFO | BEGIN (implicit)
2026-07-29 08:51:50,984 | INFO | SELECT users.id AS users_id, users.name AS users_name, users.email AS users_email, users.password AS users_password, users.created_at AS users_created_at 
FROM users 
WHERE users.email = %(email_1)s 
 LIMIT %(param_1)s
2026-07-29 08:51:50,985 | INFO | [cached since 808.1s ago] {'email_1': 'mkevatraj@gmail.com', 'param_1': 1}
2026-07-29 08:51:50,990 | INFO | SELECT notes.id AS notes_id, notes.title AS notes_title, notes.content AS notes_content, notes.tag AS notes_tag, notes.owner_id AS notes_owner_id, notes.created_at AS notes_created_at 
FROM notes 
WHERE notes.owner_id = %(owner_id_1)s 
 LIMIT %(param_1)s, %(param_2)s
2026-07-29 08:51:50,991 | INFO | [cached since 764.6s ago] {'owner_id_1': 4, 'param_1': 0, 'param_2': 10}
2026-07-29 08:51:50,994 | INFO | GET /notes Status=200 Time=16.77ms
2026-07-29 08:51:50,997 | INFO | ROLLBACK
2026-07-29 08:51:51,199 | INFO | BEGIN (implicit)
2026-07-29 08:51:51,199 | INFO | SELECT users.id AS users_id, users.name AS users_name, users.email AS users_email, users.password AS users_password, users.created_at AS users_created_at 
FROM users 
WHERE users.email = %(email_1)s 
 LIMIT %(param_1)s
2026-07-29 08:51:51,200 | INFO | [cached since 808.3s ago] {'email_1': 'mkevatraj@gmail.com', 'param_1': 1}
2026-07-29 08:51:51,204 | INFO | SELECT notes.id AS notes_id, notes.title AS notes_title, notes.content AS notes_content, notes.tag AS notes_tag, notes.owner_id AS notes_owner_id, notes.created_at AS notes_created_at 
FROM notes 
WHERE notes.owner_id = %(owner_id_1)s 
 LIMIT %(param_1)s, %(param_2)s
2026-07-29 08:51:51,207 | INFO | [cached since 764.8s ago] {'owner_id_1': 4, 'param_1': 0, 'param_2': 10}
2026-07-29 08:51:51,211 | INFO | GET /notes Status=200 Time=17.48ms
2026-07-29 08:51:51,213 | INFO | ROLLBACK
2026-07-29 08:51:57,835 | INFO | BEGIN (implicit)
2026-07-29 08:51:57,837 | INFO | SELECT users.id AS users_id, users.name AS users_name, users.email AS users_email, users.password AS users_password, users.created_at AS users_created_at 
FROM users 
WHERE users.email = %(email_1)s 
 LIMIT %(param_1)s
2026-07-29 08:51:57,843 | INFO | [cached since 814.9s ago] {'email_1': 'mkevatraj@gmail.com', 'param_1': 1}
2026-07-29 08:51:57,854 | INFO | SELECT notes.id AS notes_id, notes.title AS notes_title, notes.content AS notes_content, notes.tag AS notes_tag, notes.owner_id AS notes_owner_id, notes.created_at AS notes_created_at 
FROM notes 
WHERE notes.owner_id = %(owner_id_1)s 
 LIMIT %(param_1)s, %(param_2)s
2026-07-29 08:51:57,855 | INFO | [cached since 771.5s ago] {'owner_id_1': 4, 'param_1': 0, 'param_2': 10}
2026-07-29 08:51:57,860 | INFO | GET /notes Status=200 Time=38.79ms
2026-07-29 08:51:57,862 | INFO | ROLLBACK
2026-07-29 08:52:17,556 | INFO | BEGIN (implicit)
2026-07-29 08:52:17,570 | INFO | SELECT users.id AS users_id, users.name AS users_name, users.email AS users_email, users.password AS users_password, users.created_at AS users_created_at 
FROM users 
WHERE users.email = %(email_1)s 
 LIMIT %(param_1)s
2026-07-29 08:52:17,570 | INFO | [cached since 834.6s ago] {'email_1': 'mkevatraj@gmail.com', 'param_1': 1}
2026-07-29 08:52:17,582 | INFO | SELECT notes.id AS notes_id, notes.title AS notes_title, notes.content AS notes_content, notes.tag AS notes_tag, notes.owner_id AS notes_owner_id, notes.created_at AS notes_created_at 
FROM notes 
WHERE notes.owner_id = %(owner_id_1)s 
 LIMIT %(param_1)s, %(param_2)s
2026-07-29 08:52:17,588 | INFO | [cached since 791.2s ago] {'owner_id_1': 4, 'param_1': 0, 'param_2': 10}
2026-07-29 08:52:17,593 | INFO | GET /notes Status=200 Time=52.55ms
2026-07-29 08:52:17,599 | INFO | ROLLBACK
2026-07-29 08:52:17,785 | INFO | BEGIN (implicit)
2026-07-29 08:52:17,789 | INFO | SELECT users.id AS users_id, users.name AS users_name, users.email AS users_email, users.password AS users_password, users.created_at AS users_created_at 
FROM users 
WHERE users.email = %(email_1)s 
 LIMIT %(param_1)s
2026-07-29 08:52:17,790 | INFO | [cached since 834.9s ago] {'email_1': 'mkevatraj@gmail.com', 'param_1': 1}
2026-07-29 08:52:17,795 | INFO | SELECT notes.id AS notes_id, notes.title AS notes_title, notes.content AS notes_content, notes.tag AS notes_tag, notes.owner_id AS notes_owner_id, notes.created_at AS notes_created_at 
FROM notes 
WHERE notes.owner_id = %(owner_id_1)s 
 LIMIT %(param_1)s, %(param_2)s
2026-07-29 08:52:17,795 | INFO | [cached since 791.4s ago] {'owner_id_1': 4, 'param_1': 0, 'param_2': 10}
2026-07-29 08:52:17,799 | INFO | GET /notes Status=200 Time=38.35ms
2026-07-29 08:52:17,800 | INFO | ROLLBACK
2026-07-29 08:52:18,255 | INFO | BEGIN (implicit)
2026-07-29 08:52:18,266 | INFO | SELECT users.id AS users_id, users.name AS users_name, users.email AS users_email, users.password AS users_password, users.created_at AS users_created_at 
FROM users 
WHERE users.email = %(email_1)s 
 LIMIT %(param_1)s
2026-07-29 08:52:18,267 | INFO | [cached since 835.3s ago] {'email_1': 'mkevatraj@gmail.com', 'param_1': 1}
2026-07-29 08:52:18,270 | INFO | SELECT notes.id AS notes_id, notes.title AS notes_title, notes.content AS notes_content, notes.tag AS notes_tag, notes.owner_id AS notes_owner_id, notes.created_at AS notes_created_at 
FROM notes 
WHERE notes.owner_id = %(owner_id_1)s 
 LIMIT %(param_1)s, %(param_2)s
2026-07-29 08:52:18,271 | INFO | [cached since 791.9s ago] {'owner_id_1': 4, 'param_1': 0, 'param_2': 10}
2026-07-29 08:52:18,282 | INFO | GET /notes Status=200 Time=46.81ms
2026-07-29 08:52:18,286 | INFO | ROLLBACK
2026-07-29 08:52:42,170 | INFO | BEGIN (implicit)
2026-07-29 08:52:42,180 | INFO | SELECT users.id AS users_id, users.name AS users_name, users.email AS users_email, users.password AS users_password, users.created_at AS users_created_at 
FROM users 
WHERE users.email = %(email_1)s 
 LIMIT %(param_1)s
2026-07-29 08:52:42,180 | INFO | [cached since 859.2s ago] {'email_1': 'mkevatraj@gmail.com', 'param_1': 1}
2026-07-29 08:52:42,185 | INFO | SELECT notes.id AS notes_id, notes.title AS notes_title, notes.content AS notes_content, notes.tag AS notes_tag, notes.owner_id AS notes_owner_id, notes.created_at AS notes_created_at 
FROM notes 
WHERE notes.owner_id = %(owner_id_1)s 
 LIMIT %(param_1)s, %(param_2)s
2026-07-29 08:52:42,185 | INFO | [cached since 815.8s ago] {'owner_id_1': 4, 'param_1': 0, 'param_2': 10}
2026-07-29 08:52:42,197 | INFO | GET /notes Status=200 Time=44.46ms
2026-07-29 08:52:42,201 | INFO | ROLLBACK
2026-07-29 08:52:42,370 | INFO | BEGIN (implicit)
2026-07-29 08:52:42,373 | INFO | SELECT users.id AS users_id, users.name AS users_name, users.email AS users_email, users.password AS users_password, users.created_at AS users_created_at 
FROM users 
WHERE users.email = %(email_1)s 
 LIMIT %(param_1)s
2026-07-29 08:52:42,376 | INFO | [cached since 859.4s ago] {'email_1': 'mkevatraj@gmail.com', 'param_1': 1}
2026-07-29 08:52:42,380 | INFO | SELECT notes.id AS notes_id, notes.title AS notes_title, notes.content AS notes_content, notes.tag AS notes_tag, notes.owner_id AS notes_owner_id, notes.created_at AS notes_created_at 
FROM notes 
WHERE notes.owner_id = %(owner_id_1)s 
 LIMIT %(param_1)s, %(param_2)s
2026-07-29 08:52:42,381 | INFO | [cached since 816s ago] {'owner_id_1': 4, 'param_1': 0, 'param_2': 10}
2026-07-29 08:52:42,389 | INFO | GET /notes Status=200 Time=24.03ms
2026-07-29 08:52:42,392 | INFO | ROLLBACK
2026-07-29 08:52:42,833 | INFO | BEGIN (implicit)
2026-07-29 08:52:42,834 | INFO | SELECT users.id AS users_id, users.name AS users_name, users.email AS users_email, users.password AS users_password, users.created_at AS users_created_at 
FROM users 
WHERE users.email = %(email_1)s 
 LIMIT %(param_1)s
2026-07-29 08:52:42,834 | INFO | [cached since 859.9s ago] {'email_1': 'mkevatraj@gmail.com', 'param_1': 1}
2026-07-29 08:52:42,840 | INFO | SELECT notes.id AS notes_id, notes.title AS notes_title, notes.content AS notes_content, notes.tag AS notes_tag, notes.owner_id AS notes_owner_id, notes.created_at AS notes_created_at 
FROM notes 
WHERE notes.owner_id = %(owner_id_1)s 
 LIMIT %(param_1)s, %(param_2)s
2026-07-29 08:52:42,841 | INFO | [cached since 816.4s ago] {'owner_id_1': 4, 'param_1': 0, 'param_2': 10}
2026-07-29 08:52:42,846 | INFO | GET /notes Status=200 Time=16.07ms
2026-07-29 08:52:42,848 | INFO | ROLLBACK
2026-07-29 08:52:43,069 | INFO | BEGIN (implicit)
2026-07-29 08:52:43,076 | INFO | SELECT users.id AS users_id, users.name AS users_name, users.email AS users_email, users.password AS users_password, users.created_at AS users_created_at 
FROM users 
WHERE users.email = %(email_1)s 
 LIMIT %(param_1)s
2026-07-29 08:52:43,078 | INFO | [cached since 860.1s ago] {'email_1': 'mkevatraj@gmail.com', 'param_1': 1}
2026-07-29 08:52:43,084 | INFO | SELECT notes.id AS notes_id, notes.title AS notes_title, notes.content AS notes_content, notes.tag AS notes_tag, notes.owner_id AS notes_owner_id, notes.created_at AS notes_created_at 
FROM notes 
WHERE notes.owner_id = %(owner_id_1)s 
 LIMIT %(param_1)s, %(param_2)s
2026-07-29 08:52:43,092 | INFO | [cached since 816.7s ago] {'owner_id_1': 4, 'param_1': 0, 'param_2': 10}
2026-07-29 08:52:43,099 | INFO | GET /notes Status=200 Time=36.51ms
2026-07-29 08:52:43,104 | INFO | ROLLBACK
2026-07-29 08:52:43,563 | INFO | BEGIN (implicit)
2026-07-29 08:52:43,564 | INFO | SELECT users.id AS users_id, users.name AS users_name, users.email AS users_email, users.password AS users_password, users.created_at AS users_created_at 
FROM users 
WHERE users.email = %(email_1)s 
 LIMIT %(param_1)s
2026-07-29 08:52:43,564 | INFO | [cached since 860.6s ago] {'email_1': 'mkevatraj@gmail.com', 'param_1': 1}
2026-07-29 08:52:43,568 | INFO | SELECT notes.id AS notes_id, notes.title AS notes_title, notes.content AS notes_content, notes.tag AS notes_tag, notes.owner_id AS notes_owner_id, notes.created_at AS notes_created_at 
FROM notes 
WHERE notes.owner_id = %(owner_id_1)s 
 LIMIT %(param_1)s, %(param_2)s
2026-07-29 08:52:43,569 | INFO | [cached since 817.2s ago] {'owner_id_1': 4, 'param_1': 0, 'param_2': 10}
2026-07-29 08:52:43,575 | INFO | GET /notes Status=200 Time=16.2ms
2026-07-29 08:52:43,578 | INFO | ROLLBACK
2026-07-29 08:53:22,622 | INFO | BEGIN (implicit)
2026-07-29 08:53:22,623 | INFO | SELECT users.id AS users_id, users.name AS users_name, users.email AS users_email, users.password AS users_password, users.created_at AS users_created_at 
FROM users 
WHERE users.email = %(email_1)s 
 LIMIT %(param_1)s
2026-07-29 08:53:22,623 | INFO | [cached since 899.7s ago] {'email_1': 'mkevatraj@gmail.com', 'param_1': 1}
2026-07-29 08:53:22,627 | INFO | SELECT notes.id AS notes_id, notes.title AS notes_title, notes.content AS notes_content, notes.tag AS notes_tag, notes.owner_id AS notes_owner_id, notes.created_at AS notes_created_at 
FROM notes 
WHERE notes.owner_id = %(owner_id_1)s 
 LIMIT %(param_1)s, %(param_2)s
2026-07-29 08:53:22,627 | INFO | [cached since 856.2s ago] {'owner_id_1': 4, 'param_1': 0, 'param_2': 10}
2026-07-29 08:53:22,631 | INFO | GET /notes Status=200 Time=70.16ms
2026-07-29 08:53:22,634 | INFO | ROLLBACK
2026-07-29 08:53:46,857 | INFO | BEGIN (implicit)
2026-07-29 08:53:46,858 | INFO | SELECT users.id AS users_id, users.name AS users_name, users.email AS users_email, users.password AS users_password, users.created_at AS users_created_at 
FROM users 
WHERE users.email = %(email_1)s 
 LIMIT %(param_1)s
2026-07-29 08:53:46,858 | INFO | [cached since 923.9s ago] {'email_1': 'mkevatraj@gmail.com', 'param_1': 1}
2026-07-29 08:53:46,865 | INFO | SELECT notes.id AS notes_id, notes.title AS notes_title, notes.content AS notes_content, notes.tag AS notes_tag, notes.owner_id AS notes_owner_id, notes.created_at AS notes_created_at 
FROM notes 
WHERE notes.owner_id = %(owner_id_1)s 
 LIMIT %(param_1)s, %(param_2)s
2026-07-29 08:53:46,865 | INFO | [cached since 880.5s ago] {'owner_id_1': 4, 'param_1': 0, 'param_2': 10}
2026-07-29 08:53:46,868 | INFO | GET /notes Status=200 Time=13.2ms
2026-07-29 08:53:46,870 | INFO | ROLLBACK
2026-07-29 08:54:25,298 | INFO | BEGIN (implicit)
2026-07-29 08:54:25,299 | INFO | SELECT users.id AS users_id, users.name AS users_name, users.email AS users_email, users.password AS users_password, users.created_at AS users_created_at 
FROM users 
WHERE users.email = %(email_1)s 
 LIMIT %(param_1)s
2026-07-29 08:54:25,300 | INFO | [cached since 962.4s ago] {'email_1': 'mkevatraj@gmail.com', 'param_1': 1}
2026-07-29 08:54:25,309 | INFO | SELECT notes.id AS notes_id, notes.title AS notes_title, notes.content AS notes_content, notes.tag AS notes_tag, notes.owner_id AS notes_owner_id, notes.created_at AS notes_created_at 
FROM notes 
WHERE notes.owner_id = %(owner_id_1)s 
 LIMIT %(param_1)s, %(param_2)s
2026-07-29 08:54:25,309 | INFO | [cached since 918.9s ago] {'owner_id_1': 4, 'param_1': 0, 'param_2': 10}
2026-07-29 08:54:25,313 | INFO | GET /notes Status=200 Time=28.27ms
2026-07-29 08:54:25,316 | INFO | ROLLBACK
2026-07-29 08:54:33,556 | INFO | BEGIN (implicit)
2026-07-29 08:54:33,557 | INFO | SELECT users.id AS users_id, users.name AS users_name, users.email AS users_email, users.password AS users_password, users.created_at AS users_created_at 
FROM users 
WHERE users.email = %(email_1)s 
 LIMIT %(param_1)s
2026-07-29 08:54:33,558 | INFO | [cached since 970.6s ago] {'email_1': 'mkevatraj@gmail.com', 'param_1': 1}
2026-07-29 08:54:33,565 | INFO | SELECT notes.id AS notes_id, notes.title AS notes_title, notes.content AS notes_content, notes.tag AS notes_tag, notes.owner_id AS notes_owner_id, notes.created_at AS notes_created_at 
FROM notes 
WHERE notes.owner_id = %(owner_id_1)s 
 LIMIT %(param_1)s, %(param_2)s
2026-07-29 08:54:33,566 | INFO | [cached since 927.2s ago] {'owner_id_1': 4, 'param_1': 0, 'param_2': 10}
2026-07-29 08:54:33,570 | INFO | GET /notes Status=200 Time=28.15ms
2026-07-29 08:54:33,573 | INFO | ROLLBACK
2026-07-29 08:57:34,561 | INFO | BEGIN (implicit)
2026-07-29 08:57:34,565 | INFO | SELECT users.id AS users_id, users.name AS users_name, users.email AS users_email, users.password AS users_password, users.created_at AS users_created_at 
FROM users 
WHERE users.email = %(email_1)s 
 LIMIT %(param_1)s
2026-07-29 08:57:34,567 | INFO | [cached since 1152s ago] {'email_1': 'mkevatraj@gmail.com', 'param_1': 1}
2026-07-29 08:57:34,574 | INFO | SELECT notes.id AS notes_id, notes.title AS notes_title, notes.content AS notes_content, notes.tag AS notes_tag, notes.owner_id AS notes_owner_id, notes.created_at AS notes_created_at 
FROM notes 
WHERE notes.owner_id = %(owner_id_1)s 
 LIMIT %(param_1)s, %(param_2)s
2026-07-29 08:57:34,575 | INFO | [cached since 1108s ago] {'owner_id_1': 4, 'param_1': 0, 'param_2': 10}
2026-07-29 08:57:34,578 | INFO | GET /notes Status=200 Time=39.42ms
2026-07-29 08:57:34,583 | INFO | ROLLBACK
2026-07-29 09:01:23,408 | INFO | BEGIN (implicit)
2026-07-29 09:01:23,409 | INFO | SELECT users.id AS users_id, users.name AS users_name, users.email AS users_email, users.password AS users_password, users.created_at AS users_created_at 
FROM users 
WHERE users.email = %(email_1)s 
 LIMIT %(param_1)s
2026-07-29 09:01:23,421 | INFO | [cached since 1380s ago] {'email_1': 'mkevatraj@gmail.com', 'param_1': 1}
2026-07-29 09:01:23,444 | INFO | SELECT notes.id AS notes_id, notes.title AS notes_title, notes.content AS notes_content, notes.tag AS notes_tag, notes.owner_id AS notes_owner_id, notes.created_at AS notes_created_at 
FROM notes 
WHERE notes.owner_id = %(owner_id_1)s 
 LIMIT %(param_1)s, %(param_2)s
2026-07-29 09:01:23,466 | INFO | [cached since 1337s ago] {'owner_id_1': 4, 'param_1': 0, 'param_2': 10}
2026-07-29 09:01:23,471 | INFO | GET /notes Status=200 Time=86.5ms
2026-07-29 09:01:23,477 | INFO | ROLLBACK
2026-07-29 09:01:27,041 | INFO | BEGIN (implicit)
2026-07-29 09:01:27,053 | INFO | SELECT users.id AS users_id, users.name AS users_name, users.email AS users_email, users.password AS users_password, users.created_at AS users_created_at 
FROM users 
WHERE users.email = %(email_1)s 
 LIMIT %(param_1)s
2026-07-29 09:01:27,058 | INFO | [cached since 1384s ago] {'email_1': 'mkevatraj@gmail.com', 'param_1': 1}
2026-07-29 09:01:27,074 | INFO | SELECT notes.id AS notes_id, notes.title AS notes_title, notes.content AS notes_content, notes.tag AS notes_tag, notes.owner_id AS notes_owner_id, notes.created_at AS notes_created_at 
FROM notes 
WHERE notes.owner_id = %(owner_id_1)s 
 LIMIT %(param_1)s, %(param_2)s
2026-07-29 09:01:27,083 | INFO | [cached since 1341s ago] {'owner_id_1': 4, 'param_1': 0, 'param_2': 10}
2026-07-29 09:01:27,089 | INFO | GET /notes Status=200 Time=70.28ms
2026-07-29 09:01:27,101 | INFO | ROLLBACK
2026-07-29 09:01:27,760 | INFO | BEGIN (implicit)
2026-07-29 09:01:27,773 | INFO | SELECT users.id AS users_id, users.name AS users_name, users.email AS users_email, users.password AS users_password, users.created_at AS users_created_at 
FROM users 
WHERE users.email = %(email_1)s 
 LIMIT %(param_1)s
2026-07-29 09:01:27,778 | INFO | [cached since 1385s ago] {'email_1': 'mkevatraj@gmail.com', 'param_1': 1}
2026-07-29 09:01:27,796 | INFO | SELECT notes.id AS notes_id, notes.title AS notes_title, notes.content AS notes_content, notes.tag AS notes_tag, notes.owner_id AS notes_owner_id, notes.created_at AS notes_created_at 
FROM notes 
WHERE notes.owner_id = %(owner_id_1)s 
 LIMIT %(param_1)s, %(param_2)s
2026-07-29 09:01:27,799 | INFO | [cached since 1341s ago] {'owner_id_1': 4, 'param_1': 0, 'param_2': 10}
2026-07-29 09:01:27,803 | INFO | GET /notes Status=200 Time=61.39ms
2026-07-29 09:01:27,806 | INFO | ROLLBACK
2026-07-29 09:01:36,342 | INFO | BEGIN (implicit)
2026-07-29 09:01:36,343 | INFO | SELECT users.id AS users_id, users.name AS users_name, users.email AS users_email, users.password AS users_password, users.created_at AS users_created_at 
FROM users 
WHERE users.email = %(email_1)s 
 LIMIT %(param_1)s
2026-07-29 09:01:36,343 | INFO | [cached since 1393s ago] {'email_1': 'mkevatraj@gmail.com', 'param_1': 1}
2026-07-29 09:01:36,350 | INFO | SELECT notes.id AS notes_id, notes.title AS notes_title, notes.content AS notes_content, notes.tag AS notes_tag, notes.owner_id AS notes_owner_id, notes.created_at AS notes_created_at 
FROM notes 
WHERE notes.owner_id = %(owner_id_1)s 
 LIMIT %(param_1)s, %(param_2)s
2026-07-29 09:01:36,351 | INFO | [cached since 1350s ago] {'owner_id_1': 4, 'param_1': 0, 'param_2': 10}
2026-07-29 09:01:36,354 | INFO | GET /notes Status=200 Time=14.59ms
2026-07-29 09:01:36,356 | INFO | ROLLBACK
2026-07-29 09:01:53,383 | INFO | OPTIONS /notes Status=200 Time=0.38ms
2026-07-29 09:01:53,406 | INFO | BEGIN (implicit)
2026-07-29 09:01:53,408 | INFO | SELECT users.id AS users_id, users.name AS users_name, users.email AS users_email, users.password AS users_password, users.created_at AS users_created_at 
FROM users 
WHERE users.email = %(email_1)s 
 LIMIT %(param_1)s
2026-07-29 09:01:53,409 | INFO | [cached since 1410s ago] {'email_1': 'mkevatraj@gmail.com', 'param_1': 1}
2026-07-29 09:01:53,414 | INFO | SELECT notes.id AS notes_id, notes.title AS notes_title, notes.content AS notes_content, notes.tag AS notes_tag, notes.owner_id AS notes_owner_id, notes.created_at AS notes_created_at 
FROM notes 
WHERE notes.owner_id = %(owner_id_1)s 
 LIMIT %(param_1)s, %(param_2)s
2026-07-29 09:01:53,414 | INFO | [cached since 1367s ago] {'owner_id_1': 4, 'param_1': 0, 'param_2': 10}
2026-07-29 09:01:53,418 | INFO | GET /notes Status=200 Time=16.16ms
2026-07-29 09:01:53,420 | INFO | ROLLBACK
2026-07-29 09:01:53,738 | INFO | BEGIN (implicit)
2026-07-29 09:01:53,740 | INFO | SELECT users.id AS users_id, users.name AS users_name, users.email AS users_email, users.password AS users_password, users.created_at AS users_created_at 
FROM users 
WHERE users.email = %(email_1)s 
 LIMIT %(param_1)s
2026-07-29 09:01:53,742 | INFO | [cached since 1411s ago] {'email_1': 'mkevatraj@gmail.com', 'param_1': 1}
2026-07-29 09:01:53,751 | INFO | SELECT notes.id AS notes_id, notes.title AS notes_title, notes.content AS notes_content, notes.tag AS notes_tag, notes.owner_id AS notes_owner_id, notes.created_at AS notes_created_at 
FROM notes 
WHERE notes.owner_id = %(owner_id_1)s 
 LIMIT %(param_1)s, %(param_2)s
2026-07-29 09:01:53,752 | INFO | [cached since 1367s ago] {'owner_id_1': 4, 'param_1': 0, 'param_2': 10}
2026-07-29 09:01:53,756 | INFO | GET /notes Status=200 Time=27.95ms
2026-07-29 09:01:53,759 | INFO | ROLLBACK
2026-07-29 09:02:01,740 | INFO | BEGIN (implicit)
2026-07-29 09:02:01,741 | INFO | SELECT users.id AS users_id, users.name AS users_name, users.email AS users_email, users.password AS users_password, users.created_at AS users_created_at 
FROM users 
WHERE users.email = %(email_1)s 
 LIMIT %(param_1)s
2026-07-29 09:02:01,741 | INFO | [cached since 1419s ago] {'email_1': 'mkevatraj@gmail.com', 'param_1': 1}
2026-07-29 09:02:01,746 | INFO | SELECT notes.id AS notes_id, notes.title AS notes_title, notes.content AS notes_content, notes.tag AS notes_tag, notes.owner_id AS notes_owner_id, notes.created_at AS notes_created_at 
FROM notes 
WHERE notes.owner_id = %(owner_id_1)s 
 LIMIT %(param_1)s, %(param_2)s
2026-07-29 09:02:01,746 | INFO | [cached since 1375s ago] {'owner_id_1': 4, 'param_1': 0, 'param_2': 10}
2026-07-29 09:02:01,750 | INFO | GET /notes Status=200 Time=13.23ms
2026-07-29 09:02:01,751 | INFO | ROLLBACK
2026-07-29 09:03:00,172 | INFO | BEGIN (implicit)
2026-07-29 09:03:00,174 | INFO | SELECT users.id AS users_id, users.name AS users_name, users.email AS users_email, users.password AS users_password, users.created_at AS users_created_at 
FROM users 
WHERE users.email = %(email_1)s 
 LIMIT %(param_1)s
2026-07-29 09:03:00,177 | INFO | [cached since 1477s ago] {'email_1': 'mkevatraj@gmail.com', 'param_1': 1}
2026-07-29 09:03:00,190 | INFO | SELECT notes.id AS notes_id, notes.title AS notes_title, notes.content AS notes_content, notes.tag AS notes_tag, notes.owner_id AS notes_owner_id, notes.created_at AS notes_created_at 
FROM notes 
WHERE notes.owner_id = %(owner_id_1)s 
 LIMIT %(param_1)s, %(param_2)s
2026-07-29 09:03:00,196 | INFO | [cached since 1434s ago] {'owner_id_1': 4, 'param_1': 0, 'param_2': 10}
2026-07-29 09:03:00,204 | INFO | GET /notes Status=200 Time=42.08ms
2026-07-29 09:03:00,209 | INFO | ROLLBACK
2026-07-29 09:03:01,697 | INFO | BEGIN (implicit)
2026-07-29 09:03:01,700 | INFO | SELECT users.id AS users_id, users.name AS users_name, users.email AS users_email, users.password AS users_password, users.created_at AS users_created_at 
FROM users 
WHERE users.email = %(email_1)s 
 LIMIT %(param_1)s
2026-07-29 09:03:01,708 | INFO | [cached since 1479s ago] {'email_1': 'mkevatraj@gmail.com', 'param_1': 1}
2026-07-29 09:03:01,726 | INFO | SELECT notes.id AS notes_id, notes.title AS notes_title, notes.content AS notes_content, notes.tag AS notes_tag, notes.owner_id AS notes_owner_id, notes.created_at AS notes_created_at 
FROM notes 
WHERE notes.owner_id = %(owner_id_1)s 
 LIMIT %(param_1)s, %(param_2)s
2026-07-29 09:03:01,729 | INFO | [cached since 1435s ago] {'owner_id_1': 4, 'param_1': 0, 'param_2': 10}
2026-07-29 09:03:01,733 | INFO | GET /notes Status=200 Time=95.16ms
2026-07-29 09:03:01,738 | INFO | ROLLBACK
2026-07-29 09:03:30,371 | INFO | BEGIN (implicit)
2026-07-29 09:03:30,372 | INFO | SELECT users.id AS users_id, users.name AS users_name, users.email AS users_email, users.password AS users_password, users.created_at AS users_created_at 
FROM users 
WHERE users.email = %(email_1)s 
 LIMIT %(param_1)s
2026-07-29 09:03:30,381 | INFO | [cached since 1507s ago] {'email_1': 'mkevatraj@gmail.com', 'param_1': 1}
2026-07-29 09:03:30,386 | INFO | SELECT notes.id AS notes_id, notes.title AS notes_title, notes.content AS notes_content, notes.tag AS notes_tag, notes.owner_id AS notes_owner_id, notes.created_at AS notes_created_at 
FROM notes 
WHERE notes.owner_id = %(owner_id_1)s 
 LIMIT %(param_1)s, %(param_2)s
2026-07-29 09:03:30,396 | INFO | [cached since 1464s ago] {'owner_id_1': 4, 'param_1': 0, 'param_2': 10}
2026-07-29 09:03:30,403 | INFO | GET /notes Status=200 Time=46.07ms
2026-07-29 09:03:30,417 | INFO | ROLLBACK
2026-07-29 09:03:41,948 | INFO | BEGIN (implicit)
2026-07-29 09:03:41,950 | INFO | SELECT users.id AS users_id, users.name AS users_name, users.email AS users_email, users.password AS users_password, users.created_at AS users_created_at 
FROM users 
WHERE users.email = %(email_1)s 
 LIMIT %(param_1)s
2026-07-29 09:03:41,952 | INFO | [cached since 1519s ago] {'email_1': 'mkevatraj@gmail.com', 'param_1': 1}
2026-07-29 09:03:41,960 | INFO | SELECT notes.id AS notes_id, notes.title AS notes_title, notes.content AS notes_content, notes.tag AS notes_tag, notes.owner_id AS notes_owner_id, notes.created_at AS notes_created_at 
FROM notes 
WHERE notes.owner_id = %(owner_id_1)s 
 LIMIT %(param_1)s, %(param_2)s
2026-07-29 09:03:41,964 | INFO | [cached since 1476s ago] {'owner_id_1': 4, 'param_1': 0, 'param_2': 10}
2026-07-29 09:03:41,967 | INFO | GET /notes Status=200 Time=39.91ms
2026-07-29 09:03:41,969 | INFO | ROLLBACK
2026-07-29 09:03:44,122 | INFO | BEGIN (implicit)
2026-07-29 09:03:44,124 | INFO | SELECT users.id AS users_id, users.name AS users_name, users.email AS users_email, users.password AS users_password, users.created_at AS users_created_at 
FROM users 
WHERE users.email = %(email_1)s 
 LIMIT %(param_1)s
2026-07-29 09:03:44,138 | INFO | [cached since 1521s ago] {'email_1': 'mkevatraj@gmail.com', 'param_1': 1}
2026-07-29 09:03:44,170 | INFO | SELECT notes.id AS notes_id, notes.title AS notes_title, notes.content AS notes_content, notes.tag AS notes_tag, notes.owner_id AS notes_owner_id, notes.created_at AS notes_created_at 
FROM notes 
WHERE notes.owner_id = %(owner_id_1)s 
 LIMIT %(param_1)s, %(param_2)s
2026-07-29 09:03:44,182 | INFO | [cached since 1478s ago] {'owner_id_1': 4, 'param_1': 0, 'param_2': 10}
2026-07-29 09:03:44,185 | INFO | GET /notes Status=200 Time=88.57ms
2026-07-29 09:03:44,197 | INFO | ROLLBACK
2026-07-29 09:03:49,404 | INFO | BEGIN (implicit)
2026-07-29 09:03:49,413 | INFO | SELECT users.id AS users_id, users.name AS users_name, users.email AS users_email, users.password AS users_password, users.created_at AS users_created_at 
FROM users 
WHERE users.email = %(email_1)s 
 LIMIT %(param_1)s
2026-07-29 09:03:49,416 | INFO | [cached since 1526s ago] {'email_1': 'mkevatraj@gmail.com', 'param_1': 1}
2026-07-29 09:03:49,427 | INFO | SELECT notes.id AS notes_id, notes.title AS notes_title, notes.content AS notes_content, notes.tag AS notes_tag, notes.owner_id AS notes_owner_id, notes.created_at AS notes_created_at 
FROM notes 
WHERE notes.owner_id = %(owner_id_1)s 
 LIMIT %(param_1)s, %(param_2)s
2026-07-29 09:03:49,444 | INFO | [cached since 1483s ago] {'owner_id_1': 4, 'param_1': 0, 'param_2': 10}
2026-07-29 09:03:49,452 | INFO | GET /notes Status=200 Time=106.82ms
2026-07-29 09:03:49,477 | INFO | ROLLBACK
2026-07-29 09:03:50,850 | INFO | BEGIN (implicit)
2026-07-29 09:03:50,857 | INFO | SELECT users.id AS users_id, users.name AS users_name, users.email AS users_email, users.password AS users_password, users.created_at AS users_created_at 
FROM users 
WHERE users.email = %(email_1)s 
 LIMIT %(param_1)s
2026-07-29 09:03:50,860 | INFO | [cached since 1528s ago] {'email_1': 'mkevatraj@gmail.com', 'param_1': 1}
2026-07-29 09:03:50,894 | INFO | SELECT notes.id AS notes_id, notes.title AS notes_title, notes.content AS notes_content, notes.tag AS notes_tag, notes.owner_id AS notes_owner_id, notes.created_at AS notes_created_at 
FROM notes 
WHERE notes.owner_id = %(owner_id_1)s 
 LIMIT %(param_1)s, %(param_2)s
2026-07-29 09:03:50,910 | INFO | [cached since 1485s ago] {'owner_id_1': 4, 'param_1': 0, 'param_2': 10}
2026-07-29 09:03:50,915 | INFO | GET /notes Status=200 Time=81.57ms
2026-07-29 09:03:50,927 | INFO | ROLLBACK
2026-07-29 09:03:53,779 | INFO | BEGIN (implicit)
2026-07-29 09:03:53,781 | INFO | SELECT users.id AS users_id, users.name AS users_name, users.email AS users_email, users.password AS users_password, users.created_at AS users_created_at 
FROM users 
WHERE users.email = %(email_1)s 
 LIMIT %(param_1)s
2026-07-29 09:03:53,783 | INFO | [cached since 1531s ago] {'email_1': 'mkevatraj@gmail.com', 'param_1': 1}
2026-07-29 09:03:53,790 | INFO | SELECT notes.id AS notes_id, notes.title AS notes_title, notes.content AS notes_content, notes.tag AS notes_tag, notes.owner_id AS notes_owner_id, notes.created_at AS notes_created_at 
FROM notes 
WHERE notes.owner_id = %(owner_id_1)s 
 LIMIT %(param_1)s, %(param_2)s
2026-07-29 09:03:53,795 | INFO | [cached since 1487s ago] {'owner_id_1': 4, 'param_1': 0, 'param_2': 10}
2026-07-29 09:03:53,798 | INFO | GET /notes Status=200 Time=32.05ms
2026-07-29 09:03:53,800 | INFO | ROLLBACK
2026-07-29 09:03:54,508 | INFO | BEGIN (implicit)
2026-07-29 09:03:54,524 | INFO | SELECT users.id AS users_id, users.name AS users_name, users.email AS users_email, users.password AS users_password, users.created_at AS users_created_at 
FROM users 
WHERE users.email = %(email_1)s 
 LIMIT %(param_1)s
2026-07-29 09:03:54,533 | INFO | [cached since 1532s ago] {'email_1': 'mkevatraj@gmail.com', 'param_1': 1}
2026-07-29 09:03:54,550 | INFO | SELECT notes.id AS notes_id, notes.title AS notes_title, notes.content AS notes_content, notes.tag AS notes_tag, notes.owner_id AS notes_owner_id, notes.created_at AS notes_created_at 
FROM notes 
WHERE notes.owner_id = %(owner_id_1)s 
 LIMIT %(param_1)s, %(param_2)s
2026-07-29 09:03:54,551 | INFO | [cached since 1488s ago] {'owner_id_1': 4, 'param_1': 0, 'param_2': 10}
2026-07-29 09:03:54,556 | INFO | GET /notes Status=200 Time=186.88ms
2026-07-29 09:03:54,560 | INFO | ROLLBACK
2026-07-29 09:04:20,604 | INFO | BEGIN (implicit)
2026-07-29 09:04:20,605 | INFO | SELECT users.id AS users_id, users.name AS users_name, users.email AS users_email, users.password AS users_password, users.created_at AS users_created_at 
FROM users 
WHERE users.email = %(email_1)s 
 LIMIT %(param_1)s
2026-07-29 09:04:20,606 | INFO | [cached since 1558s ago] {'email_1': 'mkevatraj@gmail.com', 'param_1': 1}
2026-07-29 09:04:20,618 | INFO | SELECT notes.id AS notes_id, notes.title AS notes_title, notes.content AS notes_content, notes.tag AS notes_tag, notes.owner_id AS notes_owner_id, notes.created_at AS notes_created_at 
FROM notes 
WHERE notes.owner_id = %(owner_id_1)s 
 LIMIT %(param_1)s, %(param_2)s
2026-07-29 09:04:20,620 | INFO | [cached since 1514s ago] {'owner_id_1': 4, 'param_1': 0, 'param_2': 10}
2026-07-29 09:04:20,637 | INFO | GET /notes Status=200 Time=35.35ms
2026-07-29 09:04:20,645 | INFO | ROLLBACK
2026-07-29 09:04:21,275 | INFO | BEGIN (implicit)
2026-07-29 09:04:21,276 | INFO | SELECT users.id AS users_id, users.name AS users_name, users.email AS users_email, users.password AS users_password, users.created_at AS users_created_at 
FROM users 
WHERE users.email = %(email_1)s 
 LIMIT %(param_1)s
2026-07-29 09:04:21,282 | INFO | [cached since 1558s ago] {'email_1': 'mkevatraj@gmail.com', 'param_1': 1}
2026-07-29 09:04:21,300 | INFO | SELECT notes.id AS notes_id, notes.title AS notes_title, notes.content AS notes_content, notes.tag AS notes_tag, notes.owner_id AS notes_owner_id, notes.created_at AS notes_created_at 
FROM notes 
WHERE notes.owner_id = %(owner_id_1)s 
 LIMIT %(param_1)s, %(param_2)s
2026-07-29 09:04:21,302 | INFO | [cached since 1515s ago] {'owner_id_1': 4, 'param_1': 0, 'param_2': 10}
2026-07-29 09:04:21,305 | INFO | GET /notes Status=200 Time=34.0ms
2026-07-29 09:04:21,307 | INFO | ROLLBACK
2026-07-29 09:04:21,870 | INFO | BEGIN (implicit)
2026-07-29 09:04:21,873 | INFO | SELECT users.id AS users_id, users.name AS users_name, users.email AS users_email, users.password AS users_password, users.created_at AS users_created_at 
FROM users 
WHERE users.email = %(email_1)s 
 LIMIT %(param_1)s
2026-07-29 09:04:21,873 | INFO | [cached since 1559s ago] {'email_1': 'mkevatraj@gmail.com', 'param_1': 1}
2026-07-29 09:04:21,883 | INFO | SELECT notes.id AS notes_id, notes.title AS notes_title, notes.content AS notes_content, notes.tag AS notes_tag, notes.owner_id AS notes_owner_id, notes.created_at AS notes_created_at 
FROM notes 
WHERE notes.owner_id = %(owner_id_1)s 
 LIMIT %(param_1)s, %(param_2)s
2026-07-29 09:04:21,883 | INFO | [cached since 1515s ago] {'owner_id_1': 4, 'param_1': 0, 'param_2': 10}
2026-07-29 09:04:21,886 | INFO | GET /notes Status=200 Time=37.12ms
2026-07-29 09:04:21,899 | INFO | ROLLBACK
2026-07-29 09:04:52,853 | INFO | BEGIN (implicit)
2026-07-29 09:04:52,859 | INFO | SELECT users.id AS users_id, users.name AS users_name, users.email AS users_email, users.password AS users_password, users.created_at AS users_created_at 
FROM users 
WHERE users.email = %(email_1)s 
 LIMIT %(param_1)s
2026-07-29 09:04:52,863 | INFO | [cached since 1590s ago] {'email_1': 'mkevatraj@gmail.com', 'param_1': 1}
2026-07-29 09:04:52,868 | INFO | SELECT notes.id AS notes_id, notes.title AS notes_title, notes.content AS notes_content, notes.tag AS notes_tag, notes.owner_id AS notes_owner_id, notes.created_at AS notes_created_at 
FROM notes 
WHERE notes.owner_id = %(owner_id_1)s 
 LIMIT %(param_1)s, %(param_2)s
2026-07-29 09:04:52,869 | INFO | [cached since 1546s ago] {'owner_id_1': 4, 'param_1': 0, 'param_2': 10}
2026-07-29 09:04:52,873 | INFO | GET /notes Status=200 Time=24.93ms
2026-07-29 09:04:52,875 | INFO | ROLLBACK
2026-07-29 09:08:06,583 | INFO | BEGIN (implicit)
2026-07-29 09:08:06,586 | INFO | SELECT users.id AS users_id, users.name AS users_name, users.email AS users_email, users.password AS users_password, users.created_at AS users_created_at 
FROM users 
WHERE users.email = %(email_1)s 
 LIMIT %(param_1)s
2026-07-29 09:08:06,589 | INFO | [cached since 1784s ago] {'email_1': 'mkevatraj@gmail.com', 'param_1': 1}
2026-07-29 09:08:06,601 | INFO | SELECT notes.id AS notes_id, notes.title AS notes_title, notes.content AS notes_content, notes.tag AS notes_tag, notes.owner_id AS notes_owner_id, notes.created_at AS notes_created_at 
FROM notes 
WHERE notes.owner_id = %(owner_id_1)s 
 LIMIT %(param_1)s, %(param_2)s
2026-07-29 09:08:06,601 | INFO | [cached since 1740s ago] {'owner_id_1': 4, 'param_1': 0, 'param_2': 10}
2026-07-29 09:08:06,606 | INFO | GET /notes Status=200 Time=28.02ms
2026-07-29 09:08:06,617 | INFO | ROLLBACK
2026-07-29 09:09:55,569 | INFO | BEGIN (implicit)
2026-07-29 09:09:55,571 | INFO | SELECT users.id AS users_id, users.name AS users_name, users.email AS users_email, users.password AS users_password, users.created_at AS users_created_at 
FROM users 
WHERE users.email = %(email_1)s 
 LIMIT %(param_1)s
2026-07-29 09:09:55,571 | INFO | [cached since 1893s ago] {'email_1': 'mkevatraj@gmail.com', 'param_1': 1}
2026-07-29 09:09:55,576 | INFO | SELECT notes.id AS notes_id, notes.title AS notes_title, notes.content AS notes_content, notes.tag AS notes_tag, notes.owner_id AS notes_owner_id, notes.created_at AS notes_created_at 
FROM notes 
WHERE notes.owner_id = %(owner_id_1)s 
 LIMIT %(param_1)s, %(param_2)s
2026-07-29 09:09:55,576 | INFO | [cached since 1849s ago] {'owner_id_1': 4, 'param_1': 0, 'param_2': 10}
2026-07-29 09:09:55,579 | INFO | GET /notes Status=200 Time=24.55ms
2026-07-29 09:09:55,581 | INFO | ROLLBACK
2026-07-29 09:09:56,146 | INFO | BEGIN (implicit)
2026-07-29 09:09:56,146 | INFO | SELECT users.id AS users_id, users.name AS users_name, users.email AS users_email, users.password AS users_password, users.created_at AS users_created_at 
FROM users 
WHERE users.email = %(email_1)s 
 LIMIT %(param_1)s
2026-07-29 09:09:56,147 | INFO | [cached since 1893s ago] {'email_1': 'mkevatraj@gmail.com', 'param_1': 1}
2026-07-29 09:09:56,151 | INFO | SELECT notes.id AS notes_id, notes.title AS notes_title, notes.content AS notes_content, notes.tag AS notes_tag, notes.owner_id AS notes_owner_id, notes.created_at AS notes_created_at 
FROM notes 
WHERE notes.owner_id = %(owner_id_1)s 
 LIMIT %(param_1)s, %(param_2)s
2026-07-29 09:09:56,151 | INFO | [cached since 1850s ago] {'owner_id_1': 4, 'param_1': 0, 'param_2': 10}
2026-07-29 09:09:56,156 | INFO | GET /notes Status=200 Time=14.22ms
2026-07-29 09:09:56,158 | INFO | ROLLBACK
2026-07-29 09:09:56,495 | INFO | BEGIN (implicit)
2026-07-29 09:09:56,496 | INFO | SELECT users.id AS users_id, users.name AS users_name, users.email AS users_email, users.password AS users_password, users.created_at AS users_created_at 
FROM users 
WHERE users.email = %(email_1)s 
 LIMIT %(param_1)s
2026-07-29 09:09:56,497 | INFO | [cached since 1894s ago] {'email_1': 'mkevatraj@gmail.com', 'param_1': 1}
2026-07-29 09:09:56,511 | INFO | SELECT notes.id AS notes_id, notes.title AS notes_title, notes.content AS notes_content, notes.tag AS notes_tag, notes.owner_id AS notes_owner_id, notes.created_at AS notes_created_at 
FROM notes 
WHERE notes.owner_id = %(owner_id_1)s 
 LIMIT %(param_1)s, %(param_2)s
2026-07-29 09:09:56,511 | INFO | [cached since 1850s ago] {'owner_id_1': 4, 'param_1': 0, 'param_2': 10}
2026-07-29 09:09:56,514 | INFO | GET /notes Status=200 Time=26.71ms
2026-07-29 09:09:56,518 | INFO | ROLLBACK
2026-07-29 09:10:00,628 | INFO | BEGIN (implicit)
2026-07-29 09:10:00,630 | INFO | SELECT users.id AS users_id, users.name AS users_name, users.email AS users_email, users.password AS users_password, users.created_at AS users_created_at 
FROM users 
WHERE users.email = %(email_1)s 
 LIMIT %(param_1)s
2026-07-29 09:10:00,631 | INFO | [cached since 1898s ago] {'email_1': 'mkevatraj@gmail.com', 'param_1': 1}
2026-07-29 09:10:00,635 | INFO | SELECT notes.id AS notes_id, notes.title AS notes_title, notes.content AS notes_content, notes.tag AS notes_tag, notes.owner_id AS notes_owner_id, notes.created_at AS notes_created_at 
FROM notes 
WHERE notes.owner_id = %(owner_id_1)s 
 LIMIT %(param_1)s, %(param_2)s
2026-07-29 09:10:00,636 | INFO | [cached since 1854s ago] {'owner_id_1': 4, 'param_1': 0, 'param_2': 10}
2026-07-29 09:10:00,640 | INFO | GET /notes Status=200 Time=45.11ms
2026-07-29 09:10:00,651 | INFO | ROLLBACK
2026-07-29 09:12:07,495 | INFO | OPTIONS /notes Status=200 Time=0.45ms
2026-07-29 09:12:07,608 | INFO | BEGIN (implicit)
2026-07-29 09:12:07,609 | INFO | SELECT users.id AS users_id, users.name AS users_name, users.email AS users_email, users.password AS users_password, users.created_at AS users_created_at 
FROM users 
WHERE users.email = %(email_1)s 
 LIMIT %(param_1)s
2026-07-29 09:12:07,610 | INFO | [cached since 2025s ago] {'email_1': 'mkevatraj@gmail.com', 'param_1': 1}
2026-07-29 09:12:07,616 | INFO | SELECT notes.id AS notes_id, notes.title AS notes_title, notes.content AS notes_content, notes.tag AS notes_tag, notes.owner_id AS notes_owner_id, notes.created_at AS notes_created_at 
FROM notes 
WHERE notes.owner_id = %(owner_id_1)s 
 LIMIT %(param_1)s, %(param_2)s
2026-07-29 09:12:07,617 | INFO | [cached since 1981s ago] {'owner_id_1': 4, 'param_1': 0, 'param_2': 10}
2026-07-29 09:12:07,622 | INFO | GET /notes Status=200 Time=18.88ms
2026-07-29 09:12:07,625 | INFO | ROLLBACK
2026-07-29 09:12:07,817 | INFO | BEGIN (implicit)
2026-07-29 09:12:07,819 | INFO | SELECT users.id AS users_id, users.name AS users_name, users.email AS users_email, users.password AS users_password, users.created_at AS users_created_at 
FROM users 
WHERE users.email = %(email_1)s 
 LIMIT %(param_1)s
2026-07-29 09:12:07,820 | INFO | [cached since 2025s ago] {'email_1': 'mkevatraj@gmail.com', 'param_1': 1}
2026-07-29 09:12:07,825 | INFO | SELECT notes.id AS notes_id, notes.title AS notes_title, notes.content AS notes_content, notes.tag AS notes_tag, notes.owner_id AS notes_owner_id, notes.created_at AS notes_created_at 
FROM notes 
WHERE notes.owner_id = %(owner_id_1)s 
 LIMIT %(param_1)s, %(param_2)s
2026-07-29 09:12:07,826 | INFO | [cached since 1981s ago] {'owner_id_1': 4, 'param_1': 0, 'param_2': 10}
2026-07-29 09:12:07,830 | INFO | GET /notes Status=200 Time=22.31ms
2026-07-29 09:12:07,832 | INFO | ROLLBACK
2026-07-29 09:12:08,808 | INFO | BEGIN (implicit)
2026-07-29 09:12:08,839 | INFO | SELECT users.id AS users_id, users.name AS users_name, users.email AS users_email, users.password AS users_password, users.created_at AS users_created_at 
FROM users 
WHERE users.email = %(email_1)s 
 LIMIT %(param_1)s
2026-07-29 09:12:08,864 | INFO | [cached since 2026s ago] {'email_1': 'mkevatraj@gmail.com', 'param_1': 1}
2026-07-29 09:12:08,882 | INFO | SELECT notes.id AS notes_id, notes.title AS notes_title, notes.content AS notes_content, notes.tag AS notes_tag, notes.owner_id AS notes_owner_id, notes.created_at AS notes_created_at 
FROM notes 
WHERE notes.owner_id = %(owner_id_1)s 
 LIMIT %(param_1)s, %(param_2)s
2026-07-29 09:12:08,887 | INFO | [cached since 1982s ago] {'owner_id_1': 4, 'param_1': 0, 'param_2': 10}
2026-07-29 09:12:08,891 | INFO | GET /notes Status=200 Time=196.97ms
2026-07-29 09:12:08,902 | INFO | ROLLBACK
2026-07-29 09:20:48,972 | INFO | BEGIN (implicit)
2026-07-29 09:20:48,989 | INFO | SELECT users.id AS users_id, users.name AS users_name, users.email AS users_email, users.password AS users_password, users.created_at AS users_created_at 
FROM users 
WHERE users.email = %(email_1)s 
 LIMIT %(param_1)s
2026-07-29 09:20:49,005 | INFO | [cached since 2546s ago] {'email_1': 'mkevatraj@gmail.com', 'param_1': 1}
2026-07-29 09:20:49,024 | INFO | SELECT notes.id AS notes_id, notes.title AS notes_title, notes.content AS notes_content, notes.tag AS notes_tag, notes.owner_id AS notes_owner_id, notes.created_at AS notes_created_at 
FROM notes 
WHERE notes.owner_id = %(owner_id_1)s 
 LIMIT %(param_1)s, %(param_2)s
2026-07-29 09:20:49,034 | INFO | [cached since 2503s ago] {'owner_id_1': 4, 'param_1': 0, 'param_2': 10}
2026-07-29 09:20:50,081 | INFO | GET /notes Status=200 Time=1213.23ms
2026-07-29 09:20:50,089 | INFO | ROLLBACK
2026-07-29 09:20:50,268 | INFO | BEGIN (implicit)
2026-07-29 09:20:50,283 | INFO | SELECT users.id AS users_id, users.name AS users_name, users.email AS users_email, users.password AS users_password, users.created_at AS users_created_at 
FROM users 
WHERE users.email = %(email_1)s 
 LIMIT %(param_1)s
2026-07-29 09:20:50,289 | INFO | [cached since 2547s ago] {'email_1': 'mkevatraj@gmail.com', 'param_1': 1}
2026-07-29 09:20:50,307 | INFO | SELECT notes.id AS notes_id, notes.title AS notes_title, notes.content AS notes_content, notes.tag AS notes_tag, notes.owner_id AS notes_owner_id, notes.created_at AS notes_created_at 
FROM notes 
WHERE notes.owner_id = %(owner_id_1)s 
 LIMIT %(param_1)s, %(param_2)s
2026-07-29 09:20:50,309 | INFO | [cached since 2504s ago] {'owner_id_1': 4, 'param_1': 0, 'param_2': 10}
2026-07-29 09:20:50,337 | INFO | GET /notes Status=200 Time=257.61ms
2026-07-29 09:20:50,349 | INFO | ROLLBACK
2026-07-29 09:20:53,872 | INFO | BEGIN (implicit)
2026-07-29 09:20:53,876 | INFO | SELECT users.id AS users_id, users.name AS users_name, users.email AS users_email, users.password AS users_password, users.created_at AS users_created_at 
FROM users 
WHERE users.email = %(email_1)s 
 LIMIT %(param_1)s
2026-07-29 09:20:53,883 | INFO | [cached since 2551s ago] {'email_1': 'mkevatraj@gmail.com', 'param_1': 1}
2026-07-29 09:20:53,895 | INFO | SELECT notes.id AS notes_id, notes.title AS notes_title, notes.content AS notes_content, notes.tag AS notes_tag, notes.owner_id AS notes_owner_id, notes.created_at AS notes_created_at 
FROM notes 
WHERE notes.owner_id = %(owner_id_1)s 
 LIMIT %(param_1)s, %(param_2)s
2026-07-29 09:20:53,904 | INFO | [cached since 2508s ago] {'owner_id_1': 4, 'param_1': 0, 'param_2': 10}
2026-07-29 09:20:53,907 | INFO | GET /notes Status=200 Time=75.52ms
2026-07-29 09:20:53,918 | INFO | ROLLBACK
2026-07-29 09:20:59,382 | INFO | BEGIN (implicit)
2026-07-29 09:20:59,398 | INFO | SELECT users.id AS users_id, users.name AS users_name, users.email AS users_email, users.password AS users_password, users.created_at AS users_created_at 
FROM users 
WHERE users.email = %(email_1)s 
 LIMIT %(param_1)s
2026-07-29 09:20:59,406 | INFO | [cached since 2556s ago] {'email_1': 'mkevatraj@gmail.com', 'param_1': 1}
2026-07-29 09:20:59,424 | INFO | SELECT notes.id AS notes_id, notes.title AS notes_title, notes.content AS notes_content, notes.tag AS notes_tag, notes.owner_id AS notes_owner_id, notes.created_at AS notes_created_at 
FROM notes 
WHERE notes.owner_id = %(owner_id_1)s 
 LIMIT %(param_1)s, %(param_2)s
2026-07-29 09:20:59,434 | INFO | [cached since 2513s ago] {'owner_id_1': 4, 'param_1': 0, 'param_2': 10}
2026-07-29 09:20:59,462 | INFO | GET /notes Status=200 Time=173.39ms
2026-07-29 09:20:59,465 | INFO | ROLLBACK
2026-07-29 09:21:14,031 | INFO | BEGIN (implicit)
2026-07-29 09:21:14,034 | INFO | SELECT users.id AS users_id, users.name AS users_name, users.email AS users_email, users.password AS users_password, users.created_at AS users_created_at 
FROM users 
WHERE users.email = %(email_1)s 
 LIMIT %(param_1)s
2026-07-29 09:21:14,035 | INFO | [cached since 2571s ago] {'email_1': 'mkevatraj@gmail.com', 'param_1': 1}
2026-07-29 09:21:14,043 | INFO | SELECT notes.id AS notes_id, notes.title AS notes_title, notes.content AS notes_content, notes.tag AS notes_tag, notes.owner_id AS notes_owner_id, notes.created_at AS notes_created_at 
FROM notes 
WHERE notes.owner_id = %(owner_id_1)s 
 LIMIT %(param_1)s, %(param_2)s
2026-07-29 09:21:14,044 | INFO | [cached since 2528s ago] {'owner_id_1': 4, 'param_1': 0, 'param_2': 10}
2026-07-29 09:21:14,048 | INFO | GET /notes Status=200 Time=28.41ms
2026-07-29 09:21:14,050 | INFO | ROLLBACK
2026-07-29 09:21:18,000 | INFO | BEGIN (implicit)
2026-07-29 09:21:18,000 | INFO | SELECT users.id AS users_id, users.name AS users_name, users.email AS users_email, users.password AS users_password, users.created_at AS users_created_at 
FROM users 
WHERE users.email = %(email_1)s 
 LIMIT %(param_1)s
2026-07-29 09:21:18,001 | INFO | [cached since 2575s ago] {'email_1': 'mkevatraj@gmail.com', 'param_1': 1}
2026-07-29 09:21:18,004 | INFO | SELECT notes.id AS notes_id, notes.title AS notes_title, notes.content AS notes_content, notes.tag AS notes_tag, notes.owner_id AS notes_owner_id, notes.created_at AS notes_created_at 
FROM notes 
WHERE notes.owner_id = %(owner_id_1)s 
 LIMIT %(param_1)s, %(param_2)s
2026-07-29 09:21:18,004 | INFO | [cached since 2532s ago] {'owner_id_1': 4, 'param_1': 0, 'param_2': 10}
2026-07-29 09:21:18,007 | INFO | GET /notes Status=200 Time=9.63ms
2026-07-29 09:21:18,008 | INFO | ROLLBACK
2026-07-29 09:21:19,039 | INFO | BEGIN (implicit)
2026-07-29 09:21:19,040 | INFO | SELECT users.id AS users_id, users.name AS users_name, users.email AS users_email, users.password AS users_password, users.created_at AS users_created_at 
FROM users 
WHERE users.email = %(email_1)s 
 LIMIT %(param_1)s
2026-07-29 09:21:19,040 | INFO | [cached since 2576s ago] {'email_1': 'mkevatraj@gmail.com', 'param_1': 1}
2026-07-29 09:21:19,043 | INFO | SELECT notes.id AS notes_id, notes.title AS notes_title, notes.content AS notes_content, notes.tag AS notes_tag, notes.owner_id AS notes_owner_id, notes.created_at AS notes_created_at 
FROM notes 
WHERE notes.owner_id = %(owner_id_1)s 
 LIMIT %(param_1)s, %(param_2)s
2026-07-29 09:21:19,043 | INFO | [cached since 2533s ago] {'owner_id_1': 4, 'param_1': 0, 'param_2': 10}
2026-07-29 09:21:19,045 | INFO | GET /notes Status=200 Time=8.63ms
2026-07-29 09:21:19,047 | INFO | ROLLBACK
2026-07-29 09:23:27,473 | INFO | OPTIONS /notes Status=200 Time=0.44ms
2026-07-29 09:23:27,613 | INFO | BEGIN (implicit)
2026-07-29 09:23:27,626 | INFO | SELECT users.id AS users_id, users.name AS users_name, users.email AS users_email, users.password AS users_password, users.created_at AS users_created_at 
FROM users 
WHERE users.email = %(email_1)s 
 LIMIT %(param_1)s
2026-07-29 09:23:27,627 | INFO | [cached since 2705s ago] {'email_1': 'mkevatraj@gmail.com', 'param_1': 1}
2026-07-29 09:23:27,647 | INFO | SELECT notes.id AS notes_id, notes.title AS notes_title, notes.content AS notes_content, notes.tag AS notes_tag, notes.owner_id AS notes_owner_id, notes.created_at AS notes_created_at 
FROM notes 
WHERE notes.owner_id = %(owner_id_1)s 
 LIMIT %(param_1)s, %(param_2)s
2026-07-29 09:23:27,658 | INFO | [cached since 2661s ago] {'owner_id_1': 4, 'param_1': 0, 'param_2': 10}
2026-07-29 09:23:27,668 | INFO | GET /notes Status=200 Time=61.65ms
2026-07-29 09:23:27,692 | INFO | ROLLBACK
2026-07-29 09:23:28,277 | INFO | BEGIN (implicit)
2026-07-29 09:23:28,278 | INFO | SELECT users.id AS users_id, users.name AS users_name, users.email AS users_email, users.password AS users_password, users.created_at AS users_created_at 
FROM users 
WHERE users.email = %(email_1)s 
 LIMIT %(param_1)s
2026-07-29 09:23:28,278 | INFO | [cached since 2705s ago] {'email_1': 'mkevatraj@gmail.com', 'param_1': 1}
2026-07-29 09:23:28,281 | INFO | SELECT notes.id AS notes_id, notes.title AS notes_title, notes.content AS notes_content, notes.tag AS notes_tag, notes.owner_id AS notes_owner_id, notes.created_at AS notes_created_at 
FROM notes 
WHERE notes.owner_id = %(owner_id_1)s 
 LIMIT %(param_1)s, %(param_2)s
2026-07-29 09:23:28,282 | INFO | [cached since 2662s ago] {'owner_id_1': 4, 'param_1': 0, 'param_2': 10}
2026-07-29 09:23:28,286 | INFO | GET /notes Status=200 Time=65.34ms
2026-07-29 09:23:28,288 | INFO | ROLLBACK
2026-07-29 09:24:06,563 | INFO | BEGIN (implicit)
2026-07-29 09:24:06,568 | INFO | SELECT users.id AS users_id, users.name AS users_name, users.email AS users_email, users.password AS users_password, users.created_at AS users_created_at 
FROM users 
WHERE users.email = %(email_1)s 
 LIMIT %(param_1)s
2026-07-29 09:24:06,584 | INFO | [cached since 2744s ago] {'email_1': 'mkevatraj@gmail.com', 'param_1': 1}
2026-07-29 09:24:06,591 | INFO | SELECT notes.id AS notes_id, notes.title AS notes_title, notes.content AS notes_content, notes.tag AS notes_tag, notes.owner_id AS notes_owner_id, notes.created_at AS notes_created_at 
FROM notes 
WHERE notes.owner_id = %(owner_id_1)s 
 LIMIT %(param_1)s, %(param_2)s
2026-07-29 09:24:06,607 | INFO | [cached since 2700s ago] {'owner_id_1': 4, 'param_1': 0, 'param_2': 10}
2026-07-29 09:24:06,613 | INFO | GET /notes Status=200 Time=146.48ms
2026-07-29 09:24:06,614 | INFO | ROLLBACK
2026-07-29 09:24:06,778 | INFO | BEGIN (implicit)
2026-07-29 09:24:06,780 | INFO | SELECT users.id AS users_id, users.name AS users_name, users.email AS users_email, users.password AS users_password, users.created_at AS users_created_at 
FROM users 
WHERE users.email = %(email_1)s 
 LIMIT %(param_1)s
2026-07-29 09:24:06,783 | INFO | [cached since 2744s ago] {'email_1': 'mkevatraj@gmail.com', 'param_1': 1}
2026-07-29 09:24:06,788 | INFO | SELECT notes.id AS notes_id, notes.title AS notes_title, notes.content AS notes_content, notes.tag AS notes_tag, notes.owner_id AS notes_owner_id, notes.created_at AS notes_created_at 
FROM notes 
WHERE notes.owner_id = %(owner_id_1)s 
 LIMIT %(param_1)s, %(param_2)s
2026-07-29 09:24:06,792 | INFO | [cached since 2700s ago] {'owner_id_1': 4, 'param_1': 0, 'param_2': 10}
2026-07-29 09:24:06,800 | INFO | GET /notes Status=200 Time=46.44ms
2026-07-29 09:24:06,802 | INFO | ROLLBACK
2026-07-29 09:24:07,306 | INFO | BEGIN (implicit)
2026-07-29 09:24:07,312 | INFO | SELECT users.id AS users_id, users.name AS users_name, users.email AS users_email, users.password AS users_password, users.created_at AS users_created_at 
FROM users 
WHERE users.email = %(email_1)s 
 LIMIT %(param_1)s
2026-07-29 09:24:07,320 | INFO | [cached since 2744s ago] {'email_1': 'mkevatraj@gmail.com', 'param_1': 1}
2026-07-29 09:24:07,333 | INFO | SELECT notes.id AS notes_id, notes.title AS notes_title, notes.content AS notes_content, notes.tag AS notes_tag, notes.owner_id AS notes_owner_id, notes.created_at AS notes_created_at 
FROM notes 
WHERE notes.owner_id = %(owner_id_1)s 
 LIMIT %(param_1)s, %(param_2)s
2026-07-29 09:24:07,334 | INFO | [cached since 2701s ago] {'owner_id_1': 4, 'param_1': 0, 'param_2': 10}
2026-07-29 09:24:07,339 | INFO | GET /notes Status=200 Time=64.02ms
2026-07-29 09:24:07,340 | INFO | ROLLBACK
2026-07-29 09:25:28,994 | INFO | BEGIN (implicit)
2026-07-29 09:25:29,005 | INFO | SELECT users.id AS users_id, users.name AS users_name, users.email AS users_email, users.password AS users_password, users.created_at AS users_created_at 
FROM users 
WHERE users.email = %(email_1)s 
 LIMIT %(param_1)s
2026-07-29 09:25:29,008 | INFO | [cached since 2826s ago] {'email_1': 'mkevatraj@gmail.com', 'param_1': 1}
2026-07-29 09:25:29,036 | INFO | SELECT notes.id AS notes_id, notes.title AS notes_title, notes.content AS notes_content, notes.tag AS notes_tag, notes.owner_id AS notes_owner_id, notes.created_at AS notes_created_at 
FROM notes 
WHERE notes.owner_id = %(owner_id_1)s 
 LIMIT %(param_1)s, %(param_2)s
2026-07-29 09:25:29,073 | INFO | [cached since 2783s ago] {'owner_id_1': 4, 'param_1': 0, 'param_2': 10}
2026-07-29 09:25:29,077 | INFO | GET /notes Status=200 Time=191.28ms
2026-07-29 09:25:29,087 | INFO | ROLLBACK
2026-07-29 09:25:29,561 | INFO | BEGIN (implicit)
2026-07-29 09:25:29,564 | INFO | SELECT users.id AS users_id, users.name AS users_name, users.email AS users_email, users.password AS users_password, users.created_at AS users_created_at 
FROM users 
WHERE users.email = %(email_1)s 
 LIMIT %(param_1)s
2026-07-29 09:25:29,566 | INFO | [cached since 2827s ago] {'email_1': 'mkevatraj@gmail.com', 'param_1': 1}
2026-07-29 09:25:29,570 | INFO | SELECT notes.id AS notes_id, notes.title AS notes_title, notes.content AS notes_content, notes.tag AS notes_tag, notes.owner_id AS notes_owner_id, notes.created_at AS notes_created_at 
FROM notes 
WHERE notes.owner_id = %(owner_id_1)s 
 LIMIT %(param_1)s, %(param_2)s
2026-07-29 09:25:29,571 | INFO | [cached since 2783s ago] {'owner_id_1': 4, 'param_1': 0, 'param_2': 10}
2026-07-29 09:25:29,574 | INFO | GET /notes Status=200 Time=19.86ms
2026-07-29 09:25:29,577 | INFO | ROLLBACK
2026-07-29 09:25:36,639 | INFO | BEGIN (implicit)
2026-07-29 09:25:36,640 | INFO | SELECT users.id AS users_id, users.name AS users_name, users.email AS users_email, users.password AS users_password, users.created_at AS users_created_at 
FROM users 
WHERE users.email = %(email_1)s 
 LIMIT %(param_1)s
2026-07-29 09:25:36,641 | INFO | [cached since 2834s ago] {'email_1': 'mkevatraj@gmail.com', 'param_1': 1}
2026-07-29 09:25:36,653 | INFO | SELECT notes.id AS notes_id, notes.title AS notes_title, notes.content AS notes_content, notes.tag AS notes_tag, notes.owner_id AS notes_owner_id, notes.created_at AS notes_created_at 
FROM notes 
WHERE notes.owner_id = %(owner_id_1)s 
 LIMIT %(param_1)s, %(param_2)s
2026-07-29 09:25:36,660 | INFO | [cached since 2790s ago] {'owner_id_1': 4, 'param_1': 0, 'param_2': 10}
2026-07-29 09:25:36,664 | INFO | GET /notes Status=200 Time=50.5ms
2026-07-29 09:25:36,670 | INFO | ROLLBACK
2026-07-29 09:28:37,864 | INFO | BEGIN (implicit)
2026-07-29 09:28:37,866 | INFO | SELECT users.id AS users_id, users.name AS users_name, users.email AS users_email, users.password AS users_password, users.created_at AS users_created_at 
FROM users 
WHERE users.email = %(email_1)s 
 LIMIT %(param_1)s
2026-07-29 09:28:37,867 | INFO | [cached since 3015s ago] {'email_1': 'mkevatraj@gmail.com', 'param_1': 1}
2026-07-29 09:28:37,872 | INFO | SELECT notes.id AS notes_id, notes.title AS notes_title, notes.content AS notes_content, notes.tag AS notes_tag, notes.owner_id AS notes_owner_id, notes.created_at AS notes_created_at 
FROM notes 
WHERE notes.owner_id = %(owner_id_1)s 
 LIMIT %(param_1)s, %(param_2)s
2026-07-29 09:28:37,873 | INFO | [cached since 2971s ago] {'owner_id_1': 4, 'param_1': 0, 'param_2': 10}
2026-07-29 09:28:37,879 | INFO | GET /notes Status=200 Time=21.03ms
2026-07-29 09:28:37,882 | INFO | ROLLBACK
2026-07-29 09:28:40,694 | INFO | BEGIN (implicit)
2026-07-29 09:28:40,696 | INFO | SELECT users.id AS users_id, users.name AS users_name, users.email AS users_email, users.password AS users_password, users.created_at AS users_created_at 
FROM users 
WHERE users.email = %(email_1)s 
 LIMIT %(param_1)s
2026-07-29 09:28:40,697 | INFO | [cached since 3018s ago] {'email_1': 'mkevatraj@gmail.com', 'param_1': 1}
2026-07-29 09:28:40,701 | INFO | SELECT notes.id AS notes_id, notes.title AS notes_title, notes.content AS notes_content, notes.tag AS notes_tag, notes.owner_id AS notes_owner_id, notes.created_at AS notes_created_at 
FROM notes 
WHERE notes.owner_id = %(owner_id_1)s 
 LIMIT %(param_1)s, %(param_2)s
2026-07-29 09:28:40,702 | INFO | [cached since 2974s ago] {'owner_id_1': 4, 'param_1': 0, 'param_2': 10}
2026-07-29 09:28:40,706 | INFO | GET /notes Status=200 Time=14.45ms
2026-07-29 09:28:40,708 | INFO | ROLLBACK
2026-07-29 09:28:41,027 | INFO | BEGIN (implicit)
2026-07-29 09:28:41,036 | INFO | SELECT users.id AS users_id, users.name AS users_name, users.email AS users_email, users.password AS users_password, users.created_at AS users_created_at 
FROM users 
WHERE users.email = %(email_1)s 
 LIMIT %(param_1)s
2026-07-29 09:28:41,038 | INFO | [cached since 3018s ago] {'email_1': 'mkevatraj@gmail.com', 'param_1': 1}
2026-07-29 09:28:41,043 | INFO | SELECT notes.id AS notes_id, notes.title AS notes_title, notes.content AS notes_content, notes.tag AS notes_tag, notes.owner_id AS notes_owner_id, notes.created_at AS notes_created_at 
FROM notes 
WHERE notes.owner_id = %(owner_id_1)s 
 LIMIT %(param_1)s, %(param_2)s
2026-07-29 09:28:41,044 | INFO | [cached since 2975s ago] {'owner_id_1': 4, 'param_1': 0, 'param_2': 10}
2026-07-29 09:28:41,047 | INFO | GET /notes Status=200 Time=24.03ms
2026-07-29 09:28:41,048 | INFO | ROLLBACK
2026-07-29 09:28:41,358 | INFO | BEGIN (implicit)
2026-07-29 09:28:41,362 | INFO | SELECT users.id AS users_id, users.name AS users_name, users.email AS users_email, users.password AS users_password, users.created_at AS users_created_at 
FROM users 
WHERE users.email = %(email_1)s 
 LIMIT %(param_1)s
2026-07-29 09:28:41,364 | INFO | [cached since 3018s ago] {'email_1': 'mkevatraj@gmail.com', 'param_1': 1}
2026-07-29 09:28:41,372 | INFO | SELECT notes.id AS notes_id, notes.title AS notes_title, notes.content AS notes_content, notes.tag AS notes_tag, notes.owner_id AS notes_owner_id, notes.created_at AS notes_created_at 
FROM notes 
WHERE notes.owner_id = %(owner_id_1)s 
 LIMIT %(param_1)s, %(param_2)s
2026-07-29 09:28:41,373 | INFO | [cached since 2975s ago] {'owner_id_1': 4, 'param_1': 0, 'param_2': 10}
2026-07-29 09:28:41,376 | INFO | GET /notes Status=200 Time=23.03ms
2026-07-29 09:28:41,382 | INFO | ROLLBACK
2026-07-29 09:28:44,231 | INFO | BEGIN (implicit)
2026-07-29 09:28:44,237 | INFO | SELECT users.id AS users_id, users.name AS users_name, users.email AS users_email, users.password AS users_password, users.created_at AS users_created_at 
FROM users 
WHERE users.email = %(email_1)s 
 LIMIT %(param_1)s
2026-07-29 09:28:44,249 | INFO | [cached since 3021s ago] {'email_1': 'mkevatraj@gmail.com', 'param_1': 1}
2026-07-29 09:28:44,267 | INFO | SELECT notes.id AS notes_id, notes.title AS notes_title, notes.content AS notes_content, notes.tag AS notes_tag, notes.owner_id AS notes_owner_id, notes.created_at AS notes_created_at 
FROM notes 
WHERE notes.owner_id = %(owner_id_1)s 
 LIMIT %(param_1)s, %(param_2)s
2026-07-29 09:28:44,271 | INFO | [cached since 2978s ago] {'owner_id_1': 4, 'param_1': 0, 'param_2': 10}
2026-07-29 09:28:44,275 | INFO | GET /notes Status=200 Time=71.57ms
2026-07-29 09:28:44,283 | INFO | ROLLBACK
2026-07-29 09:29:07,780 | INFO | BEGIN (implicit)
2026-07-29 09:29:07,790 | INFO | SELECT users.id AS users_id, users.name AS users_name, users.email AS users_email, users.password AS users_password, users.created_at AS users_created_at 
FROM users 
WHERE users.email = %(email_1)s 
 LIMIT %(param_1)s
2026-07-29 09:29:07,799 | INFO | [cached since 3045s ago] {'email_1': 'mkevatraj@gmail.com', 'param_1': 1}
2026-07-29 09:29:07,816 | INFO | SELECT notes.id AS notes_id, notes.title AS notes_title, notes.content AS notes_content, notes.tag AS notes_tag, notes.owner_id AS notes_owner_id, notes.created_at AS notes_created_at 
FROM notes 
WHERE notes.owner_id = %(owner_id_1)s 
 LIMIT %(param_1)s, %(param_2)s
2026-07-29 09:29:07,821 | INFO | [cached since 3001s ago] {'owner_id_1': 4, 'param_1': 0, 'param_2': 10}
2026-07-29 09:29:07,825 | INFO | GET /notes Status=200 Time=98.1ms
2026-07-29 09:29:07,832 | INFO | ROLLBACK
2026-07-29 09:29:08,395 | INFO | BEGIN (implicit)
2026-07-29 09:29:08,401 | INFO | SELECT users.id AS users_id, users.name AS users_name, users.email AS users_email, users.password AS users_password, users.created_at AS users_created_at 
FROM users 
WHERE users.email = %(email_1)s 
 LIMIT %(param_1)s
2026-07-29 09:29:08,405 | INFO | [cached since 3045s ago] {'email_1': 'mkevatraj@gmail.com', 'param_1': 1}
2026-07-29 09:29:08,418 | INFO | SELECT notes.id AS notes_id, notes.title AS notes_title, notes.content AS notes_content, notes.tag AS notes_tag, notes.owner_id AS notes_owner_id, notes.created_at AS notes_created_at 
FROM notes 
WHERE notes.owner_id = %(owner_id_1)s 
 LIMIT %(param_1)s, %(param_2)s
2026-07-29 09:29:08,419 | INFO | [cached since 3002s ago] {'owner_id_1': 4, 'param_1': 0, 'param_2': 10}
2026-07-29 09:29:08,423 | INFO | GET /notes Status=200 Time=136.19ms
2026-07-29 09:29:08,432 | INFO | ROLLBACK
2026-07-29 09:30:00,182 | INFO | BEGIN (implicit)
2026-07-29 09:30:00,189 | INFO | SELECT users.id AS users_id, users.name AS users_name, users.email AS users_email, users.password AS users_password, users.created_at AS users_created_at 
FROM users 
WHERE users.email = %(email_1)s 
 LIMIT %(param_1)s
2026-07-29 09:30:00,194 | INFO | [cached since 3097s ago] {'email_1': 'mkevatraj@gmail.com', 'param_1': 1}
2026-07-29 09:30:00,206 | INFO | SELECT notes.id AS notes_id, notes.title AS notes_title, notes.content AS notes_content, notes.tag AS notes_tag, notes.owner_id AS notes_owner_id, notes.created_at AS notes_created_at 
FROM notes 
WHERE notes.owner_id = %(owner_id_1)s 
 LIMIT %(param_1)s, %(param_2)s
2026-07-29 09:30:00,209 | INFO | [cached since 3054s ago] {'owner_id_1': 4, 'param_1': 0, 'param_2': 10}
2026-07-29 09:30:00,212 | INFO | GET /notes Status=200 Time=38.67ms
2026-07-29 09:30:00,215 | INFO | ROLLBACK
2026-07-29 09:30:00,623 | INFO | BEGIN (implicit)
2026-07-29 09:30:00,629 | INFO | SELECT users.id AS users_id, users.name AS users_name, users.email AS users_email, users.password AS users_password, users.created_at AS users_created_at 
FROM users 
WHERE users.email = %(email_1)s 
 LIMIT %(param_1)s
2026-07-29 09:30:00,641 | INFO | [cached since 3098s ago] {'email_1': 'mkevatraj@gmail.com', 'param_1': 1}
2026-07-29 09:30:00,649 | INFO | SELECT notes.id AS notes_id, notes.title AS notes_title, notes.content AS notes_content, notes.tag AS notes_tag, notes.owner_id AS notes_owner_id, notes.created_at AS notes_created_at 
FROM notes 
WHERE notes.owner_id = %(owner_id_1)s 
 LIMIT %(param_1)s, %(param_2)s
2026-07-29 09:30:00,652 | INFO | [cached since 3054s ago] {'owner_id_1': 4, 'param_1': 0, 'param_2': 10}
2026-07-29 09:30:00,656 | INFO | GET /notes Status=200 Time=113.87ms
2026-07-29 09:30:00,660 | INFO | ROLLBACK
2026-07-29 09:30:01,810 | INFO | BEGIN (implicit)
2026-07-29 09:30:01,813 | INFO | SELECT users.id AS users_id, users.name AS users_name, users.email AS users_email, users.password AS users_password, users.created_at AS users_created_at 
FROM users 
WHERE users.email = %(email_1)s 
 LIMIT %(param_1)s
2026-07-29 09:30:01,819 | INFO | [cached since 3099s ago] {'email_1': 'mkevatraj@gmail.com', 'param_1': 1}
2026-07-29 09:30:01,832 | INFO | SELECT notes.id AS notes_id, notes.title AS notes_title, notes.content AS notes_content, notes.tag AS notes_tag, notes.owner_id AS notes_owner_id, notes.created_at AS notes_created_at 
FROM notes 
WHERE notes.owner_id = %(owner_id_1)s 
 LIMIT %(param_1)s, %(param_2)s
2026-07-29 09:30:01,834 | INFO | [cached since 3055s ago] {'owner_id_1': 4, 'param_1': 0, 'param_2': 10}
2026-07-29 09:30:01,838 | INFO | GET /notes Status=200 Time=51.46ms
2026-07-29 09:30:01,840 | INFO | ROLLBACK
2026-07-29 09:30:27,018 | INFO | BEGIN (implicit)
2026-07-29 09:30:27,018 | INFO | SELECT users.id AS users_id, users.name AS users_name, users.email AS users_email, users.password AS users_password, users.created_at AS users_created_at 
FROM users 
WHERE users.email = %(email_1)s 
 LIMIT %(param_1)s
2026-07-29 09:30:27,020 | INFO | [cached since 3124s ago] {'email_1': 'mkevatraj@gmail.com', 'param_1': 1}
2026-07-29 09:30:27,025 | INFO | SELECT notes.id AS notes_id, notes.title AS notes_title, notes.content AS notes_content, notes.tag AS notes_tag, notes.owner_id AS notes_owner_id, notes.created_at AS notes_created_at 
FROM notes 
WHERE notes.owner_id = %(owner_id_1)s 
 LIMIT %(param_1)s, %(param_2)s
2026-07-29 09:30:27,026 | INFO | [cached since 3081s ago] {'owner_id_1': 4, 'param_1': 0, 'param_2': 10}
2026-07-29 09:30:27,032 | INFO | GET /notes Status=200 Time=17.97ms
2026-07-29 09:30:27,034 | INFO | ROLLBACK
2026-07-29 09:30:27,798 | INFO | BEGIN (implicit)
2026-07-29 09:30:27,799 | INFO | SELECT users.id AS users_id, users.name AS users_name, users.email AS users_email, users.password AS users_password, users.created_at AS users_created_at 
FROM users 
WHERE users.email = %(email_1)s 
 LIMIT %(param_1)s
2026-07-29 09:30:27,800 | INFO | [cached since 3125s ago] {'email_1': 'mkevatraj@gmail.com', 'param_1': 1}
2026-07-29 09:30:27,807 | INFO | SELECT notes.id AS notes_id, notes.title AS notes_title, notes.content AS notes_content, notes.tag AS notes_tag, notes.owner_id AS notes_owner_id, notes.created_at AS notes_created_at 
FROM notes 
WHERE notes.owner_id = %(owner_id_1)s 
 LIMIT %(param_1)s, %(param_2)s
2026-07-29 09:30:27,809 | INFO | [cached since 3081s ago] {'owner_id_1': 4, 'param_1': 0, 'param_2': 10}
2026-07-29 09:30:27,820 | INFO | GET /notes Status=200 Time=35.97ms
2026-07-29 09:30:27,822 | INFO | ROLLBACK
2026-07-29 09:30:28,124 | INFO | BEGIN (implicit)
2026-07-29 09:30:28,125 | INFO | SELECT users.id AS users_id, users.name AS users_name, users.email AS users_email, users.password AS users_password, users.created_at AS users_created_at 
FROM users 
WHERE users.email = %(email_1)s 
 LIMIT %(param_1)s
2026-07-29 09:30:28,126 | INFO | [cached since 3125s ago] {'email_1': 'mkevatraj@gmail.com', 'param_1': 1}
2026-07-29 09:30:28,134 | INFO | SELECT notes.id AS notes_id, notes.title AS notes_title, notes.content AS notes_content, notes.tag AS notes_tag, notes.owner_id AS notes_owner_id, notes.created_at AS notes_created_at 
FROM notes 
WHERE notes.owner_id = %(owner_id_1)s 
 LIMIT %(param_1)s, %(param_2)s
2026-07-29 09:30:28,134 | INFO | [cached since 3082s ago] {'owner_id_1': 4, 'param_1': 0, 'param_2': 10}
2026-07-29 09:30:28,138 | INFO | GET /notes Status=200 Time=16.37ms
2026-07-29 09:30:28,139 | INFO | ROLLBACK
2026-07-29 09:32:51,409 | INFO | BEGIN (implicit)
2026-07-29 09:32:51,411 | INFO | SELECT users.id AS users_id, users.name AS users_name, users.email AS users_email, users.password AS users_password, users.created_at AS users_created_at 
FROM users 
WHERE users.email = %(email_1)s 
 LIMIT %(param_1)s
2026-07-29 09:32:51,413 | INFO | [cached since 3268s ago] {'email_1': 'mkevatraj@gmail.com', 'param_1': 1}
2026-07-29 09:32:51,431 | INFO | SELECT notes.id AS notes_id, notes.title AS notes_title, notes.content AS notes_content, notes.tag AS notes_tag, notes.owner_id AS notes_owner_id, notes.created_at AS notes_created_at 
FROM notes 
WHERE notes.owner_id = %(owner_id_1)s 
 LIMIT %(param_1)s, %(param_2)s
2026-07-29 09:32:51,439 | INFO | [cached since 3225s ago] {'owner_id_1': 4, 'param_1': 0, 'param_2': 10}
2026-07-29 09:32:51,442 | INFO | GET /notes Status=200 Time=52.22ms
2026-07-29 09:32:51,454 | INFO | ROLLBACK
2026-07-29 09:32:53,000 | INFO | BEGIN (implicit)
2026-07-29 09:32:53,007 | INFO | SELECT users.id AS users_id, users.name AS users_name, users.email AS users_email, users.password AS users_password, users.created_at AS users_created_at 
FROM users 
WHERE users.email = %(email_1)s 
 LIMIT %(param_1)s
2026-07-29 09:32:53,010 | INFO | [cached since 3270s ago] {'email_1': 'mkevatraj@gmail.com', 'param_1': 1}
2026-07-29 09:32:53,017 | INFO | SELECT notes.id AS notes_id, notes.title AS notes_title, notes.content AS notes_content, notes.tag AS notes_tag, notes.owner_id AS notes_owner_id, notes.created_at AS notes_created_at 
FROM notes 
WHERE notes.owner_id = %(owner_id_1)s 
 LIMIT %(param_1)s, %(param_2)s
2026-07-29 09:32:53,019 | INFO | [cached since 3227s ago] {'owner_id_1': 4, 'param_1': 0, 'param_2': 10}
2026-07-29 09:32:53,023 | INFO | GET /notes Status=200 Time=38.84ms
2026-07-29 09:32:53,028 | INFO | ROLLBACK
2026-07-29 09:32:54,356 | INFO | BEGIN (implicit)
2026-07-29 09:32:54,357 | INFO | SELECT users.id AS users_id, users.name AS users_name, users.email AS users_email, users.password AS users_password, users.created_at AS users_created_at 
FROM users 
WHERE users.email = %(email_1)s 
 LIMIT %(param_1)s
2026-07-29 09:32:54,379 | INFO | [cached since 3271s ago] {'email_1': 'mkevatraj@gmail.com', 'param_1': 1}
2026-07-29 09:32:54,384 | INFO | SELECT notes.id AS notes_id, notes.title AS notes_title, notes.content AS notes_content, notes.tag AS notes_tag, notes.owner_id AS notes_owner_id, notes.created_at AS notes_created_at 
FROM notes 
WHERE notes.owner_id = %(owner_id_1)s 
 LIMIT %(param_1)s, %(param_2)s
2026-07-29 09:32:54,390 | INFO | [cached since 3228s ago] {'owner_id_1': 4, 'param_1': 0, 'param_2': 10}
2026-07-29 09:32:54,395 | INFO | GET /notes Status=200 Time=58.53ms
2026-07-29 09:32:54,398 | INFO | ROLLBACK
2026-07-29 09:33:16,862 | INFO | BEGIN (implicit)
2026-07-29 09:33:16,863 | INFO | SELECT users.id AS users_id, users.name AS users_name, users.email AS users_email, users.password AS users_password, users.created_at AS users_created_at 
FROM users 
WHERE users.email = %(email_1)s 
 LIMIT %(param_1)s
2026-07-29 09:33:16,865 | INFO | [cached since 3294s ago] {'email_1': 'mkevatraj@gmail.com', 'param_1': 1}
2026-07-29 09:33:16,875 | INFO | SELECT notes.id AS notes_id, notes.title AS notes_title, notes.content AS notes_content, notes.tag AS notes_tag, notes.owner_id AS notes_owner_id, notes.created_at AS notes_created_at 
FROM notes 
WHERE notes.owner_id = %(owner_id_1)s 
 LIMIT %(param_1)s, %(param_2)s
2026-07-29 09:33:16,876 | INFO | [cached since 3250s ago] {'owner_id_1': 4, 'param_1': 0, 'param_2': 10}
2026-07-29 09:33:16,883 | INFO | GET /notes Status=200 Time=25.42ms
2026-07-29 09:33:16,886 | INFO | ROLLBACK
2026-07-29 09:33:22,528 | INFO | BEGIN (implicit)
2026-07-29 09:33:22,528 | INFO | SELECT users.id AS users_id, users.name AS users_name, users.email AS users_email, users.password AS users_password, users.created_at AS users_created_at 
FROM users 
WHERE users.email = %(email_1)s 
 LIMIT %(param_1)s
2026-07-29 09:33:22,529 | INFO | [cached since 3300s ago] {'email_1': 'mkevatraj@gmail.com', 'param_1': 1}
2026-07-29 09:33:22,533 | INFO | SELECT notes.id AS notes_id, notes.title AS notes_title, notes.content AS notes_content, notes.tag AS notes_tag, notes.owner_id AS notes_owner_id, notes.created_at AS notes_created_at 
FROM notes 
WHERE notes.owner_id = %(owner_id_1)s 
 LIMIT %(param_1)s, %(param_2)s
2026-07-29 09:33:22,533 | INFO | [cached since 3256s ago] {'owner_id_1': 4, 'param_1': 0, 'param_2': 10}
2026-07-29 09:33:22,536 | INFO | GET /notes Status=200 Time=11.04ms
2026-07-29 09:33:22,538 | INFO | ROLLBACK
2026-07-29 09:34:47,424 | INFO | OPTIONS /notes Status=200 Time=0.47ms
2026-07-29 09:34:47,469 | INFO | BEGIN (implicit)
2026-07-29 09:34:47,470 | INFO | SELECT users.id AS users_id, users.name AS users_name, users.email AS users_email, users.password AS users_password, users.created_at AS users_created_at 
FROM users 
WHERE users.email = %(email_1)s 
 LIMIT %(param_1)s
2026-07-29 09:34:47,471 | INFO | [cached since 3385s ago] {'email_1': 'mkevatraj@gmail.com', 'param_1': 1}
2026-07-29 09:34:47,476 | INFO | SELECT notes.id AS notes_id, notes.title AS notes_title, notes.content AS notes_content, notes.tag AS notes_tag, notes.owner_id AS notes_owner_id, notes.created_at AS notes_created_at 
FROM notes 
WHERE notes.owner_id = %(owner_id_1)s 
 LIMIT %(param_1)s, %(param_2)s
2026-07-29 09:34:47,478 | INFO | [cached since 3341s ago] {'owner_id_1': 4, 'param_1': 0, 'param_2': 10}
2026-07-29 09:34:47,487 | INFO | GET /notes Status=200 Time=24.6ms
2026-07-29 09:34:47,494 | INFO | ROLLBACK
2026-07-29 09:34:48,079 | INFO | BEGIN (implicit)
2026-07-29 09:34:48,080 | INFO | SELECT users.id AS users_id, users.name AS users_name, users.email AS users_email, users.password AS users_password, users.created_at AS users_created_at 
FROM users 
WHERE users.email = %(email_1)s 
 LIMIT %(param_1)s
2026-07-29 09:34:48,086 | INFO | [cached since 3385s ago] {'email_1': 'mkevatraj@gmail.com', 'param_1': 1}
2026-07-29 09:34:48,095 | INFO | SELECT notes.id AS notes_id, notes.title AS notes_title, notes.content AS notes_content, notes.tag AS notes_tag, notes.owner_id AS notes_owner_id, notes.created_at AS notes_created_at 
FROM notes 
WHERE notes.owner_id = %(owner_id_1)s 
 LIMIT %(param_1)s, %(param_2)s
2026-07-29 09:34:48,096 | INFO | [cached since 3342s ago] {'owner_id_1': 4, 'param_1': 0, 'param_2': 10}
2026-07-29 09:34:48,101 | INFO | GET /notes Status=200 Time=75.78ms
2026-07-29 09:34:48,106 | INFO | ROLLBACK
2026-07-29 09:34:48,562 | INFO | BEGIN (implicit)
2026-07-29 09:34:48,567 | INFO | SELECT users.id AS users_id, users.name AS users_name, users.email AS users_email, users.password AS users_password, users.created_at AS users_created_at 
FROM users 
WHERE users.email = %(email_1)s 
 LIMIT %(param_1)s
2026-07-29 09:34:48,568 | INFO | [cached since 3386s ago] {'email_1': 'mkevatraj@gmail.com', 'param_1': 1}
2026-07-29 09:34:48,573 | INFO | SELECT notes.id AS notes_id, notes.title AS notes_title, notes.content AS notes_content, notes.tag AS notes_tag, notes.owner_id AS notes_owner_id, notes.created_at AS notes_created_at 
FROM notes 
WHERE notes.owner_id = %(owner_id_1)s 
 LIMIT %(param_1)s, %(param_2)s
2026-07-29 09:34:48,573 | INFO | [cached since 3342s ago] {'owner_id_1': 4, 'param_1': 0, 'param_2': 10}
2026-07-29 09:34:48,576 | INFO | GET /notes Status=200 Time=24.04ms
2026-07-29 09:34:48,578 | INFO | ROLLBACK
2026-07-29 09:35:31,183 | INFO | OPTIONS /notes/12 Status=200 Time=0.47ms
2026-07-29 09:35:31,197 | INFO | BEGIN (implicit)
2026-07-29 09:35:31,198 | INFO | SELECT users.id AS users_id, users.name AS users_name, users.email AS users_email, users.password AS users_password, users.created_at AS users_created_at 
FROM users 
WHERE users.email = %(email_1)s 
 LIMIT %(param_1)s
2026-07-29 09:35:31,198 | INFO | [cached since 3428s ago] {'email_1': 'mkevatraj@gmail.com', 'param_1': 1}
2026-07-29 09:35:31,215 | INFO | SELECT notes.id AS notes_id, notes.title AS notes_title, notes.content AS notes_content, notes.tag AS notes_tag, notes.owner_id AS notes_owner_id, notes.created_at AS notes_created_at 
FROM notes 
WHERE notes.id = %(id_1)s AND notes.owner_id = %(owner_id_1)s 
 LIMIT %(param_1)s
2026-07-29 09:35:31,215 | INFO | [generated in 0.00116s] {'id_1': 12, 'owner_id_1': 4, 'param_1': 1}
2026-07-29 09:35:31,242 | INFO | DELETE FROM notes WHERE notes.id = %(id)s
2026-07-29 09:35:31,242 | INFO | [generated in 0.00086s] {'id': 12}
2026-07-29 09:35:31,255 | INFO | COMMIT
2026-07-29 09:35:31,280 | INFO | DELETE /notes/12 Status=200 Time=92.55ms
2026-07-29 09:35:31,287 | INFO | BEGIN (implicit)
2026-07-29 09:35:31,288 | INFO | SELECT users.id AS users_id, users.name AS users_name, users.email AS users_email, users.password AS users_password, users.created_at AS users_created_at 
FROM users 
WHERE users.email = %(email_1)s 
 LIMIT %(param_1)s
2026-07-29 09:35:31,288 | INFO | [cached since 3428s ago] {'email_1': 'mkevatraj@gmail.com', 'param_1': 1}
2026-07-29 09:35:31,294 | INFO | SELECT notes.id AS notes_id, notes.title AS notes_title, notes.content AS notes_content, notes.tag AS notes_tag, notes.owner_id AS notes_owner_id, notes.created_at AS notes_created_at 
FROM notes 
WHERE notes.owner_id = %(owner_id_1)s 
 LIMIT %(param_1)s, %(param_2)s
2026-07-29 09:35:31,294 | INFO | [cached since 3385s ago] {'owner_id_1': 4, 'param_1': 0, 'param_2': 10}
2026-07-29 09:35:31,298 | INFO | GET /notes Status=200 Time=13.3ms
2026-07-29 09:35:31,299 | INFO | ROLLBACK
2026-07-29 09:35:56,934 | INFO | BEGIN (implicit)
2026-07-29 09:35:56,935 | INFO | SELECT users.id AS users_id, users.name AS users_name, users.email AS users_email, users.password AS users_password, users.created_at AS users_created_at 
FROM users 
WHERE users.email = %(email_1)s 
 LIMIT %(param_1)s
2026-07-29 09:35:56,935 | INFO | [cached since 3454s ago] {'email_1': 'mkevatraj@gmail.com', 'param_1': 1}
2026-07-29 09:35:56,944 | INFO | INSERT INTO notes (title, content, tag, owner_id) VALUES (%(title)s, %(content)s, %(tag)s, %(owner_id)s)
2026-07-29 09:35:56,944 | INFO | [generated in 0.00051s] {'title': 'Java', 'content': 'This is java', 'tag': 'Programing', 'owner_id': 4}
2026-07-29 09:35:56,954 | INFO | COMMIT
2026-07-29 09:35:56,970 | INFO | BEGIN (implicit)
2026-07-29 09:35:56,972 | INFO | SELECT notes.id, notes.title, notes.content, notes.tag, notes.owner_id, notes.created_at 
FROM notes 
WHERE notes.id = %(pk_1)s
2026-07-29 09:35:56,972 | INFO | [generated in 0.00034s] {'pk_1': 13}
2026-07-29 09:35:56,977 | INFO | POST /notes Status=200 Time=47.56ms
2026-07-29 09:35:56,986 | INFO | BEGIN (implicit)
2026-07-29 09:35:56,987 | INFO | SELECT users.id AS users_id, users.name AS users_name, users.email AS users_email, users.password AS users_password, users.created_at AS users_created_at 
FROM users 
WHERE users.email = %(email_1)s 
 LIMIT %(param_1)s
2026-07-29 09:35:56,987 | INFO | [cached since 3454s ago] {'email_1': 'mkevatraj@gmail.com', 'param_1': 1}
2026-07-29 09:35:56,991 | INFO | SELECT notes.id AS notes_id, notes.title AS notes_title, notes.content AS notes_content, notes.tag AS notes_tag, notes.owner_id AS notes_owner_id, notes.created_at AS notes_created_at 
FROM notes 
WHERE notes.owner_id = %(owner_id_1)s 
 LIMIT %(param_1)s, %(param_2)s
2026-07-29 09:35:56,992 | INFO | [cached since 3411s ago] {'owner_id_1': 4, 'param_1': 0, 'param_2': 10}
2026-07-29 09:35:56,995 | INFO | GET /notes Status=200 Time=13.72ms
2026-07-29 09:35:56,997 | INFO | ROLLBACK
2026-07-29 09:35:58,981 | INFO | Background indexing completed for Note ID 13
2026-07-29 09:35:58,983 | INFO | ROLLBACK
2026-07-29 09:36:04,864 | INFO | BEGIN (implicit)
2026-07-29 09:36:04,864 | INFO | SELECT users.id AS users_id, users.name AS users_name, users.email AS users_email, users.password AS users_password, users.created_at AS users_created_at 
FROM users 
WHERE users.email = %(email_1)s 
 LIMIT %(param_1)s
2026-07-29 09:36:04,865 | INFO | [cached since 3462s ago] {'email_1': 'mkevatraj@gmail.com', 'param_1': 1}
2026-07-29 09:36:04,867 | INFO | INSERT INTO notes (title, content, tag, owner_id) VALUES (%(title)s, %(content)s, %(tag)s, %(owner_id)s)
2026-07-29 09:36:04,868 | INFO | [cached since 7.924s ago] {'title': 'CSS', 'content': 'THis', 'tag': 's', 'owner_id': 4}
2026-07-29 09:36:04,872 | INFO | COMMIT
2026-07-29 09:36:04,885 | INFO | BEGIN (implicit)
2026-07-29 09:36:04,886 | INFO | SELECT notes.id, notes.title, notes.content, notes.tag, notes.owner_id, notes.created_at 
FROM notes 
WHERE notes.id = %(pk_1)s
2026-07-29 09:36:04,886 | INFO | [cached since 7.914s ago] {'pk_1': 14}
2026-07-29 09:36:04,889 | INFO | POST /notes Status=200 Time=28.22ms
2026-07-29 09:36:04,897 | INFO | BEGIN (implicit)
2026-07-29 09:36:04,898 | INFO | SELECT users.id AS users_id, users.name AS users_name, users.email AS users_email, users.password AS users_password, users.created_at AS users_created_at 
FROM users 
WHERE users.email = %(email_1)s 
 LIMIT %(param_1)s
2026-07-29 09:36:04,898 | INFO | [cached since 3462s ago] {'email_1': 'mkevatraj@gmail.com', 'param_1': 1}
2026-07-29 09:36:04,901 | INFO | SELECT notes.id AS notes_id, notes.title AS notes_title, notes.content AS notes_content, notes.tag AS notes_tag, notes.owner_id AS notes_owner_id, notes.created_at AS notes_created_at 
FROM notes 
WHERE notes.owner_id = %(owner_id_1)s 
 LIMIT %(param_1)s, %(param_2)s
2026-07-29 09:36:04,901 | INFO | [cached since 3418s ago] {'owner_id_1': 4, 'param_1': 0, 'param_2': 10}
2026-07-29 09:36:04,906 | INFO | GET /notes Status=200 Time=11.05ms
2026-07-29 09:36:04,908 | INFO | ROLLBACK
2026-07-29 09:36:06,892 | INFO | Background indexing completed for Note ID 14
2026-07-29 09:36:06,895 | INFO | ROLLBACK
2026-07-29 09:36:10,791 | INFO | OPTIONS /notes/14 Status=200 Time=0.31ms
2026-07-29 09:36:10,796 | INFO | BEGIN (implicit)
2026-07-29 09:36:10,796 | INFO | SELECT users.id AS users_id, users.name AS users_name, users.email AS users_email, users.password AS users_password, users.created_at AS users_created_at 
FROM users 
WHERE users.email = %(email_1)s 
 LIMIT %(param_1)s
2026-07-29 09:36:10,797 | INFO | [cached since 3468s ago] {'email_1': 'mkevatraj@gmail.com', 'param_1': 1}
2026-07-29 09:36:10,804 | INFO | SELECT notes.id AS notes_id, notes.title AS notes_title, notes.content AS notes_content, notes.tag AS notes_tag, notes.owner_id AS notes_owner_id, notes.created_at AS notes_created_at 
FROM notes 
WHERE notes.id = %(id_1)s AND notes.owner_id = %(owner_id_1)s 
 LIMIT %(param_1)s
2026-07-29 09:36:10,804 | INFO | [cached since 39.59s ago] {'id_1': 14, 'owner_id_1': 4, 'param_1': 1}
2026-07-29 09:36:10,806 | INFO | DELETE FROM notes WHERE notes.id = %(id)s
2026-07-29 09:36:10,807 | INFO | [cached since 39.57s ago] {'id': 14}
2026-07-29 09:36:10,808 | INFO | COMMIT
2026-07-29 09:36:10,821 | INFO | DELETE /notes/14 Status=200 Time=27.15ms
2026-07-29 09:36:10,829 | INFO | BEGIN (implicit)
2026-07-29 09:36:10,832 | INFO | SELECT users.id AS users_id, users.name AS users_name, users.email AS users_email, users.password AS users_password, users.created_at AS users_created_at 
FROM users 
WHERE users.email = %(email_1)s 
 LIMIT %(param_1)s
2026-07-29 09:36:10,832 | INFO | [cached since 3468s ago] {'email_1': 'mkevatraj@gmail.com', 'param_1': 1}
2026-07-29 09:36:10,836 | INFO | SELECT notes.id AS notes_id, notes.title AS notes_title, notes.content AS notes_content, notes.tag AS notes_tag, notes.owner_id AS notes_owner_id, notes.created_at AS notes_created_at 
FROM notes 
WHERE notes.owner_id = %(owner_id_1)s 
 LIMIT %(param_1)s, %(param_2)s
2026-07-29 09:36:10,837 | INFO | [cached since 3424s ago] {'owner_id_1': 4, 'param_1': 0, 'param_2': 10}
2026-07-29 09:36:10,839 | INFO | GET /notes Status=200 Time=13.31ms
2026-07-29 09:36:10,840 | INFO | ROLLBACK
2026-07-29 09:38:48,729 | INFO | BEGIN (implicit)
2026-07-29 09:38:48,770 | INFO | SELECT users.id AS users_id, users.name AS users_name, users.email AS users_email, users.password AS users_password, users.created_at AS users_created_at 
FROM users 
WHERE users.email = %(email_1)s 
 LIMIT %(param_1)s
2026-07-29 09:38:48,788 | INFO | [cached since 3626s ago] {'email_1': 'mkevatraj@gmail.com', 'param_1': 1}
2026-07-29 09:38:48,870 | INFO | SELECT notes.id AS notes_id, notes.title AS notes_title, notes.content AS notes_content, notes.tag AS notes_tag, notes.owner_id AS notes_owner_id, notes.created_at AS notes_created_at 
FROM notes 
WHERE notes.owner_id = %(owner_id_1)s 
 LIMIT %(param_1)s, %(param_2)s
2026-07-29 09:38:48,871 | INFO | [cached since 3582s ago] {'owner_id_1': 4, 'param_1': 0, 'param_2': 10}
2026-07-29 09:38:48,877 | INFO | GET /notes Status=200 Time=246.38ms
2026-07-29 09:38:48,889 | INFO | ROLLBACK
2026-07-29 09:38:49,166 | INFO | BEGIN (implicit)
2026-07-29 09:38:49,168 | INFO | SELECT users.id AS users_id, users.name AS users_name, users.email AS users_email, users.password AS users_password, users.created_at AS users_created_at 
FROM users 
WHERE users.email = %(email_1)s 
 LIMIT %(param_1)s
2026-07-29 09:38:49,182 | INFO | [cached since 3626s ago] {'email_1': 'mkevatraj@gmail.com', 'param_1': 1}
2026-07-29 09:38:49,188 | INFO | SELECT notes.id AS notes_id, notes.title AS notes_title, notes.content AS notes_content, notes.tag AS notes_tag, notes.owner_id AS notes_owner_id, notes.created_at AS notes_created_at 
FROM notes 
WHERE notes.owner_id = %(owner_id_1)s 
 LIMIT %(param_1)s, %(param_2)s
2026-07-29 09:38:49,192 | INFO | [cached since 3583s ago] {'owner_id_1': 4, 'param_1': 0, 'param_2': 10}
2026-07-29 09:38:49,214 | INFO | GET /notes Status=200 Time=65.56ms
2026-07-29 09:38:49,269 | INFO | ROLLBACK
2026-07-29 09:38:50,453 | INFO | BEGIN (implicit)
2026-07-29 09:38:50,476 | INFO | SELECT users.id AS users_id, users.name AS users_name, users.email AS users_email, users.password AS users_password, users.created_at AS users_created_at 
FROM users 
WHERE users.email = %(email_1)s 
 LIMIT %(param_1)s
2026-07-29 09:38:50,517 | INFO | [cached since 3628s ago] {'email_1': 'mkevatraj@gmail.com', 'param_1': 1}
2026-07-29 09:38:50,580 | INFO | SELECT notes.id AS notes_id, notes.title AS notes_title, notes.content AS notes_content, notes.tag AS notes_tag, notes.owner_id AS notes_owner_id, notes.created_at AS notes_created_at 
FROM notes 
WHERE notes.owner_id = %(owner_id_1)s 
 LIMIT %(param_1)s, %(param_2)s
2026-07-29 09:38:50,582 | INFO | [cached since 3584s ago] {'owner_id_1': 4, 'param_1': 0, 'param_2': 10}
2026-07-29 09:38:50,591 | INFO | GET /notes Status=200 Time=327.11ms
2026-07-29 09:38:50,595 | INFO | ROLLBACK
2026-07-29 09:38:53,865 | INFO | BEGIN (implicit)
2026-07-29 09:38:53,868 | INFO | SELECT users.id AS users_id, users.name AS users_name, users.email AS users_email, users.password AS users_password, users.created_at AS users_created_at 
FROM users 
WHERE users.email = %(email_1)s 
 LIMIT %(param_1)s
2026-07-29 09:38:53,874 | INFO | [cached since 3631s ago] {'email_1': 'mkevatraj@gmail.com', 'param_1': 1}
2026-07-29 09:38:53,879 | INFO | SELECT notes.id AS notes_id, notes.title AS notes_title, notes.content AS notes_content, notes.tag AS notes_tag, notes.owner_id AS notes_owner_id, notes.created_at AS notes_created_at 
FROM notes 
WHERE notes.owner_id = %(owner_id_1)s 
 LIMIT %(param_1)s, %(param_2)s
2026-07-29 09:38:53,883 | INFO | [cached since 3587s ago] {'owner_id_1': 4, 'param_1': 0, 'param_2': 10}
2026-07-29 09:38:53,887 | INFO | GET /notes Status=200 Time=39.09ms
2026-07-29 09:38:53,908 | INFO | ROLLBACK
2026-07-29 09:38:54,157 | INFO | BEGIN (implicit)
2026-07-29 09:38:54,163 | INFO | SELECT users.id AS users_id, users.name AS users_name, users.email AS users_email, users.password AS users_password, users.created_at AS users_created_at 
FROM users 
WHERE users.email = %(email_1)s 
 LIMIT %(param_1)s
2026-07-29 09:38:54,164 | INFO | [cached since 3631s ago] {'email_1': 'mkevatraj@gmail.com', 'param_1': 1}
2026-07-29 09:38:54,197 | INFO | SELECT notes.id AS notes_id, notes.title AS notes_title, notes.content AS notes_content, notes.tag AS notes_tag, notes.owner_id AS notes_owner_id, notes.created_at AS notes_created_at 
FROM notes 
WHERE notes.owner_id = %(owner_id_1)s 
 LIMIT %(param_1)s, %(param_2)s
2026-07-29 09:38:54,220 | INFO | [cached since 3588s ago] {'owner_id_1': 4, 'param_1': 0, 'param_2': 10}
2026-07-29 09:38:54,230 | INFO | GET /notes Status=200 Time=98.1ms
2026-07-29 09:38:54,237 | INFO | ROLLBACK
2026-07-29 09:38:54,932 | INFO | BEGIN (implicit)
2026-07-29 09:38:54,946 | INFO | SELECT users.id AS users_id, users.name AS users_name, users.email AS users_email, users.password AS users_password, users.created_at AS users_created_at 
FROM users 
WHERE users.email = %(email_1)s 
 LIMIT %(param_1)s
2026-07-29 09:38:54,961 | INFO | [cached since 3632s ago] {'email_1': 'mkevatraj@gmail.com', 'param_1': 1}
2026-07-29 09:38:54,972 | INFO | SELECT notes.id AS notes_id, notes.title AS notes_title, notes.content AS notes_content, notes.tag AS notes_tag, notes.owner_id AS notes_owner_id, notes.created_at AS notes_created_at 
FROM notes 
WHERE notes.owner_id = %(owner_id_1)s 
 LIMIT %(param_1)s, %(param_2)s
2026-07-29 09:38:54,973 | INFO | [cached since 3589s ago] {'owner_id_1': 4, 'param_1': 0, 'param_2': 10}
2026-07-29 09:38:54,977 | INFO | GET /notes Status=200 Time=142.95ms
2026-07-29 09:38:54,979 | INFO | ROLLBACK
2026-07-29 09:38:55,850 | INFO | BEGIN (implicit)
2026-07-29 09:38:55,854 | INFO | SELECT users.id AS users_id, users.name AS users_name, users.email AS users_email, users.password AS users_password, users.created_at AS users_created_at 
FROM users 
WHERE users.email = %(email_1)s 
 LIMIT %(param_1)s
2026-07-29 09:38:55,862 | INFO | [cached since 3633s ago] {'email_1': 'mkevatraj@gmail.com', 'param_1': 1}
2026-07-29 09:38:55,874 | INFO | SELECT notes.id AS notes_id, notes.title AS notes_title, notes.content AS notes_content, notes.tag AS notes_tag, notes.owner_id AS notes_owner_id, notes.created_at AS notes_created_at 
FROM notes 
WHERE notes.owner_id = %(owner_id_1)s 
 LIMIT %(param_1)s, %(param_2)s
2026-07-29 09:38:55,875 | INFO | [cached since 3589s ago] {'owner_id_1': 4, 'param_1': 0, 'param_2': 10}
2026-07-29 09:38:55,878 | INFO | GET /notes Status=200 Time=192.11ms
2026-07-29 09:38:55,887 | INFO | ROLLBACK
2026-07-29 09:38:56,953 | INFO | BEGIN (implicit)
2026-07-29 09:38:57,053 | INFO | SELECT users.id AS users_id, users.name AS users_name, users.email AS users_email, users.password AS users_password, users.created_at AS users_created_at 
FROM users 
WHERE users.email = %(email_1)s 
 LIMIT %(param_1)s
2026-07-29 09:38:57,071 | INFO | [cached since 3634s ago] {'email_1': 'mkevatraj@gmail.com', 'param_1': 1}
2026-07-29 09:38:57,206 | INFO | SELECT notes.id AS notes_id, notes.title AS notes_title, notes.content AS notes_content, notes.tag AS notes_tag, notes.owner_id AS notes_owner_id, notes.created_at AS notes_created_at 
FROM notes 
WHERE notes.owner_id = %(owner_id_1)s 
 LIMIT %(param_1)s, %(param_2)s
2026-07-29 09:38:57,220 | INFO | [cached since 3591s ago] {'owner_id_1': 4, 'param_1': 0, 'param_2': 10}
2026-07-29 09:38:57,247 | INFO | GET /notes Status=200 Time=320.59ms
2026-07-29 09:38:57,240 | INFO | BEGIN (implicit)
2026-07-29 09:38:57,248 | INFO | ROLLBACK
2026-07-29 09:38:57,286 | INFO | SELECT users.id AS users_id, users.name AS users_name, users.email AS users_email, users.password AS users_password, users.created_at AS users_created_at 
FROM users 
WHERE users.email = %(email_1)s 
 LIMIT %(param_1)s
2026-07-29 09:38:57,293 | INFO | [cached since 3634s ago] {'email_1': 'mkevatraj@gmail.com', 'param_1': 1}
2026-07-29 09:38:57,308 | INFO | SELECT notes.id AS notes_id, notes.title AS notes_title, notes.content AS notes_content, notes.tag AS notes_tag, notes.owner_id AS notes_owner_id, notes.created_at AS notes_created_at 
FROM notes 
WHERE notes.owner_id = %(owner_id_1)s 
 LIMIT %(param_1)s, %(param_2)s
2026-07-29 09:38:57,310 | INFO | [cached since 3591s ago] {'owner_id_1': 4, 'param_1': 0, 'param_2': 10}
2026-07-29 09:38:57,315 | INFO | GET /notes Status=200 Time=157.74ms
2026-07-29 09:38:57,319 | INFO | ROLLBACK
2026-07-29 09:38:57,636 | INFO | BEGIN (implicit)
2026-07-29 09:38:57,643 | INFO | SELECT users.id AS users_id, users.name AS users_name, users.email AS users_email, users.password AS users_password, users.created_at AS users_created_at 
FROM users 
WHERE users.email = %(email_1)s 
 LIMIT %(param_1)s
2026-07-29 09:38:57,647 | INFO | [cached since 3635s ago] {'email_1': 'mkevatraj@gmail.com', 'param_1': 1}
2026-07-29 09:38:57,749 | INFO | SELECT notes.id AS notes_id, notes.title AS notes_title, notes.content AS notes_content, notes.tag AS notes_tag, notes.owner_id AS notes_owner_id, notes.created_at AS notes_created_at 
FROM notes 
WHERE notes.owner_id = %(owner_id_1)s 
 LIMIT %(param_1)s, %(param_2)s
2026-07-29 09:38:57,806 | INFO | [cached since 3591s ago] {'owner_id_1': 4, 'param_1': 0, 'param_2': 10}
2026-07-29 09:38:57,901 | INFO | GET /notes Status=200 Time=289.41ms
2026-07-29 09:38:57,902 | INFO | ROLLBACK
2026-07-29 09:38:58,061 | INFO | BEGIN (implicit)
2026-07-29 09:38:58,072 | INFO | SELECT users.id AS users_id, users.name AS users_name, users.email AS users_email, users.password AS users_password, users.created_at AS users_created_at 
FROM users 
WHERE users.email = %(email_1)s 
 LIMIT %(param_1)s
2026-07-29 09:38:58,076 | INFO | [cached since 3635s ago] {'email_1': 'mkevatraj@gmail.com', 'param_1': 1}
2026-07-29 09:38:58,090 | INFO | SELECT notes.id AS notes_id, notes.title AS notes_title, notes.content AS notes_content, notes.tag AS notes_tag, notes.owner_id AS notes_owner_id, notes.created_at AS notes_created_at 
FROM notes 
WHERE notes.owner_id = %(owner_id_1)s 
 LIMIT %(param_1)s, %(param_2)s
2026-07-29 09:38:58,093 | INFO | [cached since 3592s ago] {'owner_id_1': 4, 'param_1': 0, 'param_2': 10}
2026-07-29 09:38:58,099 | INFO | GET /notes Status=200 Time=66.13ms
2026-07-29 09:38:58,100 | INFO | ROLLBACK
2026-07-29 09:39:45,839 | INFO | GET /notes Status=401 Time=25.74ms
2026-07-29 09:39:46,571 | INFO | GET /notes Status=401 Time=9.45ms
2026-07-29 09:40:53,216 | INFO | GET /notes Status=401 Time=12.51ms
2026-07-29 09:40:53,918 | INFO | GET /notes Status=401 Time=16.08ms
2026-07-29 09:40:54,456 | INFO | GET /notes Status=401 Time=11.04ms
2026-07-29 09:42:53,846 | INFO | GET /notes Status=401 Time=12.32ms
2026-07-29 09:42:54,261 | INFO | GET /notes Status=401 Time=17.08ms
2026-07-29 09:42:55,090 | INFO | GET /notes Status=401 Time=3.72ms
2026-07-29 09:44:34,761 | INFO | GET /notes Status=401 Time=3.69ms
2026-07-29 09:45:00,651 | INFO | OPTIONS /notes Status=200 Time=0.52ms
2026-07-29 09:45:00,700 | INFO | GET /notes Status=401 Time=12.89ms
2026-07-29 09:45:07,049 | INFO | GET /notes Status=401 Time=50.77ms
2026-07-29 09:45:07,230 | INFO | GET /notes Status=401 Time=10.56ms
2026-07-29 09:45:07,627 | INFO | GET /notes Status=401 Time=7.62ms
2026-07-29 09:45:08,005 | INFO | GET /notes Status=401 Time=19.39ms
2026-07-29 09:45:08,419 | INFO | GET /notes Status=401 Time=21.05ms
2026-07-29 09:45:26,433 | INFO | POST /notes Status=401 Time=2.98ms
2026-07-29 09:47:10,475 | INFO | GET /notes Status=401 Time=34.06ms
2026-07-29 09:47:20,268 | INFO | BEGIN (implicit)
2026-07-29 09:47:20,269 | INFO | SELECT users.id AS users_id, users.name AS users_name, users.email AS users_email, users.password AS users_password, users.created_at AS users_created_at 
FROM users 
WHERE users.email = %(email_1)s 
 LIMIT %(param_1)s
2026-07-29 09:47:20,269 | INFO | [cached since 4137s ago] {'email_1': 'mkevatraj@gmail.com', 'param_1': 1}
2026-07-29 09:47:20,581 | INFO | POST /login Status=200 Time=320.53ms
2026-07-29 09:47:20,583 | INFO | ROLLBACK
2026-07-29 09:47:23,287 | INFO | BEGIN (implicit)
2026-07-29 09:47:23,288 | INFO | SELECT users.id AS users_id, users.name AS users_name, users.email AS users_email, users.password AS users_password, users.created_at AS users_created_at 
FROM users 
WHERE users.email = %(email_1)s 
 LIMIT %(param_1)s
2026-07-29 09:47:23,291 | INFO | [cached since 4140s ago] {'email_1': 'mkevatraj@gmail.com', 'param_1': 1}
2026-07-29 09:47:23,311 | INFO | SELECT notes.id AS notes_id, notes.title AS notes_title, notes.content AS notes_content, notes.tag AS notes_tag, notes.owner_id AS notes_owner_id, notes.created_at AS notes_created_at 
FROM notes 
WHERE notes.owner_id = %(owner_id_1)s 
 LIMIT %(param_1)s, %(param_2)s
2026-07-29 09:47:23,312 | INFO | [cached since 4097s ago] {'owner_id_1': 4, 'param_1': 0, 'param_2': 10}
2026-07-29 09:47:23,322 | INFO | GET /notes Status=200 Time=49.23ms
2026-07-29 09:47:23,331 | INFO | ROLLBACK
2026-07-29 09:47:24,967 | INFO | BEGIN (implicit)
2026-07-29 09:47:24,967 | INFO | SELECT users.id AS users_id, users.name AS users_name, users.email AS users_email, users.password AS users_password, users.created_at AS users_created_at 
FROM users 
WHERE users.email = %(email_1)s 
 LIMIT %(param_1)s
2026-07-29 09:47:24,968 | INFO | [cached since 4142s ago] {'email_1': 'mkevatraj@gmail.com', 'param_1': 1}
2026-07-29 09:47:24,971 | INFO | SELECT notes.id AS notes_id, notes.title AS notes_title, notes.content AS notes_content, notes.tag AS notes_tag, notes.owner_id AS notes_owner_id, notes.created_at AS notes_created_at 
FROM notes 
WHERE notes.owner_id = %(owner_id_1)s 
 LIMIT %(param_1)s, %(param_2)s
2026-07-29 09:47:24,971 | INFO | [cached since 4099s ago] {'owner_id_1': 4, 'param_1': 0, 'param_2': 10}
2026-07-29 09:47:24,974 | INFO | GET /notes Status=200 Time=9.62ms
2026-07-29 09:47:24,975 | INFO | ROLLBACK
2026-07-29 09:47:26,302 | INFO | BEGIN (implicit)
2026-07-29 09:47:26,303 | INFO | SELECT users.id AS users_id, users.name AS users_name, users.email AS users_email, users.password AS users_password, users.created_at AS users_created_at 
FROM users 
WHERE users.email = %(email_1)s 
 LIMIT %(param_1)s
2026-07-29 09:47:26,303 | INFO | [cached since 4143s ago] {'email_1': 'mkevatraj@gmail.com', 'param_1': 1}
2026-07-29 09:47:26,306 | INFO | SELECT notes.id AS notes_id, notes.title AS notes_title, notes.content AS notes_content, notes.tag AS notes_tag, notes.owner_id AS notes_owner_id, notes.created_at AS notes_created_at 
FROM notes 
WHERE notes.owner_id = %(owner_id_1)s 
 LIMIT %(param_1)s, %(param_2)s
2026-07-29 09:47:26,306 | INFO | [cached since 4100s ago] {'owner_id_1': 4, 'param_1': 0, 'param_2': 10}
2026-07-29 09:47:26,309 | INFO | GET /notes Status=200 Time=9.18ms
2026-07-29 09:47:26,310 | INFO | ROLLBACK
2026-07-29 09:47:26,966 | INFO | BEGIN (implicit)
2026-07-29 09:47:26,967 | INFO | SELECT users.id AS users_id, users.name AS users_name, users.email AS users_email, users.password AS users_password, users.created_at AS users_created_at 
FROM users 
WHERE users.email = %(email_1)s 
 LIMIT %(param_1)s
2026-07-29 09:47:26,967 | INFO | [cached since 4144s ago] {'email_1': 'mkevatraj@gmail.com', 'param_1': 1}
2026-07-29 09:47:26,970 | INFO | SELECT notes.id AS notes_id, notes.title AS notes_title, notes.content AS notes_content, notes.tag AS notes_tag, notes.owner_id AS notes_owner_id, notes.created_at AS notes_created_at 
FROM notes 
WHERE notes.owner_id = %(owner_id_1)s 
 LIMIT %(param_1)s, %(param_2)s
2026-07-29 09:47:26,970 | INFO | [cached since 4101s ago] {'owner_id_1': 4, 'param_1': 0, 'param_2': 10}
2026-07-29 09:47:26,973 | INFO | GET /notes Status=200 Time=8.99ms
2026-07-29 09:47:26,974 | INFO | ROLLBACK
2026-07-29 09:47:27,165 | INFO | BEGIN (implicit)
2026-07-29 09:47:27,166 | INFO | SELECT users.id AS users_id, users.name AS users_name, users.email AS users_email, users.password AS users_password, users.created_at AS users_created_at 
FROM users 
WHERE users.email = %(email_1)s 
 LIMIT %(param_1)s
2026-07-29 09:47:27,167 | INFO | [cached since 4144s ago] {'email_1': 'mkevatraj@gmail.com', 'param_1': 1}
2026-07-29 09:47:27,169 | INFO | SELECT notes.id AS notes_id, notes.title AS notes_title, notes.content AS notes_content, notes.tag AS notes_tag, notes.owner_id AS notes_owner_id, notes.created_at AS notes_created_at 
FROM notes 
WHERE notes.owner_id = %(owner_id_1)s 
 LIMIT %(param_1)s, %(param_2)s
2026-07-29 09:47:27,170 | INFO | [cached since 4101s ago] {'owner_id_1': 4, 'param_1': 0, 'param_2': 10}
2026-07-29 09:47:27,172 | INFO | GET /notes Status=200 Time=8.99ms
2026-07-29 09:47:27,174 | INFO | ROLLBACK
2026-07-29 09:47:36,335 | INFO | BEGIN (implicit)
2026-07-29 09:47:36,335 | INFO | SELECT users.id AS users_id, users.name AS users_name, users.email AS users_email, users.password AS users_password, users.created_at AS users_created_at 
FROM users 
WHERE users.email = %(email_1)s 
 LIMIT %(param_1)s
2026-07-29 09:47:36,336 | INFO | [cached since 4153s ago] {'email_1': 'mkevatraj@gmail.com', 'param_1': 1}
2026-07-29 09:47:36,339 | INFO | SELECT notes.id AS notes_id, notes.title AS notes_title, notes.content AS notes_content, notes.tag AS notes_tag, notes.owner_id AS notes_owner_id, notes.created_at AS notes_created_at 
FROM notes 
WHERE notes.owner_id = %(owner_id_1)s 
 LIMIT %(param_1)s, %(param_2)s
2026-07-29 09:47:36,339 | INFO | [cached since 4110s ago] {'owner_id_1': 4, 'param_1': 0, 'param_2': 10}
2026-07-29 09:47:36,342 | INFO | GET /notes Status=200 Time=9.25ms
2026-07-29 09:47:36,343 | INFO | ROLLBACK
2026-07-29 09:49:01,783 | INFO | BEGIN (implicit)
2026-07-29 09:49:01,784 | INFO | SELECT users.id AS users_id, users.name AS users_name, users.email AS users_email, users.password AS users_password, users.created_at AS users_created_at 
FROM users 
WHERE users.email = %(email_1)s 
 LIMIT %(param_1)s
2026-07-29 09:49:01,784 | INFO | [cached since 4239s ago] {'email_1': 'mkevatraj@gmail.com', 'param_1': 1}
2026-07-29 09:49:01,787 | INFO | SELECT notes.id AS notes_id, notes.title AS notes_title, notes.content AS notes_content, notes.tag AS notes_tag, notes.owner_id AS notes_owner_id, notes.created_at AS notes_created_at 
FROM notes 
WHERE notes.owner_id = %(owner_id_1)s 
 LIMIT %(param_1)s, %(param_2)s
2026-07-29 09:49:01,788 | INFO | [cached since 4195s ago] {'owner_id_1': 4, 'param_1': 0, 'param_2': 10}
2026-07-29 09:49:01,791 | INFO | GET /notes Status=200 Time=10.05ms
2026-07-29 09:49:01,792 | INFO | ROLLBACK
2026-07-29 09:49:11,638 | INFO | OPTIONS /notes/11 Status=200 Time=0.35ms
2026-07-29 09:49:11,644 | INFO | BEGIN (implicit)
2026-07-29 09:49:11,645 | INFO | SELECT users.id AS users_id, users.name AS users_name, users.email AS users_email, users.password AS users_password, users.created_at AS users_created_at 
FROM users 
WHERE users.email = %(email_1)s 
 LIMIT %(param_1)s
2026-07-29 09:49:11,645 | INFO | [cached since 4249s ago] {'email_1': 'mkevatraj@gmail.com', 'param_1': 1}
2026-07-29 09:49:11,648 | INFO | SELECT notes.id AS notes_id, notes.title AS notes_title, notes.content AS notes_content, notes.tag AS notes_tag, notes.owner_id AS notes_owner_id, notes.created_at AS notes_created_at 
FROM notes 
WHERE notes.id = %(id_1)s AND notes.owner_id = %(owner_id_1)s 
 LIMIT %(param_1)s
2026-07-29 09:49:11,649 | INFO | [cached since 820.4s ago] {'id_1': 11, 'owner_id_1': 4, 'param_1': 1}
2026-07-29 09:49:11,653 | INFO | UPDATE notes SET content=%(content)s WHERE notes.id = %(notes_id)s
2026-07-29 09:49:11,653 | INFO | [generated in 0.00048s] {'content': 'Python is AI language and Femus', 'notes_id': 11}
2026-07-29 09:49:11,661 | INFO | COMMIT
2026-07-29 09:49:11,674 | INFO | BEGIN (implicit)
2026-07-29 09:49:11,675 | INFO | SELECT notes.id, notes.title, notes.content, notes.tag, notes.owner_id, notes.created_at 
FROM notes 
WHERE notes.id = %(pk_1)s
2026-07-29 09:49:11,676 | INFO | [cached since 794.7s ago] {'pk_1': 11}
2026-07-29 09:49:11,678 | INFO | PUT /notes/11 Status=200 Time=37.8ms
2026-07-29 09:49:11,680 | INFO | ROLLBACK
2026-07-29 09:49:11,688 | INFO | BEGIN (implicit)
2026-07-29 09:49:11,689 | INFO | SELECT users.id AS users_id, users.name AS users_name, users.email AS users_email, users.password AS users_password, users.created_at AS users_created_at 
FROM users 
WHERE users.email = %(email_1)s 
 LIMIT %(param_1)s
2026-07-29 09:49:11,690 | INFO | [cached since 4249s ago] {'email_1': 'mkevatraj@gmail.com', 'param_1': 1}
2026-07-29 09:49:11,694 | INFO | SELECT notes.id AS notes_id, notes.title AS notes_title, notes.content AS notes_content, notes.tag AS notes_tag, notes.owner_id AS notes_owner_id, notes.created_at AS notes_created_at 
FROM notes 
WHERE notes.owner_id = %(owner_id_1)s 
 LIMIT %(param_1)s, %(param_2)s
2026-07-29 09:49:11,695 | INFO | [cached since 4205s ago] {'owner_id_1': 4, 'param_1': 0, 'param_2': 10}
2026-07-29 09:49:11,698 | INFO | GET /notes Status=200 Time=11.8ms
2026-07-29 09:49:11,700 | INFO | ROLLBACK
2026-07-29 09:49:11,706 | INFO | BEGIN (implicit)
2026-07-29 09:49:11,707 | INFO | SELECT users.id AS users_id, users.name AS users_name, users.email AS users_email, users.password AS users_password, users.created_at AS users_created_at 
FROM users 
WHERE users.email = %(email_1)s 
 LIMIT %(param_1)s
2026-07-29 09:49:11,707 | INFO | [cached since 4249s ago] {'email_1': 'mkevatraj@gmail.com', 'param_1': 1}
2026-07-29 09:49:11,710 | INFO | SELECT notes.id AS notes_id, notes.title AS notes_title, notes.content AS notes_content, notes.tag AS notes_tag, notes.owner_id AS notes_owner_id, notes.created_at AS notes_created_at 
FROM notes 
WHERE notes.owner_id = %(owner_id_1)s 
 LIMIT %(param_1)s, %(param_2)s
2026-07-29 09:49:11,710 | INFO | [cached since 4205s ago] {'owner_id_1': 4, 'param_1': 0, 'param_2': 10}
2026-07-29 09:49:11,713 | INFO | GET /notes Status=200 Time=9.54ms
2026-07-29 09:49:11,716 | INFO | ROLLBACK
2026-07-29 09:53:12,110 | INFO | BEGIN (implicit)
2026-07-29 09:53:12,117 | INFO | SELECT users.id AS users_id, users.name AS users_name, users.email AS users_email, users.password AS users_password, users.created_at AS users_created_at 
FROM users 
WHERE users.email = %(email_1)s 
 LIMIT %(param_1)s
2026-07-29 09:53:12,122 | INFO | [cached since 4489s ago] {'email_1': 'mkevatraj@gmail.com', 'param_1': 1}
2026-07-29 09:53:12,144 | INFO | SELECT notes.id AS notes_id, notes.title AS notes_title, notes.content AS notes_content, notes.tag AS notes_tag, notes.owner_id AS notes_owner_id, notes.created_at AS notes_created_at 
FROM notes 
WHERE notes.owner_id = %(owner_id_1)s 
 LIMIT %(param_1)s, %(param_2)s
2026-07-29 09:53:12,146 | INFO | [cached since 4446s ago] {'owner_id_1': 4, 'param_1': 0, 'param_2': 10}
2026-07-29 09:53:12,153 | INFO | GET /notes Status=200 Time=75.55ms
2026-07-29 09:53:12,159 | INFO | ROLLBACK
2026-07-29 10:03:25,590 | INFO | SELECT DATABASE()
2026-07-29 10:03:25,591 | INFO | [raw sql] {}
2026-07-29 10:03:25,594 | INFO | SELECT @@sql_mode
2026-07-29 10:03:25,594 | INFO | [raw sql] {}
2026-07-29 10:03:25,597 | INFO | SELECT @@lower_case_table_names
2026-07-29 10:03:25,598 | INFO | [raw sql] {}
2026-07-29 10:03:25,602 | INFO | BEGIN (implicit)
2026-07-29 10:03:25,603 | INFO | DESCRIBE `zomato_notes`.`users`
2026-07-29 10:03:25,604 | INFO | [raw sql] {}
2026-07-29 10:03:25,663 | INFO | DESCRIBE `zomato_notes`.`notes`
2026-07-29 10:03:25,663 | INFO | [raw sql] {}
2026-07-29 10:03:25,677 | INFO | COMMIT
2026-07-29 10:03:26,558 | INFO | OPTIONS /notes Status=200 Time=0.89ms
2026-07-29 10:03:26,725 | INFO | BEGIN (implicit)
2026-07-29 10:03:26,760 | INFO | SELECT users.id AS users_id, users.name AS users_name, users.email AS users_email, users.password AS users_password, users.created_at AS users_created_at 
FROM users 
WHERE users.email = %(email_1)s 
 LIMIT %(param_1)s
2026-07-29 10:03:26,772 | INFO | [generated in 0.01217s] {'email_1': 'mkevatraj@gmail.com', 'param_1': 1}
2026-07-29 10:03:26,787 | INFO | SELECT notes.id AS notes_id, notes.title AS notes_title, notes.content AS notes_content, notes.tag AS notes_tag, notes.owner_id AS notes_owner_id, notes.created_at AS notes_created_at 
FROM notes 
WHERE notes.owner_id = %(owner_id_1)s 
 LIMIT %(param_1)s, %(param_2)s
2026-07-29 10:03:26,805 | INFO | [generated in 0.01783s] {'owner_id_1': 4, 'param_1': 0, 'param_2': 10}
2026-07-29 10:03:26,813 | INFO | GET /notes Status=200 Time=201.07ms
2026-07-29 10:03:26,825 | INFO | ROLLBACK
2026-07-29 10:03:39,059 | INFO | GET /docs Status=200 Time=1.05ms
2026-07-29 10:03:39,685 | INFO | GET /openapi.json Status=200 Time=153.4ms
2026-07-29 10:05:05,705 | INFO | BEGIN (implicit)
2026-07-29 10:05:05,707 | INFO | SELECT users.id AS users_id, users.name AS users_name, users.email AS users_email, users.password AS users_password, users.created_at AS users_created_at 
FROM users 
WHERE users.email = %(email_1)s 
 LIMIT %(param_1)s
2026-07-29 10:05:05,707 | INFO | [cached since 98.95s ago] {'email_1': 'mkevatraj@gmail.com', 'param_1': 1}
2026-07-29 10:05:05,712 | INFO | SELECT notes.id AS notes_id, notes.title AS notes_title, notes.content AS notes_content, notes.tag AS notes_tag, notes.owner_id AS notes_owner_id, notes.created_at AS notes_created_at 
FROM notes 
WHERE notes.owner_id = %(owner_id_1)s 
 LIMIT %(param_1)s, %(param_2)s
2026-07-29 10:05:05,712 | INFO | [cached since 98.93s ago] {'owner_id_1': 4, 'param_1': 0, 'param_2': 10}
2026-07-29 10:05:05,716 | INFO | GET /notes Status=200 Time=21.33ms
2026-07-29 10:05:05,719 | INFO | ROLLBACK
2026-07-29 10:05:06,180 | INFO | BEGIN (implicit)
2026-07-29 10:05:06,212 | INFO | SELECT users.id AS users_id, users.name AS users_name, users.email AS users_email, users.password AS users_password, users.created_at AS users_created_at 
FROM users 
WHERE users.email = %(email_1)s 
 LIMIT %(param_1)s
2026-07-29 10:05:06,219 | INFO | [cached since 99.46s ago] {'email_1': 'mkevatraj@gmail.com', 'param_1': 1}
2026-07-29 10:05:06,296 | INFO | SELECT notes.id AS notes_id, notes.title AS notes_title, notes.content AS notes_content, notes.tag AS notes_tag, notes.owner_id AS notes_owner_id, notes.created_at AS notes_created_at 
FROM notes 
WHERE notes.owner_id = %(owner_id_1)s 
 LIMIT %(param_1)s, %(param_2)s
2026-07-29 10:05:06,306 | INFO | [cached since 99.52s ago] {'owner_id_1': 4, 'param_1': 0, 'param_2': 10}
2026-07-29 10:05:06,310 | INFO | GET /notes Status=200 Time=156.97ms
2026-07-29 10:05:06,361 | INFO | ROLLBACK
2026-07-29 10:05:39,746 | INFO | SELECT DATABASE()
2026-07-29 10:05:39,747 | INFO | [raw sql] {}
2026-07-29 10:05:39,749 | INFO | SELECT @@sql_mode
2026-07-29 10:05:39,749 | INFO | [raw sql] {}
2026-07-29 10:05:39,750 | INFO | SELECT @@lower_case_table_names
2026-07-29 10:05:39,750 | INFO | [raw sql] {}
2026-07-29 10:05:39,752 | INFO | BEGIN (implicit)
2026-07-29 10:05:39,753 | INFO | DESCRIBE `zomato_notes`.`users`
2026-07-29 10:05:39,753 | INFO | [raw sql] {}
2026-07-29 10:05:39,766 | INFO | DESCRIBE `zomato_notes`.`notes`
2026-07-29 10:05:39,767 | INFO | [raw sql] {}
2026-07-29 10:05:39,770 | INFO | COMMIT
2026-07-29 10:05:39,868 | INFO | GET /docs Status=200 Time=3.23ms
2026-07-29 10:05:39,947 | INFO | BEGIN (implicit)
2026-07-29 10:05:39,952 | INFO | SELECT users.id AS users_id, users.name AS users_name, users.email AS users_email, users.password AS users_password, users.created_at AS users_created_at 
FROM users 
WHERE users.email = %(email_1)s 
 LIMIT %(param_1)s
2026-07-29 10:05:39,967 | INFO | [generated in 0.01580s] {'email_1': 'mkevatraj@gmail.com', 'param_1': 1}
2026-07-29 10:05:40,005 | INFO | SELECT notes.id AS notes_id, notes.title AS notes_title, notes.content AS notes_content, notes.tag AS notes_tag, notes.owner_id AS notes_owner_id, notes.created_at AS notes_created_at 
FROM notes 
WHERE notes.owner_id = %(owner_id_1)s 
 LIMIT %(param_1)s, %(param_2)s
2026-07-29 10:05:40,005 | INFO | [generated in 0.00047s] {'owner_id_1': 4, 'param_1': 0, 'param_2': 10}
2026-07-29 10:05:40,014 | INFO | GET /notes Status=200 Time=149.47ms
2026-07-29 10:05:40,044 | INFO | BEGIN (implicit)
2026-07-29 10:05:40,052 | INFO | SELECT users.id AS users_id, users.name AS users_name, users.email AS users_email, users.password AS users_password, users.created_at AS users_created_at 
FROM users 
WHERE users.email = %(email_1)s 
 LIMIT %(param_1)s
2026-07-29 10:05:40,075 | INFO | [cached since 0.123s ago] {'email_1': 'mkevatraj@gmail.com', 'param_1': 1}
2026-07-29 10:05:40,247 | INFO | GET /openapi.json Status=200 Time=230.87ms
2026-07-29 10:05:40,245 | INFO | ROLLBACK
2026-07-29 10:05:40,253 | INFO | SELECT notes.id AS notes_id, notes.title AS notes_title, notes.content AS notes_content, notes.tag AS notes_tag, notes.owner_id AS notes_owner_id, notes.created_at AS notes_created_at 
FROM notes 
WHERE notes.owner_id = %(owner_id_1)s 
 LIMIT %(param_1)s, %(param_2)s
2026-07-29 10:05:40,271 | INFO | [cached since 0.2665s ago] {'owner_id_1': 4, 'param_1': 0, 'param_2': 10}
2026-07-29 10:05:40,295 | INFO | GET /notes Status=200 Time=430.89ms
2026-07-29 10:05:40,304 | INFO | ROLLBACK
2026-07-29 10:07:06,250 | INFO | BEGIN (implicit)
2026-07-29 10:07:06,251 | INFO | SELECT users.id AS users_id, users.name AS users_name, users.email AS users_email, users.password AS users_password, users.created_at AS users_created_at 
FROM users 
WHERE users.email = %(email_1)s 
 LIMIT %(param_1)s
2026-07-29 10:07:06,273 | INFO | [cached since 86.32s ago] {'email_1': 'mkevatraj@gmail.com', 'param_1': 1}
2026-07-29 10:07:06,292 | INFO | SELECT notes.id AS notes_id, notes.title AS notes_title, notes.content AS notes_content, notes.tag AS notes_tag, notes.owner_id AS notes_owner_id, notes.created_at AS notes_created_at 
FROM notes 
WHERE notes.owner_id = %(owner_id_1)s 
 LIMIT %(param_1)s, %(param_2)s
2026-07-29 10:07:06,300 | INFO | [cached since 86.3s ago] {'owner_id_1': 4, 'param_1': 0, 'param_2': 10}
2026-07-29 10:07:06,304 | INFO | GET /notes Status=200 Time=87.87ms
2026-07-29 10:07:06,325 | INFO | ROLLBACK
2026-07-29 10:07:07,002 | INFO | BEGIN (implicit)
2026-07-29 10:07:07,004 | INFO | SELECT users.id AS users_id, users.name AS users_name, users.email AS users_email, users.password AS users_password, users.created_at AS users_created_at 
FROM users 
WHERE users.email = %(email_1)s 
 LIMIT %(param_1)s
2026-07-29 10:07:07,004 | INFO | [cached since 87.05s ago] {'email_1': 'mkevatraj@gmail.com', 'param_1': 1}
2026-07-29 10:07:07,012 | INFO | SELECT notes.id AS notes_id, notes.title AS notes_title, notes.content AS notes_content, notes.tag AS notes_tag, notes.owner_id AS notes_owner_id, notes.created_at AS notes_created_at 
FROM notes 
WHERE notes.owner_id = %(owner_id_1)s 
 LIMIT %(param_1)s, %(param_2)s
2026-07-29 10:07:07,014 | INFO | [cached since 87.01s ago] {'owner_id_1': 4, 'param_1': 0, 'param_2': 10}
2026-07-29 10:07:07,017 | INFO | GET /notes Status=200 Time=36.35ms
2026-07-29 10:07:07,020 | INFO | ROLLBACK
2026-07-29 10:07:39,247 | INFO | SELECT DATABASE()
2026-07-29 10:07:39,247 | INFO | [raw sql] {}
2026-07-29 10:07:39,249 | INFO | SELECT @@sql_mode
2026-07-29 10:07:39,249 | INFO | [raw sql] {}
2026-07-29 10:07:39,251 | INFO | SELECT @@lower_case_table_names
2026-07-29 10:07:39,251 | INFO | [raw sql] {}
2026-07-29 10:07:39,253 | INFO | BEGIN (implicit)
2026-07-29 10:07:39,253 | INFO | DESCRIBE `zomato_notes`.`users`
2026-07-29 10:07:39,254 | INFO | [raw sql] {}
2026-07-29 10:07:39,267 | INFO | DESCRIBE `zomato_notes`.`notes`
2026-07-29 10:07:39,268 | INFO | [raw sql] {}
2026-07-29 10:07:39,271 | INFO | COMMIT
2026-07-29 10:08:11,161 | INFO | SELECT DATABASE()
2026-07-29 10:08:11,161 | INFO | [raw sql] {}
2026-07-29 10:08:11,163 | INFO | SELECT @@sql_mode
2026-07-29 10:08:11,163 | INFO | [raw sql] {}
2026-07-29 10:08:11,164 | INFO | SELECT @@lower_case_table_names
2026-07-29 10:08:11,164 | INFO | [raw sql] {}
2026-07-29 10:08:11,166 | INFO | BEGIN (implicit)
2026-07-29 10:08:11,167 | INFO | DESCRIBE `zomato_notes`.`users`
2026-07-29 10:08:11,167 | INFO | [raw sql] {}
2026-07-29 10:08:11,178 | INFO | DESCRIBE `zomato_notes`.`notes`
2026-07-29 10:08:11,179 | INFO | [raw sql] {}
2026-07-29 10:08:11,182 | INFO | COMMIT
2026-07-29 10:08:42,378 | INFO | SELECT DATABASE()
2026-07-29 10:08:42,379 | INFO | [raw sql] {}
2026-07-29 10:08:42,381 | INFO | SELECT @@sql_mode
2026-07-29 10:08:42,381 | INFO | [raw sql] {}
2026-07-29 10:08:42,383 | INFO | SELECT @@lower_case_table_names
2026-07-29 10:08:42,383 | INFO | [raw sql] {}
2026-07-29 10:08:42,385 | INFO | BEGIN (implicit)
2026-07-29 10:08:42,387 | INFO | DESCRIBE `zomato_notes`.`users`
2026-07-29 10:08:42,387 | INFO | [raw sql] {}
2026-07-29 10:08:42,394 | INFO | DESCRIBE `zomato_notes`.`notes`
2026-07-29 10:08:42,400 | INFO | [raw sql] {}
2026-07-29 10:08:42,405 | INFO | COMMIT
2026-07-29 10:09:10,897 | INFO | SELECT DATABASE()
2026-07-29 10:09:10,898 | INFO | [raw sql] {}
2026-07-29 10:09:10,899 | INFO | SELECT @@sql_mode
2026-07-29 10:09:10,900 | INFO | [raw sql] {}
2026-07-29 10:09:10,900 | INFO | SELECT @@lower_case_table_names
2026-07-29 10:09:10,901 | INFO | [raw sql] {}
2026-07-29 10:09:10,902 | INFO | BEGIN (implicit)
2026-07-29 10:09:10,903 | INFO | DESCRIBE `zomato_notes`.`users`
2026-07-29 10:09:10,903 | INFO | [raw sql] {}
2026-07-29 10:09:10,912 | INFO | DESCRIBE `zomato_notes`.`notes`
2026-07-29 10:09:10,912 | INFO | [raw sql] {}
2026-07-29 10:09:10,914 | INFO | COMMIT
2026-07-29 10:09:11,013 | INFO | GET /docs Status=200 Time=6.02ms
2026-07-29 10:09:11,103 | INFO | BEGIN (implicit)
2026-07-29 10:09:11,604 | INFO | SELECT users.id AS users_id, users.name AS users_name, users.email AS users_email, users.password AS users_password, users.created_at AS users_created_at 
FROM users 
WHERE users.email = %(email_1)s 
 LIMIT %(param_1)s
2026-07-29 10:09:11,639 | INFO | BEGIN (implicit)
2026-07-29 10:09:11,642 | INFO | SELECT users.id AS users_id, users.name AS users_name, users.email AS users_email, users.password AS users_password, users.created_at AS users_created_at 
FROM users 
WHERE users.email = %(email_1)s 
 LIMIT %(param_1)s
2026-07-29 10:09:11,640 | INFO | [generated in 0.03639s] {'email_1': 'mkevatraj@gmail.com', 'param_1': 1}
2026-07-29 10:09:11,643 | INFO | [cached since 0.03937s ago] {'email_1': 'mkevatraj@gmail.com', 'param_1': 1}
2026-07-29 10:09:11,644 | INFO | BEGIN (implicit)
2026-07-29 10:09:11,655 | INFO | BEGIN (implicit)
2026-07-29 10:09:11,659 | INFO | BEGIN (implicit)
2026-07-29 10:09:11,660 | INFO | BEGIN (implicit)
2026-07-29 10:09:11,662 | INFO | SELECT users.id AS users_id, users.name AS users_name, users.email AS users_email, users.password AS users_password, users.created_at AS users_created_at 
FROM users 
WHERE users.email = %(email_1)s 
 LIMIT %(param_1)s
2026-07-29 10:09:11,663 | INFO | SELECT users.id AS users_id, users.name AS users_name, users.email AS users_email, users.password AS users_password, users.created_at AS users_created_at 
FROM users 
WHERE users.email = %(email_1)s 
 LIMIT %(param_1)s
2026-07-29 10:09:11,664 | INFO | SELECT users.id AS users_id, users.name AS users_name, users.email AS users_email, users.password AS users_password, users.created_at AS users_created_at 
FROM users 
WHERE users.email = %(email_1)s 
 LIMIT %(param_1)s
2026-07-29 10:09:11,776 | INFO | GET /openapi.json Status=200 Time=523.22ms
2026-07-29 10:09:11,665 | INFO | BEGIN (implicit)
2026-07-29 10:09:11,678 | INFO | SELECT users.id AS users_id, users.name AS users_name, users.email AS users_email, users.password AS users_password, users.created_at AS users_created_at 
FROM users 
WHERE users.email = %(email_1)s 
 LIMIT %(param_1)s
2026-07-29 10:09:11,679 | INFO | [cached since 0.07563s ago] {'email_1': 'mkevatraj@gmail.com', 'param_1': 1}
2026-07-29 10:09:11,691 | INFO | BEGIN (implicit)
2026-07-29 10:09:11,691 | INFO | [cached since 0.08749s ago] {'email_1': 'mkevatraj@gmail.com', 'param_1': 1}
2026-07-29 10:09:11,773 | INFO | [cached since 0.1689s ago] {'email_1': 'mkevatraj@gmail.com', 'param_1': 1}
2026-07-29 10:09:11,777 | INFO | SELECT users.id AS users_id, users.name AS users_name, users.email AS users_email, users.password AS users_password, users.created_at AS users_created_at 
FROM users 
WHERE users.email = %(email_1)s 
 LIMIT %(param_1)s
2026-07-29 10:09:11,778 | INFO | [cached since 0.1748s ago] {'email_1': 'mkevatraj@gmail.com', 'param_1': 1}
2026-07-29 10:09:11,783 | INFO | SELECT notes.id AS notes_id, notes.title AS notes_title, notes.content AS notes_content, notes.tag AS notes_tag, notes.owner_id AS notes_owner_id, notes.created_at AS notes_created_at 
FROM notes 
WHERE notes.owner_id = %(owner_id_1)s 
 LIMIT %(param_1)s, %(param_2)s
2026-07-29 10:09:11,784 | INFO | SELECT notes.id AS notes_id, notes.title AS notes_title, notes.content AS notes_content, notes.tag AS notes_tag, notes.owner_id AS notes_owner_id, notes.created_at AS notes_created_at 
FROM notes 
WHERE notes.owner_id = %(owner_id_1)s 
 LIMIT %(param_1)s, %(param_2)s
2026-07-29 10:09:11,785 | INFO | SELECT users.id AS users_id, users.name AS users_name, users.email AS users_email, users.password AS users_password, users.created_at AS users_created_at 
FROM users 
WHERE users.email = %(email_1)s 
 LIMIT %(param_1)s
2026-07-29 10:09:11,796 | INFO | SELECT notes.id AS notes_id, notes.title AS notes_title, notes.content AS notes_content, notes.tag AS notes_tag, notes.owner_id AS notes_owner_id, notes.created_at AS notes_created_at 
FROM notes 
WHERE notes.owner_id = %(owner_id_1)s 
 LIMIT %(param_1)s, %(param_2)s
2026-07-29 10:09:11,798 | INFO | SELECT notes.id AS notes_id, notes.title AS notes_title, notes.content AS notes_content, notes.tag AS notes_tag, notes.owner_id AS notes_owner_id, notes.created_at AS notes_created_at 
FROM notes 
WHERE notes.owner_id = %(owner_id_1)s 
 LIMIT %(param_1)s, %(param_2)s
2026-07-29 10:09:11,798 | INFO | [cached since 0.1942s ago] {'email_1': 'mkevatraj@gmail.com', 'param_1': 1}
2026-07-29 10:09:11,802 | INFO | SELECT notes.id AS notes_id, notes.title AS notes_title, notes.content AS notes_content, notes.tag AS notes_tag, notes.owner_id AS notes_owner_id, notes.created_at AS notes_created_at 
FROM notes 
WHERE notes.owner_id = %(owner_id_1)s 
 LIMIT %(param_1)s, %(param_2)s
2026-07-29 10:09:11,804 | INFO | [generated in 0.02117s] {'owner_id_1': 4, 'param_1': 0, 'param_2': 10}
2026-07-29 10:09:11,806 | INFO | SELECT notes.id AS notes_id, notes.title AS notes_title, notes.content AS notes_content, notes.tag AS notes_tag, notes.owner_id AS notes_owner_id, notes.created_at AS notes_created_at 
FROM notes 
WHERE notes.owner_id = %(owner_id_1)s 
 LIMIT %(param_1)s, %(param_2)s
2026-07-29 10:09:11,807 | INFO | [cached since 0.02391s ago] {'owner_id_1': 4, 'param_1': 0, 'param_2': 10}
2026-07-29 10:09:11,808 | INFO | [cached since 0.2038s ago] {'email_1': 'mkevatraj@gmail.com', 'param_1': 1}
2026-07-29 10:09:11,808 | INFO | [cached since 0.02487s ago] {'owner_id_1': 4, 'param_1': 0, 'param_2': 10}
2026-07-29 10:09:11,808 | INFO | [cached since 0.02517s ago] {'owner_id_1': 4, 'param_1': 0, 'param_2': 10}
2026-07-29 10:09:11,824 | INFO | GET /notes Status=200 Time=816.68ms
2026-07-29 10:09:11,814 | INFO | [cached since 0.03117s ago] {'owner_id_1': 4, 'param_1': 0, 'param_2': 10}
2026-07-29 10:09:11,829 | INFO | GET /notes Status=200 Time=821.67ms
2026-07-29 10:09:11,816 | INFO | SELECT notes.id AS notes_id, notes.title AS notes_title, notes.content AS notes_content, notes.tag AS notes_tag, notes.owner_id AS notes_owner_id, notes.created_at AS notes_created_at 
FROM notes 
WHERE notes.owner_id = %(owner_id_1)s 
 LIMIT %(param_1)s, %(param_2)s
2026-07-29 10:09:11,817 | INFO | [cached since 0.0338s ago] {'owner_id_1': 4, 'param_1': 0, 'param_2': 10}
2026-07-29 10:09:11,827 | INFO | ROLLBACK
2026-07-29 10:09:11,832 | INFO | [cached since 0.04858s ago] {'owner_id_1': 4, 'param_1': 0, 'param_2': 10}
2026-07-29 10:09:11,835 | INFO | ROLLBACK
2026-07-29 10:09:11,844 | INFO | GET /notes Status=200 Time=836.68ms
2026-07-29 10:09:11,846 | INFO | GET /notes Status=200 Time=838.36ms
2026-07-29 10:09:11,848 | INFO | GET /notes Status=200 Time=841.63ms
2026-07-29 10:09:11,849 | INFO | ROLLBACK
2026-07-29 10:09:11,851 | INFO | GET /notes Status=200 Time=843.45ms
2026-07-29 10:09:11,853 | INFO | GET /notes Status=200 Time=844.87ms
2026-07-29 10:09:11,850 | INFO | SELECT notes.id AS notes_id, notes.title AS notes_title, notes.content AS notes_content, notes.tag AS notes_tag, notes.owner_id AS notes_owner_id, notes.created_at AS notes_created_at 
FROM notes 
WHERE notes.owner_id = %(owner_id_1)s 
 LIMIT %(param_1)s, %(param_2)s
2026-07-29 10:09:11,851 | INFO | ROLLBACK
2026-07-29 10:09:11,854 | INFO | ROLLBACK
2026-07-29 10:09:11,854 | INFO | ROLLBACK
2026-07-29 10:09:11,855 | INFO | [cached since 0.07155s ago] {'owner_id_1': 4, 'param_1': 0, 'param_2': 10}
2026-07-29 10:09:11,869 | INFO | GET /notes Status=200 Time=861.3ms
2026-07-29 10:09:11,855 | INFO | ROLLBACK
2026-07-29 10:09:11,871 | INFO | ROLLBACK
